electrode,source_voltage_v,pf_current_a,multiplied_current_a,terminal_current_a,multiplication,physical_contact_drop_v,bulk_voltage_v,ionization_drive_voltage_v
Hf,0.0,0.0,0.0,0.0,1.0,0.0,0.0,0.0
Hf,0.0025,3.750166456120152e-09,3.750166456120152e-09,3.750166456120152e-09,1.0,0.00014858136515962187,0.0023514186348403783,0.0023514186348403783
Hf,0.005,7.528187144904255e-09,7.528187144904255e-09,7.528187144904255e-09,1.0,0.00029900116156050593,0.004700998838439494,0.004700998838439494
Hf,0.0075,1.1334218417910933e-08,1.1334218417910933e-08,1.1334218417910933e-08,1.0,0.0004512743272263624,0.007048725672773638,0.007048725672773638
Hf,0.01,1.5168416741207322e-08,1.5168416741207322e-08,1.5168416741207322e-08,1.0,0.0006054157932780603,0.009394584206721941,0.009394584206721941
Hf,0.0125,1.9030938684599947e-08,1.9030938684599947e-08,1.9030938684599947e-08,1.0,0.0007614404815454592,0.01173855951845454,0.01173855951845454
Hf,0.015,2.2921940910782125e-08,2.2921940910782125e-08,2.2921940910782125e-08,1.0,0.0009193633021598755,0.014080636697840123,0.014080636697840123
Hf,0.0175,2.6841580164399392e-08,2.6841580164399392e-08,2.6841580164399392e-08,1.0,0.0010791991511279518,0.01642080084887205,0.01642080084887205
Hf,0.02,3.079001326103432e-08,3.079001326103432e-08,3.079001326103432e-08,1.0,0.0012409629078877138,0.01875903709211229,0.01875903709211229
Hf,0.0225,3.476739707611221e-08,3.476739707611221e-08,3.476739707611221e-08,1.0,0.0014046694328476157,0.021095330567152383,0.021095330567152383
Hf,0.025,3.8773888533729076e-08,3.8773888533729076e-08,3.8773888533729076e-08,1.0,0.0015703335649094093,0.02342966643509059,0.02342966643509059
Hf,0.0275,4.280964459540327e-08,4.280964459540327e-08,4.280964459540327e-08,1.0,0.0017379701189756587,0.025762029881024343,0.025762029881024343
Hf,0.03,4.687482224875235e-08,4.687482224875235e-08,4.687482224875235e-08,1.0,0.0019075938834427844,0.028092406116557216,0.028092406116557216
Hf,0.0325,5.096957849609643e-08,5.096957849609643e-08,5.096957849609643e-08,1.0,0.0020792196176804977,0.030420780382319504,0.030420780382319504
Hf,0.035,5.509407034298947e-08,5.509407034298947e-08,5.509407034298947e-08,1.0,0.0022528620494985272,0.03274713795050148,0.03274713795050148
Hf,0.0375,5.92484547866799e-08,5.92484547866799e-08,5.92484547866799e-08,1.0,0.002428535872601545,0.03507146412739845,0.03507146412739845
Hf,0.04,6.343288880450207e-08,6.343288880450207e-08,6.343288880450207e-08,1.0,0.0026062557440332374,0.03739374425596676,0.03739374425596676
Hf,0.0425,6.76475293421996e-08,6.76475293421996e-08,6.76475293421996e-08,1.0,0.0027860362816104307,0.03971396371838957,0.03971396371838957
Hf,0.045,7.189253330218225e-08,7.189253330218225e-08,7.189253330218225e-08,1.0,0.002967892061348276,0.042032107938651725,0.042032107938651725
Hf,0.0475,7.61680575317175e-08,7.61680575317175e-08,7.61680575317175e-08,1.0,0.0031518376148774317,0.04434816238512257,0.04434816238512257
Hf,0.05,8.047426646876702e-08,8.047426646876702e-08,8.047426646876702e-08,1.0,0.003337887953045645,0.046662112046954356,0.046662112046954356
Hf,0.0525,8.481133796229769e-08,8.481133796229769e-08,8.481133796229769e-08,1.0,0.003526058969283555,0.04897394103071644,0.04897394103071644
Hf,0.055,8.917940396604194e-08,8.917940396604194e-08,8.917940396604194e-08,1.0,0.003716363356405391,0.0512836366435946,0.0512836366435946
Hf,0.0575,9.357862109332115e-08,9.357862109332115e-08,9.357862109332115e-08,1.0,0.003908815450979145,0.05359118454902086,0.05359118454902086
Hf,0.06,9.800914584393701e-08,9.800914584393701e-08,9.800914584393701e-08,1.0,0.00410342953227667,0.055896570467723325,0.055896570467723325
Hf,0.0625,1.0247113459201264e-07,1.0247113459201264e-07,1.0247113459201264e-07,1.0,0.004300219819662351,0.05819978018033765,0.05819978018033765
Hf,0.065,1.0696474357377653e-07,1.0696474357377653e-07,1.0696474357377653e-07,1.0,0.004499200469980888,0.06050079953001911,0.06050079953001911
Hf,0.0675,1.1149012887529107e-07,1.1149012887529107e-07,1.1149012887529107e-07,1.0,0.004700385574945295,0.06279961442505472,0.06279961442505472
Hf,0.07,1.1604744642012621e-07,1.1604744642012621e-07,1.1604744642012621e-07,1.0,0.004903789158526196,0.06509621084147382,0.06509621084147382
Hf,0.0725,1.206368519569798e-07,1.206368519569798e-07,1.206368519569798e-07,1.0,0.00510942517434348,0.06739057482565651,0.06739057482565651
Hf,0.075,1.2525854723787782e-07,1.2525854723787782e-07,1.2525854723787782e-07,1.0,0.00531731072534287,0.06968268927465712,0.06968268927465712
Hf,0.0775,1.2991267443117097e-07,1.2991267443117097e-07,1.2991267443117097e-07,1.0,0.005527458707663506,0.07197254129233649,0.07197254129233649
Hf,0.08,1.3459936094408938e-07,1.3459936094408938e-07,1.3459936094408938e-07,1.0,0.005739880916321725,0.07426011908367827,0.07426011908367827
Hf,0.0825,1.3931876182341437e-07,1.3931876182341437e-07,1.3931876182341437e-07,1.0,0.005954591006769895,0.07654540899323012,0.07654540899323012
Hf,0.085,1.440710318801328e-07,1.440710318801328e-07,1.440710318801328e-07,1.0,0.006171602551208497,0.07882839744879151,0.07882839744879151
Hf,0.08750000000000001,1.4885632567676896e-07,1.4885632567676896e-07,1.4885632567676896e-07,1.0,0.006390929036012832,0.08110907096398717,0.08110907096398717
Hf,0.09,1.5367485240145203e-07,1.5367485240145203e-07,1.5367485240145203e-07,1.0,0.00661258771515509,0.0833874122848449,0.0833874122848449
Hf,0.0925,1.5852676501324034e-07,1.5852676501324034e-07,1.5852676501324034e-07,1.0,0.006836591832716208,0.0856634081672838,0.0856634081672838
Hf,0.095,1.6341216942243403e-07,1.6341216942243403e-07,1.6341216942243403e-07,1.0,0.007062951246055567,0.08793704875394444,0.08793704875394444
Hf,0.0975,1.683312192029931e-07,1.683312192029931e-07,1.683312192029931e-07,1.0,0.007291679082350654,0.09020832091764935,0.09020832091764935
Hf,0.1,1.7328406761821185e-07,1.7328406761821185e-07,1.7328406761821185e-07,1.0,0.007522788370312283,0.09247721162968772,0.09247721162968772
Hf,0.10250000000000001,1.782709606871947e-07,1.782709606871947e-07,1.782709606871947e-07,1.0,0.00775629860775144,0.09474370139224857,0.09474370139224857
Hf,0.105,1.8329200082227735e-07,1.8329200082227735e-07,1.8329200082227735e-07,1.0,0.007992219089807462,0.09700778091019253,0.09700778091019253
Hf,0.1075,1.8834730403011835e-07,1.8834730403011835e-07,1.8834730403011835e-07,1.0,0.00823055997856598,0.09926944002143402,0.09926944002143402
Hf,0.11,1.934370223436486e-07,1.934370223436486e-07,1.934370223436486e-07,1.0,0.00847133389392811,0.10152866610607189,0.10152866610607189
Hf,0.1125,1.985614028818781e-07,1.985614028818781e-07,1.985614028818781e-07,1.0,0.008714560103468522,0.10378543989653148,0.10378543989653148
Hf,0.115,2.037205652520356e-07,2.037205652520356e-07,2.037205652520356e-07,1.0,0.008960248773460874,0.10603975122653914,0.10603975122653914
Hf,0.11750000000000001,2.089146037220664e-07,2.089146037220664e-07,2.089146037220664e-07,1.0,0.009208408179314039,0.10829159182068597,0.10829159182068597
Hf,0.12,2.141436703583756e-07,2.141436703583756e-07,2.141436703583756e-07,1.0,0.009459050597059466,0.11054094940294053,0.11054094940294053
Hf,0.1225,2.1940808947924328e-07,2.1940808947924328e-07,2.1940808947924328e-07,1.0,0.009712200436753507,0.11278779956324649,0.11278779956324649
Hf,0.125,2.247078428517192e-07,2.247078428517192e-07,2.247078428517192e-07,1.0,0.009967857720356856,0.11503214227964315,0.11503214227964315
Hf,0.1275,2.300430799254044e-07,2.300430799254044e-07,2.300430799254044e-07,1.0,0.010226034263053642,0.11727396573694633,0.11727396573694633
Hf,0.13,2.3541409602740916e-07,2.3541409602740916e-07,2.3541409602740916e-07,1.0,0.010486752151666535,0.11951324784833348,0.11951324784833348
Hf,0.1325,2.408209510884657e-07,2.408209510884657e-07,2.408209510884657e-07,1.0,0.010750016659914454,0.12174998334008556,0.12174998334008556
Hf,0.135,2.4626374358592303e-07,2.4626374358592303e-07,2.4626374358592303e-07,1.0,0.011015835694820977,0.12398416430517903,0.12398416430517903
Hf,0.1375,2.517427828432577e-07,2.517427828432577e-07,2.517427828432577e-07,1.0,0.011284232057099145,0.12621576794290087,0.12621576794290087
Hf,0.14,2.572581175417113e-07,2.572581175417113e-07,2.572581175417113e-07,1.0,0.011555209916604825,0.12844479008339518,0.12844479008339518
Hf,0.14250000000000002,2.6280983984398284e-07,2.6280983984398284e-07,2.6280983984398284e-07,1.0,0.011828776428252544,0.13067122357174746,0.13067122357174746
Hf,0.145,2.683983240057858e-07,2.683983240057858e-07,2.683983240057858e-07,1.0,0.012104958717460314,0.13289504128253968,0.13289504128253968
Hf,0.1475,2.7402350657117557e-07,2.7402350657117557e-07,2.7402350657117557e-07,1.0,0.01238375266054581,0.13511624733945418,0.13511624733945418
Hf,0.15,2.796856114246406e-07,2.796856114246406e-07,2.796856114246406e-07,1.0,0.01266517447425401,0.13733482552574597,0.13733482552574597
Hf,0.1525,2.853848672175909e-07,2.853848672175909e-07,2.853848672175909e-07,1.0,0.012949240610174419,0.13955075938982558,0.13955075938982558
Hf,0.155,2.911212552734454e-07,2.911212552734454e-07,2.911212552734454e-07,1.0,0.013235949807449651,0.14176405019255034,0.14176405019255034
Hf,0.1575,2.9689516316999135e-07,2.9689516316999135e-07,2.9689516316999135e-07,1.0,0.013525329613028766,0.14397467038697123,0.14397467038697123
Hf,0.16,3.0270653128534423e-07,3.0270653128534423e-07,3.0270653128534423e-07,1.0,0.01381737563284913,0.14618262436715088,0.14618262436715088
Hf,0.1625,3.0855563108025424e-07,3.0855563108025424e-07,3.0855563108025424e-07,1.0,0.01411210692702623,0.1483878930729738,0.1483878930729738
Hf,0.165,3.144425847047777e-07,3.144425847047777e-07,3.144425847047777e-07,1.0,0.014409531815813089,0.15059046818418692,0.15059046818418692
Hf,0.1675,3.203675025780986e-07,3.203675025780986e-07,3.203675025780986e-07,1.0,0.01470965767312883,0.1527903423268712,0.1527903423268712
Hf,0.17,3.263306439929553e-07,3.263306439929554e-07,3.263306439929554e-07,1.0000000000000002,0.015012502347679839,0.15498749765232017,0.15498749765232017
Hf,0.17250000000000001,3.3233200398348193e-07,3.32332003983482e-07,3.32332003983482e-07,1.0000000000000002,0.01531806477830672,0.1571819352216933,0.1571819352216933
Hf,0.17500000000000002,3.383719321433805e-07,3.3837193214338065e-07,3.3837193214338065e-07,1.0000000000000004,0.01562636899790059,0.15937363100209942,0.15937363100209942
Hf,0.1775,3.444503560185389e-07,3.444503560185392e-07,3.444503560185392e-07,1.0000000000000009,0.01593740892054106,0.16156259107945892,0.16156259107945892
Hf,0.18,3.505676663932455e-07,3.5056766639324595e-07,3.5056766639324595e-07,1.0000000000000016,0.016251211260149168,0.16374878873985083,0.16374878873985083
Hf,0.1825,3.56723773518917e-07,3.567237735189178e-07,3.567237735189178e-07,1.0000000000000027,0.016567768475956285,0.16593223152404368,0.16593223152404368
Hf,0.185,3.6291905793412926e-07,3.6291905793413064e-07,3.6291905793413064e-07,1.0000000000000042,0.016887106300605293,0.1681128936993947,0.1681128936993947
Hf,0.1875,3.691534651443379e-07,3.691534651443402e-07,3.691534651443402e-07,1.000000000000007,0.017209219468167454,0.17029078053183255,0.17029078053183255
Hf,0.19,3.754273116218192e-07,3.754273116218229e-07,3.754273116218229e-07,1.0000000000000113,0.0175341289084951,0.1724658710915049,0.1724658710915049
Hf,0.1925,3.8174063308819465e-07,3.8174063308820053e-07,3.8174063308820053e-07,1.0000000000000178,0.017861835519924273,0.1746381644800757,0.1746381644800757
Hf,0.195,3.880936256850515e-07,3.8809362568506087e-07,3.8809362568506087e-07,1.0000000000000278,0.018192351448967914,0.1768076485510321,0.1768076485510321
Hf,0.1975,3.9448647278597304e-07,3.944864727859876e-07,3.944864727859876e-07,1.0000000000000429,0.01852568780712872,0.17897431219287127,0.17897431219287127
Hf,0.2,4.0091919143295067e-07,4.009191914329734e-07,4.009191914329734e-07,1.0000000000000655,0.01886184381838387,0.18113815618161613,0.18113815618161613
Hf,0.2025,4.073921726222604e-07,4.0739217262229524e-07,4.0739217262229524e-07,1.0000000000000988,0.01920084501529836,0.18329915498470165,0.18329915498470165
Hf,0.20500000000000002,4.139053011304941e-07,4.139053011305468e-07,4.139053011305468e-07,1.0000000000001477,0.019542681033612865,0.18545731896638715,0.18545731896638715
Hf,0.20750000000000002,4.204589136360857e-07,4.2045891363616496e-07,4.2045891363616496e-07,1.0000000000002185,0.019887373298542666,0.18761262670145737,0.18761262670145737
Hf,0.21,4.270530890483016e-07,4.270530890484193e-07,4.270530890484193e-07,1.0000000000003204,0.02023492490820701,0.18976507509179297,0.18976507509179297
Hf,0.2125,4.336878743979465e-07,4.3368787439812e-07,4.3368787439812e-07,1.0000000000004654,0.02058533660514247,0.19191466339485755,0.19191466339485755
Hf,0.215,4.4036369241244004e-07,4.4036369241269357e-07,4.4036369241269357e-07,1.0000000000006708,0.020938635440301914,0.19406136455969808,0.19406136455969808
Hf,0.2175,4.4708043106841933e-07,4.4708043106878647e-07,4.4708043106878647e-07,1.0000000000009581,0.02129481070688379,0.1962051892931162,0.1962051892931162
Hf,0.22,4.538382732971567e-07,4.53838273297684e-07,4.53838273297684e-07,1.0000000000013574,0.021653872331631505,0.1983461276683685,0.1983461276683685
Hf,0.2225,4.606375613274584e-07,4.6063756132820967e-07,4.6063756132820967e-07,1.0000000000019085,0.022015841264256358,0.20048415873574363,0.20048415873574363
Hf,0.225,4.6747822277184417e-07,4.674782227729063e-07,4.674782227729063e-07,1.000000000002662,0.02238070924231235,0.20261929075768764,0.20261929075768764
Hf,0.2275,4.743604152960299e-07,4.7436041529751984e-07,4.7436041529751984e-07,1.0000000000036855,0.022748484023758443,0.20475151597624155,0.20475151597624155
Hf,0.23,4.812845206169306e-07,4.812845206190066e-07,4.812845206190066e-07,1.000000000005068,0.023119188877243225,0.20688081112275677,0.20688081112275677
Hf,0.2325,4.882504543344336e-07,4.882504543373055e-07,4.882504543373055e-07,1.00000000000692,0.023492814352402334,0.20900718564759768,0.20900718564759768
Hf,0.23500000000000001,4.952583691650521e-07,4.952583691689974e-07,4.952583691689974e-07,1.0000000000093845,0.023869367460300543,0.21113063253969946,0.21113063253969946
Hf,0.23750000000000002,5.023085352745832e-07,5.023085352799672e-07,5.023085352799672e-07,1.000000000012646,0.02424886324702493,0.2132511367529751,0.2132511367529751
Hf,0.24,5.09401080100308e-07,5.094010801076104e-07,5.094010801076104e-07,1.0000000000169358,0.02463130666614814,0.21536869333385186,0.21536869333385186
Hf,0.2425,5.165360569389372e-07,5.165360569487789e-07,5.165360569487789e-07,1.000000000022541,0.02501669740036737,0.2174833025996326,0.2174833025996326
Hf,0.245,5.237136172910922e-07,5.237136173042764e-07,5.237136173042764e-07,1.0000000000298228,0.025405041836571676,0.2195949581634283,0.2195949581634283
Hf,0.2475,5.30934016636933e-07,5.309340166544909e-07,5.309340166544909e-07,1.0000000000392362,0.025796353417412855,0.22170364658258715,0.22170364658258715
Hf,0.25,5.381973796879068e-07,5.381973797111628e-07,5.381973797111628e-07,1.0000000000513387,0.026190636376231945,0.22380936362376805,0.22380936362376805
Hf,0.2525,5.455037727569467e-07,5.455037727875792e-07,5.455037727875792e-07,1.000000000066809,0.026587890792530173,0.22591210920746982,0.22591210920746982
Hf,0.255,5.528533460330714e-07,5.52853346073204e-07,5.52853346073204e-07,1.0000000000864848,0.026988122419027462,0.22801187758097255,0.22801187758097255
Hf,0.2575,5.602462493999564e-07,5.60246249452261e-07,5.60246249452261e-07,1.000000000111385,0.02739133685100378,0.23010866314899625,0.23010866314899625
Hf,0.26,5.676827365055053e-07,5.676827365733299e-07,5.676827365733299e-07,1.0000000001427651,0.02779754666693395,0.23220245333306602,0.23220245333306602
Hf,0.2625,5.751628928240025e-07,5.751628929115398e-07,5.751628929115398e-07,1.0000000001821168,0.028206752741149713,0.2342932472588503,0.2342932472588503
Hf,0.265,5.826868199193143e-07,5.826868200317541e-07,5.826868200317541e-07,1.0000000002312313,0.028618956939680175,0.23638104306031985,0.23638104306031985
Hf,0.2675,5.902546662426239e-07,5.90254666386382e-07,5.90254666386382e-07,1.0000000002922609,0.029034164214515584,0.23846583578548441,0.23846583578548441
Hf,0.27,5.978665799112904e-07,5.97866580094264e-07,5.97866580094264e-07,1.0000000003677745,0.0294523793583285,0.24054762064167154,0.24054762064167154
Hf,0.2725,6.055227087033809e-07,6.055227089352503e-07,6.055227089352503e-07,1.000000000460822,0.02987360700419767,0.24262639299580235,0.24262639299580235
Hf,0.275,6.132232000521645e-07,6.132232003447495e-07,6.132232003447495e-07,1.0000000005750145,0.030297851625368553,0.2447021483746315,0.2447021483746315
Hf,0.2775,6.209682765807487e-07,6.209682769483921e-07,6.209682769483921e-07,1.0000000007146606,0.03072512265296184,0.24677487734703818,0.24677487734703818
Hf,0.28,6.287580200436872e-07,6.287580205038688e-07,6.287580205038688e-07,1.0000000008847392,0.03115541981697075,0.24884458018302927,0.24884458018302927
Hf,0.28250000000000003,6.365925579735583e-07,6.365925585473131e-07,6.365925585473131e-07,1.0000000010910992,0.03158874583435652,0.2509112541656435,0.2509112541656435
Hf,0.28500000000000003,6.444720361971729e-07,6.444720369098022e-07,6.444720369098022e-07,1.0000000013405772,0.03202510452858937,0.25297489547141067,0.25297489547141067
Hf,0.28750000000000003,6.523966001663655e-07,6.523966010481974e-07,6.523966010481974e-07,1.0000000016411243,0.03246449956273484,0.2550355004372652,0.2550355004372652
Hf,0.29,6.603663949521572e-07,6.603663960394199e-07,6.603663960394199e-07,1.0000000020019577,0.03290693443943471,0.2570930655605652,0.2570930655605652
Hf,0.2925,6.683815652388569e-07,6.683815665746861e-07,6.683815665746861e-07,1.000000002433729,0.033352412500924355,0.2591475874990756,0.2591475874990756
Hf,0.295,6.764422553180978e-07,6.764422569536866e-07,6.764422569536866e-07,1.0000000029487097,0.0338009369290859,0.26119906307091406,0.26119906307091406
Hf,0.2975,6.845486090828065e-07,6.845486110787217e-07,6.845486110787217e-07,1.0000000035609964,0.03425251074553759,0.2632474892544624,0.2632474892544624
Hf,0.3,6.927007700211016e-07,6.927007724487791e-07,6.927007724487791e-07,1.0000000042867336,0.034707136811758924,0.2652928631882411,0.2652928631882411
Hf,0.3025,7.008988812101175e-07,7.008988841535625e-07,7.008988841535625e-07,1.0000000051443618,0.03516481782925165,0.26733518217074836,0.26733518217074836
Hf,0.305,7.091430853097516e-07,7.091430888674628e-07,7.091430888674628e-07,1.0000000061548835,0.03562555633973641,0.2693744436602636,0.2693744436602636
Hf,0.3075,7.174335245563309e-07,7.174335288434736e-07,7.174335288434736e-07,1.0000000073421569,0.03608935472538499,0.271410645274615,0.271410645274615
Hf,0.31,7.257703407561949e-07,7.257703459070477e-07,7.257703459070477e-07,1.0000000087332115,0.036556215209087806,0.2734437847909122,0.2734437847909122
Hf,0.3125,7.341536752791938e-07,7.341536814498974e-07,7.341536814498974e-07,1.0000000103585933,0.03702613985475696,0.27547386014524305,0.27547386014524305
Hf,0.315,7.42583669052093e-07,7.425836764237305e-07,7.425836764237305e-07,1.0000000122527348,0.03749913056766413,0.2775008694323359,0.2775008694323359
Hf,0.3175,7.510604625518864e-07,7.510604713339261e-07,7.510604713339261e-07,1.000000014454356,0.03797518909481349,0.2795248109051865,0.2795248109051865
Hf,0.32,7.595841957990139e-07,7.595842062331478e-07,7.595842062331478e-07,1.000000017006894,0.03845431702534954,0.28154568297465044,0.28154568297465044
Hf,0.3225,7.681550083504761e-07,7.681550207148913e-07,7.681550207148913e-07,1.000000019958965,0.038936515790999264,0.28356348420900074,0.28356348420900074
Hf,0.325,7.767730392928479e-07,7.767730539069655e-07,7.767730539069655e-07,1.0000000233648576,0.03942178666654886,0.2855782133334511,0.2855782133334511
Hf,0.3275,7.854384272351841e-07,7.854384444649101e-07,7.854384444649101e-07,1.0000000272850624,0.0399101307703546,0.2875898692296454,0.2875898692296454
Hf,0.33,7.941514019215161e-07,7.941514221899226e-07,7.941514221899226e-07,1.0000000317880944,0.04040155497954276,0.2895984450204573,0.2895984450204573
Hf,0.3325,8.029120438693998e-07,8.029120676507863e-07,8.029120676507863e-07,1.0000000369481543,0.0408960563757383,0.29160394362426173,0.29160394362426173
Hf,0.335,8.117204680047918e-07,8.117204958424381e-07,8.117204958424381e-07,1.00000004284771,0.041393634167062925,0.2936063658329371,0.2936063658329371
Hf,0.3375,8.205768111704484e-07,8.205768436812354e-07,8.205768436812354e-07,1.0000000495781918,0.04189428885851344,0.2956057111414866,0.2956057111414866
Hf,0.34,8.294812096969026e-07,8.29481247579807e-07,8.29481247579807e-07,1.0000000572404297,0.042398020801589165,0.29760197919841086,0.29760197919841086
Hf,0.3425,8.38433799394682e-07,8.384338434400685e-07,8.384338434400685e-07,1.000000065945406,0.04290483019500092,0.29959516980499906,0.29959516980499906
Hf,0.34500000000000003,8.47434715546402e-07,8.474347666461674e-07,8.474347666461674e-07,1.0000000758150438,0.04341471708541285,0.3015852829145872,0.3015852829145872
Hf,0.34750000000000003,8.564842825370253e-07,8.564843417122453e-07,8.564843417122453e-07,1.0000000869886896,0.043927693376101216,0.3035723066238988,0.3035723066238988
Hf,0.35000000000000003,8.655824654997575e-07,8.655825338710773e-07,8.655825338710773e-07,1.0000000996089615,0.04444374803072738,0.30555625196927266,0.30555625196927266
Hf,0.3525,8.747293913309363e-07,8.747294701672212e-07,8.747294701672212e-07,1.0000001138358923,0.04496288020746654,0.30753711979253345,0.30753711979253345
Hf,0.355,8.839251933542204e-07,8.83925284076539e-07,8.83925284076539e-07,1.0000001298442485,0.045485089358536665,0.30951491064146336,0.30951491064146336
Hf,0.3575,8.931700425552708e-07,8.931701467754988e-07,8.931701467754988e-07,1.0000001478260339,0.04601037718195762,0.3114896228180424,0.3114896228180424
Hf,0.36,9.024642546814824e-07,9.024643741634035e-07,9.024643741634035e-07,1.0000001679976493,0.04653875426226157,0.3134612457377384,0.3134612457377384
Hf,0.3625,9.118077542469557e-07,9.118078909689743e-07,9.118078909689743e-07,1.0000001905758318,0.04707020660221006,0.31542979339779,0.31542979339779
Hf,0.365,9.212006724999803e-07,9.212008286624225e-07,9.212008286624225e-07,1.0000002158044612,0.04760473307287824,0.3173952669271218,0.3173952669271218
Hf,0.3675,9.306432055019673e-07,9.306433835898045e-07,9.306433835898045e-07,1.0000002439516238,0.04814233644745538,0.31935766355254463,0.31935766355254463
Hf,0.37,9.401356657356279e-07,9.401358684403529e-07,9.401358684403529e-07,1.0000002753165118,0.048683026508207404,0.3213169734917926,0.3213169734917926
Hf,0.3725,9.496779504144838e-07,9.496781807389766e-07,9.496781807389766e-07,1.000000310193741,0.04922678728590049,0.3232732127140995,0.3232732127140995
Hf,0.375,9.592701885865777e-07,9.59270449849116e-07,9.59270449849116e-07,1.0000003489153289,0.0497736170856372,0.3252263829143628,0.3252263829143628
Hf,0.3775,9.689127929588392e-07,9.689130889093758e-07,9.689130889093758e-07,1.000000391864442,0.05032353142947172,0.3271764685705283,0.3271764685705283
Hf,0.38,9.786056928097702e-07,9.786060274378563e-07,9.786060274378563e-07,1.0000004394119193,0.050876516085215345,0.32912348391478463,0.32912348391478463
Hf,0.3825,9.883489460752744e-07,9.883493238270089e-07,9.883493238270089e-07,1.0000004919644156,0.05143256469624805,0.33106743530375193,0.33106743530375193
Hf,0.385,9.981429747416217e-07,9.981434006289403e-07,9.981434006289403e-07,1.0000005499984121,0.05199169287183066,0.3330083071281693,0.3330083071281693
Hf,0.3875,1.007987727603496e-06,1.0079882069208903e-06,1.0079882069208903e-06,1.0000006139729587,0.0525538873588293,0.3349461126411707,0.3349461126411707
Hf,0.39,1.0178832293670368e-06,1.017883767995645e-06,1.017883767995645e-06,1.000000684383469,0.05311913953135823,0.3368808604686418,0.3368808604686418
Hf,0.3925,1.0278300222201174e-06,1.0278306267914359e-06,1.0278306267914359e-06,1.0000007618322269,0.05368747172200042,0.33881252827799957,0.33881252827799957
Hf,0.395,1.0378278544848991e-06,1.0378285319235769e-06,1.0378285319235769e-06,1.0000008468497659,0.05425885845903233,0.34074114154096763,0.34074114154096763
Hf,0.3975,1.0478769951667222e-06,1.0478777533625255e-06,1.0478777533625255e-06,1.000000940076438,0.05483330547483723,0.3426666945251628,0.3426666945251628
Hf,0.4,1.0579777173783506e-06,1.0579785646154855e-06,1.0579785646154855e-06,1.000001042200423,0.05541081849395079,0.3445891815060492,0.3445891815060492
Hf,0.4025,1.0681298434185263e-06,1.0681307888317797e-06,1.0681307888317797e-06,1.000001153869368,0.0559913764547413,0.34650862354525874,0.34650862354525874
Hf,0.405,1.07833397663264e-06,1.0783350305040362e-06,1.0783350305040362e-06,1.0000012759246193,0.05657500440512194,0.34842499559487805,0.34842499559487805
Hf,0.40750000000000003,1.0885898114910072e-06,1.0885909844103379e-06,1.0885909844103379e-06,1.0000014090725728,0.057161673592797606,0.3503383264072024,0.3503383264072024
Hf,0.41000000000000003,1.0988977867034911e-06,1.098899090787742e-06,1.098899090787742e-06,1.0000015542230514,0.05775139907238548,0.35224860092761456,0.35224860092761456
Hf,0.41250000000000003,1.1092578822307676e-06,1.1092593299663632e-06,1.1092593299663632e-06,1.0000017122350617,0.058344168781762365,0.3541558312182376,0.3541558312182376
Hf,0.41500000000000004,1.1196702977506912e-06,1.1196719033672657e-06,1.1196719033672657e-06,1.0000018840702642,0.058939983521878764,0.3560600164781213,0.3560600164781213
Hf,0.4175,1.1301352027569427e-06,1.1301369808961366e-06,1.1301369808961366e-06,1.0000020707402126,0.059538842115574635,0.35796115788442534,0.35796115788442534
Hf,0.42,1.1406526554639287e-06,1.140654622781031e-06,1.140654622781031e-06,1.0000022732789111,0.06014073696280639,0.3598592630371936,0.3598592630371936
Hf,0.4225,1.151222915610153e-06,1.1512250891817355e-06,1.1512250891817355e-06,1.0000024928416291,0.060745671891030605,0.3617543281089694,0.3617543281089694
Hf,0.425,1.1618460008805888e-06,1.1618484001397933e-06,1.1618484001397933e-06,1.0000027305656525,0.06135363682545439,0.36364636317454563,0.36364636317454563
Hf,0.4275,1.1725221585656892e-06,1.1725248033242398e-06,1.1725248033242398e-06,1.0000029877296321,0.061964634646392604,0.3655353653536074,0.3655353653536074
Hf,0.43,1.183251470195191e-06,1.1832543830597374e-06,1.1832543830597374e-06,1.0000032656183762,0.06257865880038545,0.36742134119961456,0.36742134119961456
Hf,0.4325,1.194034064438192e-06,1.1940372682752012e-06,1.1940372682752012e-06,1.0000035655988966,0.06319570520114354,0.36930429479885646,0.36930429479885646
Hf,0.435,1.204870194560173e-06,1.2048737155936227e-06,1.2048737155936227e-06,1.0000038891643983,0.06381577687874777,0.3711842231212522,0.3711842231212522
Hf,0.4375,1.2157597608775062e-06,1.2157636253658377e-06,1.2157636253658377e-06,1.0000042377168783,0.06443885669681614,0.3730611433031839,0.3730611433031839
Hf,0.44,1.2267032998777185e-06,1.226707538159416e-06,1.226707538159416e-06,1.00000461303928,0.06506496339362533,0.37493503660637467,0.37493503660637467
Hf,0.4425,1.2377004925060718e-06,1.2377051358616554e-06,1.2377051358616554e-06,1.0000050165614536,0.06569406751424653,0.37680593248575345,0.37680593248575345
Hf,0.445,1.248751906582318e-06,1.248756987465777e-06,1.248756987465777e-06,1.0000054502558753,0.0663261890623536,0.37867381093764646,0.37867381093764646
Hf,0.4475,1.2598574013149617e-06,1.2598629568566723e-06,1.2598629568566723e-06,1.000005915791472,0.06696130868301318,0.38053869131698687,0.38053869131698687
Hf,0.45,1.2710171294137775e-06,1.2710231964337085e-06,1.2710231964337085e-06,1.0000064150732166,0.06759942302972115,0.38240057697027885,0.38240057697027885
Hf,0.4525,1.2822315122853876e-06,1.2822381334766527e-06,1.2822381334766527e-06,1.0000069502807063,0.06824054372250835,0.3842594562774917,0.3842594562774917
Hf,0.455,1.293500313523227e-06,1.2935075325847856e-06,1.2935075325847856e-06,1.0000075232393453,0.06888464591336937,0.3861153540866306,0.3861153540866306
Hf,0.4575,1.3048239321547019e-06,1.3048317938101542e-06,1.3048317938101542e-06,1.0000081362958237,0.06953173951327643,0.38796826048672356,0.38796826048672356
Hf,0.46,1.3162025088264289e-06,1.3162110648743458e-06,1.3162110648743458e-06,1.0000087917226206,0.07018182048889805,0.389818179511102,0.389818179511102
Hf,0.4625,1.3276359630259149e-06,1.3276452663445005e-06,1.3276452663445005e-06,1.000009491694751,0.07083487248203765,0.39166512751796234,0.39166512751796234
Hf,0.465,1.3391246945847518e-06,1.339134798956976e-06,1.339134798956976e-06,1.0000102388752834,0.07149090501443091,0.3935090949855691,0.3935090949855691
Hf,0.4675,1.3506688078009445e-06,1.35067977577889e-06,1.35067977577889e-06,1.000011035798214,0.07214991194312173,0.3953500880568783,0.3953500880568783
Hf,0.47000000000000003,1.3622682566846003e-06,1.3622801518134908e-06,1.3622801518134908e-06,1.0000118849376889,0.07281187866176506,0.397188121338235,0.397188121338235
Hf,0.47250000000000003,1.3739233126253045e-06,1.3739361989521795e-06,1.3739361989521795e-06,1.0000127891630235,0.07347680744804705,0.39902319255195295,0.39902319255195295
Hf,0.47500000000000003,1.385634300080258e-06,1.3856482528189166e-06,1.3856482528189166e-06,1.0000137515404401,0.07414470376368391,0.4008552962363161,0.4008552962363161
Hf,0.47750000000000004,1.3974010801878766e-06,1.3974161752002084e-06,1.3974161752002084e-06,1.0000147747426826,0.07481554792993679,0.40268445207006326,0.40268445207006326
Hf,0.48,1.4092238083774364e-06,1.4092401260198873e-06,1.4092401260198873e-06,1.0000158618485138,0.07548933604606184,0.40451066395393814,0.40451066395393814
Hf,0.4825,1.4211028542294195e-06,1.4211204749461006e-06,1.4211204749461006e-06,1.0000170163112327,0.07616607505905842,0.40633392494094156,0.40633392494094156
Hf,0.485,1.4330382964367208e-06,1.433057315043057e-06,1.433057315043057e-06,1.0000182413845353,0.07684575730348242,0.4081542426965175,0.4081542426965175
Hf,0.4875,1.4450301421488042e-06,1.445050653782535e-06,1.445050653782535e-06,1.0000195403096193,0.07752837066827137,0.4099716293317286,0.4099716293317286
Hf,0.49,1.4570785464932818e-06,1.4571006516631854e-06,1.4571006516631854e-06,1.0000209166295533,0.07821391097071612,0.4117860890292838,0.4117860890292838
Hf,0.4925,1.4691837438221847e-06,1.4692075419387139e-06,1.4692075419387139e-06,1.000022374116695,0.07890237767794847,0.4135976223220515,0.4135976223220515
Hf,0.495,1.4813460302556182e-06,1.4813716400925444e-06,1.4813716400925444e-06,1.0000239168119902,0.07959377431357825,0.4154062256864217,0.4154062256864217
Hf,0.4975,1.4935653289209253e-06,1.493592868545771e-06,1.493592868545771e-06,1.000025548286911,0.0802880842311411,0.4172119157688589,0.4172119157688589
Hf,0.5,1.5058417945648389e-06,1.5058713884006752e-06,1.5058713884006752e-06,1.0000272725805686,0.08098530298692104,0.4190146970130789,0.4190146970130789
Hf,0.5025000000000001,1.5181755818745657e-06,1.518207360964214e-06,1.518207360964214e-06,1.0000290938609775,0.08168542607591694,0.42081457392408306,0.42081457392408306
Hf,0.505,1.5305668454732863e-06,1.5306009477506848e-06,1.5306009477506848e-06,1.0000310164268766,0.08238844893312043,0.4226115510668796,0.4226115510668796
Hf,0.5075000000000001,1.5430159114556314e-06,1.5430524716032185e-06,1.5430524716032185e-06,1.0000330450160022,0.08309437497331511,0.42440562502668494,0.42440562502668494
Hf,0.51,1.5555228102410475e-06,1.5555619910627116e-06,1.5555619910627116e-06,1.0000351840251747,0.08380319427469199,0.42619680572530805,0.42619680572530805
Hf,0.5125,1.568087635971605e-06,1.5681295977407424e-06,1.5681295977407424e-06,1.0000374380250294,0.08451489857348032,0.42798510142651963,0.42798510142651963
Hf,0.515,1.5807105427601501e-06,1.580755453793054e-06,1.580755453793054e-06,1.000039811852197,0.08522948307513918,0.42977051692486085,0.42977051692486085
Hf,0.5175,1.5933916846290814e-06,1.5934397215920242e-06,1.5934397215920242e-06,1.0000423104821001,0.08594694293158772,0.43155305706841224,0.43155305706841224
Hf,0.52,1.606131215505133e-06,1.6061825637287288e-06,1.6061825637287288e-06,1.0000449390304216,0.0866672732424784,0.43333272675752166,0.43333272675752166
Hf,0.5225,1.6189292892140386e-06,1.618984143014876e-06,1.618984143014876e-06,1.000047702754504,0.08739046905646684,0.43510953094353316,0.43510953094353316
Hf,0.525,1.6317860594750749e-06,1.6318446224846272e-06,1.6318446224846272e-06,1.0000506070546837,0.0881165253724793,0.4368834746275207,0.4368834746275207
Hf,0.5275,1.644701679895482e-06,1.6447641653962694e-06,1.6447641653962694e-06,1.0000536574755567,0.08884543714097536,0.43865456285902465,0.43865456285902465
Hf,0.53,1.6576763586009898e-06,1.6577429692658967e-06,1.6577429692658967e-06,1.0000568597974933,0.08957720089559273,0.44042279910440724,0.44042279910440724
Hf,0.5325,1.67071022687878e-06,1.6707812158441074e-06,1.6707812158441074e-06,1.0000602199160862,0.09031181233178144,0.4421881876682185,0.4421881876682185
Hf,0.535,1.6838033906082119e-06,1.6838790020723666e-06,1.6838790020723666e-06,1.000063743640211,0.09104926304762197,0.443950736952378,0.443950736952378
Hf,0.5375,1.6969560026615199e-06,1.6970364918776698e-06,1.6970364918776698e-06,1.0000674370982097,0.09178954781053945,0.44571045218946054,0.44571045218946054
Hf,0.54,1.7101682157666624e-06,1.7102538494138132e-06,1.7102538494138132e-06,1.0000713065676188,0.09253266134578526,0.44746733865421473,0.44746733865421473
Hf,0.5425,1.7234401825009524e-06,1.7235312390620107e-06,1.7235312390620107e-06,1.0000753584759765,0.09327859833766218,0.44922140166233776,0.44922140166233776
Hf,0.545,1.736772055284561e-06,1.7368688254313167e-06,1.7368688254313167e-06,1.00007959940155,0.09402735343074126,0.4509726465692588,0.4509726465692588
Hf,0.5475,1.7501639863738856e-06,1.7502667733588377e-06,1.7502667733588377e-06,1.00008403607398,0.0947789212310702,0.45272107876892975,0.45272107876892975
Hf,0.55,1.763616127854787e-06,1.763725247909736e-06,1.763725247909736e-06,1.0000886753748448,0.09553329630737266,0.45446670369262737,0.45446670369262737
Hf,0.5525,1.7771286316356886e-06,1.7772444143769986e-06,1.7772444143769986e-06,1.0000935243381386,0.09629047319223741,0.45620952680776256,0.45620952680776256
Hf,0.555,1.790701649440546e-06,1.7908244382809845e-06,1.7908244382809845e-06,1.000098590150668,0.09705044638329778,0.4579495536167022,0.4579495536167022
Hf,0.5575,1.804335332801669e-06,1.8044654853687127e-06,1.8044654853687127e-06,1.000103880152361,0.09781321034439958,0.45968678965560045,0.45968678965560045
Hf,0.56,1.8180298330524135e-06,1.818167721612909e-06,1.818167721612909e-06,1.0001094018364904,0.09857875950675812,0.46142124049324185,0.46142124049324185
Hf,0.5625,1.8317853347034026e-06,1.8319313956904183e-06,1.8319313956904183e-06,1.0001151631812084,0.09934709198887363,0.4631529080111264,0.4631529080111264
Hf,0.5650000000000001,1.8456020456548993e-06,1.8457566368699166e-06,1.8457566368699166e-06,1.0001211718626863,0.10011820043958289,0.4648817995604172,0.4648817995604172
Hf,0.5675,1.8594800441984888e-06,1.859643584819091e-06,1.859643584819091e-06,1.0001274357368828,0.10089207796517843,0.4666079220348216,0.4666079220348216
Hf,0.5700000000000001,1.8734194810586127e-06,1.8735924066904806e-06,1.8735924066904806e-06,1.0001339629198334,0.10166871887883519,0.46833128112116484,0.46833128112116484
Hf,0.5725,1.8874205067249232e-06,1.8876032698578585e-06,1.8876032698578585e-06,1.0001407616811113,0.10244811746666925,0.47005188253333074,0.47005188253333074
Hf,0.5750000000000001,1.9014832714441507e-06,1.9016763419136366e-06,1.9016763419136366e-06,1.0001478404435278,0.1032302679888184,0.4717697320111816,0.4717697320111816
Hf,0.5775,1.9156079252118156e-06,1.915811790665948e-06,1.915811790665948e-06,1.0001552077827407,0.10401516468050792,0.47348483531949204,0.47348483531949204
Hf,0.58,1.929794617763803e-06,1.9300097841353915e-06,1.9300097841353915e-06,1.0001628724267773,0.10480280175310083,0.4751971982468991,0.4751971982468991
Hf,0.5825,1.944043498567782e-06,1.944270490551436e-06,1.944270490551436e-06,1.0001708432554623,0.10559317339513241,0.47690682660486766,0.47690682660486766
Hf,0.585,1.9583547168144753e-06,1.9585941496946827e-06,1.9585941496946827e-06,1.000179129666937,0.10638627685432098,0.4786137231456789,0.4786137231456789
Hf,0.5875,1.972728693359891e-06,1.9729810797386314e-06,1.9729810797386314e-06,1.0001877416622322,0.10718211265631378,0.4803178873436863,0.4803178873436863
Hf,0.59,1.987165337586459e-06,1.987431249664774e-06,1.987431249664774e-06,1.0001966875813095,0.10798066624084357,0.4820193337591564,0.4820193337591564
Hf,0.5925,2.0016647857192926e-06,2.001944828828971e-06,2.001944828828971e-06,1.0002059769162122,0.10878193171616687,0.4837180682838331,0.4837180682838331
Hf,0.595,2.0162271860427803e-06,2.016521986777779e-06,2.016521986777779e-06,1.000215619307028,0.10958590317263417,0.48541409682736575,0.48541409682736575
Hf,0.5975,2.0308526865215673e-06,2.0311628932426767e-06,2.0311628932426767e-06,1.0002256245407848,0.1103925746836244,0.48710742531637563,0.48710742531637563
Hf,0.6,2.0455415471006912e-06,2.0458679495990724e-06,2.0458679495990724e-06,1.0002360039339082,0.11120195001376197,0.48879804998623805,0.48879804998623805
Hf,0.6025,2.060294089900362e-06,2.0606372742074508e-06,2.0606372742074508e-06,1.000246767350274,0.11201402089966235,0.49048597910033764,0.49048597910033764
Hf,0.605,2.0751101967750775e-06,2.0754708805686697e-06,2.0754708805686697e-06,1.000257924108892,0.11282877474799952,0.49217122525200047,0.49217122525200047
Hf,0.6075,2.089990014619698e-06,2.0903689394537064e-06,2.0903689394537064e-06,1.0002694845869082,0.11364620557426186,0.4938537944257382,0.4938537944257382
Hf,0.61,2.104933689962936e-06,2.1053316753906827e-06,2.1053316753906827e-06,1.0002814596536334,0.11446630958584109,0.4955336904141589,0.4955336904141589
Hf,0.6125,2.1199417550021114e-06,2.120359644831996e-06,2.120359644831996e-06,1.0002938625788145,0.11528909650829394,0.49721090349170605,0.49721090349170605
Hf,0.615,2.1350140843265873e-06,2.135452604374928e-06,2.135452604374928e-06,1.0003067015147775,0.11611454316768999,0.49888545683230995,0.49888545683230995
Hf,0.6175,2.150150731947831e-06,2.150610725749581e-06,2.150610725749581e-06,1.0003199874078454,0.11694264353516468,0.5005573564648353,0.5005573564648353
Hf,0.62,2.1653518431473803e-06,2.1658343419224304e-06,2.1658343419224304e-06,1.0003337324931032,0.11777339806873423,0.5022266019312658,0.5022266019312658
Hf,0.6225,2.1806181033321454e-06,2.181123881705855e-06,2.181123881705855e-06,1.000347949944267,0.1186068109231359,0.5038931890768642,0.5038931890768642
Hf,0.625,2.1959491605738915e-06,2.19647912504523e-06,2.19647912504523e-06,1.000362648372042,0.11944286013469625,0.5055571398653037,0.5055571398653037
Hf,0.6275000000000001,2.211345139423111e-06,2.211900244523533e-06,2.211900244523533e-06,1.0003778392657456,0.12028153964254647,0.5072184603574535,0.5072184603574535
Hf,0.63,2.226806527970668e-06,2.227387985829192e-06,2.227387985829192e-06,1.000393538710236,0.12112286602693076,0.5088771339730692,0.5088771339730692
Hf,0.6325000000000001,2.242333428662416e-06,2.2429420466581997e-06,2.2429420466581997e-06,1.0004097549498443,0.12196681418138065,0.5105331858186194,0.5105331858186194
Hf,0.635,2.2579257068733404e-06,2.2585625292274196e-06,2.2585625292274196e-06,1.0004264993238503,0.12281337520671429,0.5121866247932858,0.5121866247932858
Hf,0.6375000000000001,2.273583809967509e-06,2.2742501763080325e-06,2.2742501763080325e-06,1.0004437885495496,0.12366256519538037,0.5138374348046197,0.5138374348046197
Hf,0.64,2.289307983832152e-06,2.290004762442479e-06,2.290004762442479e-06,1.000461631669002,0.12451436226383848,0.5154856377361615,0.5154856377361615
Hf,0.6425,2.305097988780605e-06,2.305826318897325e-06,2.305826318897325e-06,1.0004800397805702,0.12536875474388337,0.5171312452561166,0.5171312452561166
Hf,0.645,2.320954394834901e-06,2.3217157572484115e-06,2.3217157572484115e-06,1.0004990317252331,0.1262257648424298,0.5187742351575703,0.5187742351575703
Hf,0.6475,2.3368772668655948e-06,2.33767258839373e-06,2.33767258839373e-06,1.000518614436242,0.1270853607211547,0.5204146392788452,0.5204146392788452
Hf,0.65,2.352866420957344e-06,2.3536971700017285e-06,2.3536971700017285e-06,1.000538802211866,0.1279475432251159,0.5220524567748841,0.5220524567748841
Hf,0.6525,2.3689227201846576e-06,2.3697900764003617e-06,2.3697900764003617e-06,1.0005596115988922,0.12881232123451752,0.5236876787654825,0.5236876787654825
Hf,0.655,2.3850457099915615e-06,2.385950883651209e-06,2.385950883651209e-06,1.0005810500926267,0.129679665793199,0.525320334206801,0.525320334206801
Hf,0.6575,2.401235729808826e-06,2.4021804554594124e-06,2.4021804554594124e-06,1.0006031372519881,0.1305495965838711,0.5269504034161289,0.5269504034161289
Hf,0.66,2.417493213956133e-06,2.4184785239790946e-06,2.4184785239790946e-06,1.0006258821533083,0.13142209063224375,0.5285779093677563,0.5285779093677563
Hf,0.6625,2.4338177350824573e-06,2.4348454095140874e-06,2.4348454095140874e-06,1.0006492995037382,0.1322971471044666,0.5302028528955334,0.5302028528955334
Hf,0.665,2.4502103134998124e-06,2.4512815506603493e-06,2.4512815506603493e-06,1.0006734054153799,0.13317476940699835,0.5318252305930017,0.5318252305930017
Hf,0.6675,2.4666702925577918e-06,2.4677866338189195e-06,2.4677866338189195e-06,1.0006982085230558,0.13405493318283043,0.5334450668171696,0.5334450668171696
Hf,0.67,2.4831983893572177e-06,2.4843616633786443e-06,2.4843616633786443e-06,1.0007237310068458,0.13493766253132902,0.535062337468671,0.535062337468671
Hf,0.6725,2.499794482167419e-06,2.501005916419761e-06,2.501005916419761e-06,1.00074997733897,0.13582291823454568,0.5366770817654543,0.5366770817654543
Hf,0.675,2.5164588221537245e-06,2.5177205729117485e-06,2.5177205729117485e-06,1.0007769720104986,0.13671073049205537,0.5382892695079448,0.5382892695079448
Hf,0.6775,2.5331916834256694e-06,2.5345049199297726e-06,2.5345049199297726e-06,1.0008047195169443,0.13760106072970316,0.5398989392702969,0.5398989392702969
Hf,0.68,2.549992992203979e-06,2.5513600009821694e-06,2.5513600009821694e-06,1.000833243390801,0.13849393386210224,0.5415060661378978,0.5415060661378978
Hf,0.6825,2.5668632754128687e-06,2.5682852675562123e-06,2.5682852675562123e-06,1.000862549824602,0.13938931752015685,0.5431106824798432,0.5431106824798432
Hf,0.685,2.583802279303955e-06,2.5852816800828827e-06,2.5852816800828827e-06,1.000892661917385,0.14028723331254211,0.5447127666874579,0.5447127666874579
Hf,0.6875,2.600810636563771e-06,2.6023486957671156e-06,2.6023486957671156e-06,1.000923585847953,0.1411876493255531,0.5463123506744468,0.5463123506744468
Hf,0.6900000000000001,2.6178880625164843e-06,2.6194873532771698e-06,2.6194873532771698e-06,1.0009553460853156,0.14209058962352197,0.5479094103764781,0.5479094103764781
Hf,0.6925,2.635035144449414e-06,2.636696951444968e-06,2.636696951444968e-06,1.0009879468544336,0.14299601697939598,0.549503983020604,0.549503983020604
Hf,0.6950000000000001,2.6522517199501676e-06,2.6539787739716233e-06,2.6539787739716233e-06,1.0010214160322706,0.14390396369407452,0.5510960363059255,0.5510960363059255
Hf,0.6975,2.669538175552319e-06,2.6713319810536773e-06,2.6713319810536773e-06,1.0010557560529318,0.14481438797878243,0.5526856120212176,0.5526856120212176
Hf,0.7000000000000001,2.6868946285316047e-06,2.6887577056613415e-06,2.6887577056613415e-06,1.0010909934527832,0.14572731655081203,0.5542726834491881,0.5542726834491881
Hf,0.7025,2.7043211050349663e-06,2.7062554847024844e-06,2.7062554847024844e-06,1.001127135168712,0.1466427209280826,0.5558572790719174,0.5558572790719174
Hf,0.705,2.7218181637708574e-06,2.7238259216463297e-06,2.7238259216463297e-06,1.0011642015097169,0.14756060935550594,0.557439390644494,0.557439390644494
Hf,0.7075,2.739385306501451e-06,2.7414692092077915e-06,2.7414692092077915e-06,1.0012022077387692,0.14848097592093346,0.5590190240790666,0.5590190240790666
Hf,0.71,2.757023699520066e-06,2.759185204718119e-06,2.759185204718119e-06,1.0012411647431214,0.14940380341155737,0.5605961965884425,0.5605961965884425
Hf,0.7125,2.7747325338065135e-06,2.7769749435586573e-06,2.7769749435586573e-06,1.0012810990280623,0.15032911433982574,0.5621708856601743,0.5621708856601743
Hf,0.715,2.7925126077251433e-06,2.79483776969147e-06,2.79483776969147e-06,1.0013220147312472,0.15125687426599074,0.5637431257340092,0.5637431257340092
Hf,0.7175,2.810363884635728e-06,2.812774485762108e-06,2.812774485762108e-06,1.0013639355404245,0.15218709771690636,0.5653129022830936,0.5653129022830936
Hf,0.72,2.828286258170464e-06,2.8307852056565446e-06,2.8307852056565446e-06,1.0014068759836958,0.1531197761062141,0.5668802238937859,0.5668802238937859
Hf,0.7225,2.8462807068839567e-06,2.8488697598499273e-06,2.8488697598499273e-06,1.0014508465802274,0.15405489159314434,0.5684451084068557,0.5684451084068557
Hf,0.725,2.8643465520033552e-06,2.8670292144553735e-06,2.8670292144553735e-06,1.001495875292245,0.1549924669757441,0.5700075330242559,0.5700075330242559
Hf,0.7275,2.882484367797074e-06,2.8852631200620767e-06,2.8852631200620767e-06,1.0015419687756975,0.1559324752243867,0.5715675247756133,0.5715675247756133
Hf,0.73,2.900694494744295e-06,2.9035716166327624e-06,2.9035716166327624e-06,1.0015891419106262,0.15687490880252455,0.5731250911974753,0.5731250911974753
Hf,0.7325,2.918976595068975e-06,2.9219558412200227e-06,2.9219558412200227e-06,1.001637424330271,0.15781979233117585,0.5746802076688242,0.5746802076688242
Hf,0.735,2.9373313697811287e-06,2.9404151607915855e-06,2.9404151607915855e-06,1.001686819798175,0.15876709314651025,0.5762329068534897,0.5762329068534897
Hf,0.7375,2.955758862816317e-06,2.958949835028413e-06,2.958949835028413e-06,1.0017373450703448,0.1597168075778304,0.5777831924221696,0.5777831924221696
Hf,0.74,2.9742589075719647e-06,2.977560876729149e-06,2.977560876729149e-06,1.001789028504024,0.16066895581985266,0.5793310441801474,0.5793310441801474
Hf,0.7425,2.992832152902961e-06,2.9962478614899206e-06,2.9962478614899206e-06,1.0018418767348618,0.16162351222379215,0.5808764877762078,0.5808764877762078
Hf,0.745,3.0114787017769478e-06,3.0150109739521673e-06,3.0150109739521673e-06,1.001895905539078,0.16258047066634146,0.5824195293336586,0.5824195293336586
Hf,0.7475,3.0301983819476526e-06,3.0338508894152155e-06,3.0338508894152155e-06,1.001951138462712,0.1635398403811554,0.5839601596188447,0.5839601596188447
Hf,0.75,3.048991603950932e-06,3.0527678128366893e-06,3.0527678128366893e-06,1.0020075918348506,0.1645016157121421,0.5854983842878579,0.5854983842878579
Hf,0.7525000000000001,3.067858899825981e-06,3.071761645296145e-06,3.071761645296145e-06,1.0020652770773033,0.16546578161408923,0.5870342183859107,0.5870342183859107
Hf,0.755,3.086799907662656e-06,3.0908326537058824e-06,3.0908326537058824e-06,1.0021242113905684,0.16643233450441036,0.5885676654955897,0.5885676654955897
Hf,0.7575000000000001,3.105814825513575e-06,3.1099816596093775e-06,3.1099816596093775e-06,1.0021844211720274,0.16740128776714916,0.5900987122328509,0.5900987122328509
Hf,0.76,3.1249043409741684e-06,3.129208515010389e-06,3.129208515010389e-06,1.0022459170411269,0.16837262489091093,0.591627375109089,0.591627375109089
Hf,0.7625000000000001,3.1440683694818927e-06,3.14851333871128e-06,3.14851333871128e-06,1.0023087138749158,0.1693463376816086,0.5931536623183915,0.5931536623183915
Hf,0.765,3.1633068901076965e-06,3.1678964016445266e-06,3.1678964016445266e-06,1.002372829068744,0.17032242260661368,0.5946775773933863,0.5946775773933863
Hf,0.7675000000000001,3.1826201016285944e-06,3.1873582988688287e-06,3.1873582988688287e-06,1.002438285611685,0.1713008858449959,0.5961991141550042,0.5961991141550042
Hf,0.77,3.2020086456660554e-06,3.206899268696263e-06,3.206899268696263e-06,1.0025051005357242,0.17228172271315526,0.5977182772868448,0.5977182772868448
Hf,0.7725,3.2214724630246573e-06,3.2265192806527422e-06,3.2265192806527422e-06,1.002573286171207,0.17326492053681067,0.5992350794631893,0.5992350794631893
Hf,0.775,3.241011554555358e-06,3.24621860955425e-06,3.24621860955425e-06,1.0026428600630368,0.17425047583193776,0.6007495241680623,0.6007495241680623
Hf,0.7775,3.260626119680439e-06,3.265997531242815e-06,3.265997531242815e-06,1.0027138397899762,0.1752383851266981,0.6022616148733019,0.6022616148733019
Hf,0.78,3.28031641364531e-06,3.285856542099256e-06,3.285856542099256e-06,1.0027862469087219,0.17622865139012203,0.603771348609878,0.603771348609878
Hf,0.7825,3.3000830791577888e-06,3.3057959897966344e-06,3.3057959897966344e-06,1.0028601004235516,0.17722127311673233,0.6052787268832676,0.6052787268832676
Hf,0.785,3.3199258024339366e-06,3.325815845869207e-06,3.325815845869207e-06,1.0029354125102632,0.1782162378351336,0.6067837621648664,0.6067837621648664
Hf,0.7875,3.339844783457496e-06,3.345916389840522e-06,3.345916389840522e-06,1.0030122008398545,0.17921354211938473,0.6082864578806152,0.6082864578806152
Hf,0.79,3.359840222393416e-06,3.3660979022121293e-06,3.3660979022121293e-06,1.0030904831031102,0.1802131825549727,0.6097868174450273,0.6097868174450273
Hf,0.7925,3.3799123195833172e-06,3.3863606644539604e-06,3.3863606644539604e-06,1.0031702770078248,0.18121515573863717,0.6112848442613628,0.6112848442613628
Hf,0.795,3.4000615240081697e-06,3.406704958994328e-06,3.406704958994328e-06,1.0032516002760206,0.1822194582781866,0.6127805417218135,0.6127805417218135
Hf,0.7975,3.4202879839146637e-06,3.4271313264037367e-06,3.4271313264037367e-06,1.0033344755429063,0.18322609406870852,0.6142739059312915,0.6142739059312915
Hf,0.8,3.4405916874075767e-06,3.4476398923484957e-06,3.4476398923484957e-06,1.0034189176166715,0.18423505516796537,0.6157649448320347,0.6157649448320347
Hf,0.8025,3.4609728352598644e-06,3.468230822788217e-06,3.468230822788217e-06,1.003504941979433,0.18524633483394054,0.6172536651660594,0.6172536651660594
Hf,0.805,3.4814316283953994e-06,3.488904403487823e-06,3.488904403487823e-06,1.0035925663646221,0.18625992971480063,0.6187400702851994,0.6187400702851994
Hf,0.8075,3.5019682678840435e-06,3.509660921107843e-06,3.509660921107843e-06,1.0036818085056787,0.18727583646866255,0.6202241635313375,0.6202241635313375
Hf,0.81,3.5225829549366585e-06,3.5305006631918723e-06,3.5305006631918723e-06,1.0037726861332636,0.18829405176335112,0.6217059482366489,0.6217059482366489
Hf,0.8125,3.5432758909000424e-06,3.5514239181536197e-06,3.5514239181536197e-06,1.0038652169724667,0.1893145722761483,0.6231854277238517,0.6231854277238517
Hf,0.8150000000000001,3.564047577225601e-06,3.572430975263516e-06,3.572430975263516e-06,1.0039594187400183,0.19033739469353267,0.6246626053064674,0.6246626053064674
Hf,0.8175,3.5848979044078766e-06,3.5935221246348853e-06,3.5935221246348853e-06,1.004055309141505,0.19136251571091117,0.6261374842890889,0.6261374842890889
Hf,0.8200000000000001,3.6058270666034504e-06,3.6146976572096887e-06,3.6146976572096887e-06,1.0041529058685845,0.19238993203234156,0.6276100679676585,0.6276100679676585
Hf,0.8225,3.6268352654035427e-06,3.6359578647438076e-06,3.6359578647438076e-06,1.00425222659621,0.19341964037024725,0.6290803596297527,0.6290803596297527
Hf,0.8250000000000001,3.6479227025067195e-06,3.6573030397918854e-06,3.6573030397918854e-06,1.0043532889798539,0.19445163744512328,0.6305483625548768,0.6305483625548768
Hf,0.8275,3.6690895797134145e-06,3.6787334756917003e-06,3.6787334756917003e-06,1.0044561106527417,0.19548591998523493,0.6320140800147651,0.6320140800147651
Hf,0.8300000000000001,3.6903360989203906e-06,3.7002494665480886e-06,3.7002494665480886e-06,1.0045607092230886,0.1965224847263078,0.6334775152736922,0.6334775152736922
Hf,0.8325,3.7116624621151172e-06,3.7218513072163843e-06,3.7218513072163843e-06,1.0046671022713458,0.19756132841121138,0.6349386715887887,0.6349386715887887
Hf,0.835,3.7330688713701108e-06,3.7435392932853874e-06,3.7435392932853874e-06,1.004775307347453,0.1986024477896338,0.6363975522103662,0.6363975522103662
Hf,0.8375,3.754555528837171e-06,3.7653137210598644e-06,3.7653137210598644e-06,1.0048853419680996,0.19964583961775048,0.6378541603822496,0.6378541603822496
Hf,0.84,3.776122636741567e-06,3.787174887542527e-06,3.787174887542527e-06,1.0049972236139963,0.2006915006578844,0.6393084993421155,0.6393084993421155
Hf,0.8425,3.7977703973761554e-06,3.809123090415563e-06,3.809123090415563e-06,1.0051109697271543,0.20173942767816153,0.6407605723218385,0.6407605723218385
Hf,0.845,3.819499013095414e-06,3.831158628021614e-06,3.831158628021614e-06,1.0052265977081776,0.2027896174521567,0.6422103825478434,0.6422103825478434
Hf,0.8475,3.841308686309422e-06,3.853281799344293e-06,3.853281799344293e-06,1.005344124913564,0.20384206675853564,0.6436579332414644,0.6436579332414644
Hf,0.85,3.863199619477753e-06,3.8754929039881586e-06,3.8754929039881586e-06,1.005463568653021,0.20489677238068865,0.6451032276193113,0.6451032276193113
Hf,0.8525,3.885172015103314e-06,3.897792242158184e-06,3.897792242158184e-06,1.0055849461867903,0.2059537311063597,0.6465462688936404,0.6465462688936404
Hf,0.855,3.907226075726091e-06,3.920180114638684e-06,3.920180114638684e-06,1.00570827472299,0.20701293972726786,0.6479870602727321,0.6479870602727321
Hf,0.8575,3.9293620039168525e-06,3.942656822771726e-06,3.942656822771726e-06,1.0058335714149667,0.20807439503872482,0.6494256049612751,0.6494256049612751
Hf,0.86,3.9515800022707385e-06,3.965222668434989e-06,3.965222668434989e-06,1.0059608533586646,0.2091380938392452,0.6508619061607548,0.6508619061607548
Hf,0.8625,3.973880273400827e-06,3.987877954019078e-06,3.987877954019078e-06,1.0060901375900075,0.21020403293015225,0.6522959670698478,0.6522959670698478
Hf,0.865,3.996263019931581e-06,4.010622982404275e-06,4.010622982404275e-06,1.0062214410822994,0.21127220911517836,0.6537277908848217,0.6537277908848217
Hf,0.8675,4.018728444492253e-06,4.033458056936752e-06,4.033458056936752e-06,1.0063547807436377,0.21234261920006048,0.6551573807999397,0.6551573807999397
Hf,0.87,4.041276749710198e-06,4.056383481404177e-06,4.056383481404177e-06,1.0064901734143457,0.21341525999213024,0.6565847400078698,0.6565847400078698
Hf,0.8725,4.063908138204125e-06,4.079399560010787e-06,4.079399560010787e-06,1.0066276358644222,0.2144901282999005,0.6580098717000996,0.6580098717000996
Hf,0.875,4.086622812577254e-06,4.102506934240276e-06,4.102506934240276e-06,1.0067671925552162,0.21556722913072968,0.6594327708692704,0.6594327708692704
Hf,0.8775000000000001,4.109420975410428e-06,4.125705737258037e-06,4.125705737258037e-06,1.0069088562387118,0.21664655501360214,0.6608534449863979,0.6608534449863979
Hf,0.88,4.132302829255114e-06,4.148996145744505e-06,4.148996145744505e-06,1.0070526405178617,0.21772809960045847,0.6622719003995415,0.6622719003995415
Hf,0.8825000000000001,4.155268576626357e-06,4.172378465964859e-06,4.172378465964859e-06,1.0071985618805457,0.21881185970383926,0.6636881402961607,0.6636881402961607
Hf,0.885,4.178318419995633e-06,4.195853004477997e-06,4.195853004477997e-06,1.0073466367319999,0.21989783213538477,0.6651021678646153,0.6651021678646153
Hf,0.8875000000000001,4.201452561783657e-06,4.219420068108138e-06,4.219420068108138e-06,1.007496881392377,0.22098601370539742,0.6665139862946027,0.6665139862946027
Hf,0.89,4.224671445510266e-06,4.243079963915752e-06,4.243079963915752e-06,1.0076493120943264,0.2220764012223997,0.6679235987776002,0.6679235987776002
Hf,0.8925000000000001,4.247975180958332e-06,4.266833606663112e-06,4.266833606663112e-06,1.007803959403686,0.22316900578910082,0.6693309942108993,0.6693309942108993
Hf,0.895,4.271363848921137e-06,4.290680831657042e-06,4.290680831657042e-06,1.0079608282911987,0.22426381294159575,0.6707361870584042,0.6707361870584042
Hf,0.8975,4.294837651868006e-06,4.314621852132858e-06,4.314621852132858e-06,1.0081199324900136,0.2253608172357583,0.6721391827642417,0.6721391827642417
Hf,0.9,4.318396792183168e-06,4.3386569765245856e-06,4.3386569765245856e-06,1.0082812878843888,0.22646001547240271,0.6735399845275973,0.6735399845275973
Hf,0.9025,4.342041472158088e-06,4.362786513359496e-06,4.362786513359496e-06,1.0084449102594417,0.22756140444836379,0.6749385955516362,0.6749385955516362
Hf,0.905,4.365771893983729e-06,4.387011341942278e-06,4.387011341942278e-06,1.0086108291034233,0.22866499407177795,0.676335005928222,0.676335005928222
Hf,0.9075,4.389588259742727e-06,4.411331554733429e-06,4.411331554733429e-06,1.008779054899946,0.22977077599261353,0.6777292240073863,0.6777292240073863
Hf,0.91,4.4134912206063715e-06,4.435747150250697e-06,4.435747150250697e-06,1.0089495956576426,0.23087873981752832,0.6791212601824718,0.6791212601824718
Hf,0.9125,4.4374806768455295e-06,4.460258437848794e-06,4.460258437848794e-06,1.009122466768447,0.23198888232696563,0.6805111176730344,0.6805111176730344
Hf,0.915,4.461556712300841e-06,4.484865988703026e-06,4.484865988703026e-06,1.009297689934063,0.2331012062010842,0.6818987937989158,0.6818987937989158
Hf,0.9175,4.485719528890134e-06,4.50957066497846e-06,4.50957066497846e-06,1.0094752939893985,0.23421572052808845,0.6832842794719116,0.6832842794719116
Hf,0.92,4.509969328385638e-06,4.5343720082461125e-06,4.5343720082461125e-06,1.009655275245186,0.23533240465970284,0.6846675953402972,0.6846675953402972
Hf,0.9225,4.534306312405686e-06,4.5592703282184986e-06,4.5592703282184986e-06,1.0098376486659895,0.23645125535292272,0.6860487446470772,0.6860487446470772
Hf,0.925,4.558731360805325e-06,4.584266395088725e-06,4.584266395088725e-06,1.01002244053037,0.2375722795509681,0.6874277204490319,0.6874277204490319
Hf,0.9275,4.583244078079859e-06,4.6093608356874195e-06,4.6093608356874195e-06,1.0102096735726436,0.23869548083407344,0.6888045191659266,0.6888045191659266
Hf,0.93,4.607844615489068e-06,4.634553231243799e-06,4.634553231243799e-06,1.0103993443957207,0.23982083973359944,0.6901791602664006,0.6901791602664006
Hf,0.9325,4.632533174317316e-06,4.659843891319729e-06,4.659843891319729e-06,1.0105914675040628,0.2409483529759515,0.6915516470240485,0.6915516470240485
Hf,0.935,4.6573099843180025e-06,4.68523433154852e-06,4.68523433154852e-06,1.0107860875502703,0.24207804347164813,0.6929219565283519,0.6929219565283519
Hf,0.9375,4.682176057101984e-06,4.710723860413765e-06,4.710723860413765e-06,1.0109831938609026,0.24320988592289677,0.6942901140771032,0.6942901140771032
Hf,0.9400000000000001,4.707130787067346e-06,4.736312633996972e-06,4.736312633996972e-06,1.0111827967468656,0.24434387368569072,0.6956561263143094,0.6956561263143094
Hf,0.9425,4.732174375049925e-06,4.762001960272272e-06,4.762001960272272e-06,1.011384935482777,0.24548002483897893,0.6970199751610211,0.6970199751610211
Hf,0.9450000000000001,4.7573070216597626e-06,4.787791691305242e-06,4.787791691305242e-06,1.0115896125739783,0.24661832601796205,0.698381673982038,0.698381673982038
Hf,0.9475,4.782529649019658e-06,4.81368164835435e-06,4.81368164835435e-06,1.0117968294962714,0.24775876340205238,0.6997412365979476,0.6997412365979476
Hf,0.9500000000000001,4.807842029254674e-06,4.839673233992283e-06,4.839673233992283e-06,1.01200662774408,0.24890135675005792,0.7010986432499422,0.7010986432499422
Hf,0.9525,4.83324410338381e-06,4.8657662450486454e-06,4.8657662450486454e-06,1.0122190079713564,0.25004609162966285,0.7024539083703372,0.7024539083703372
Hf,0.9550000000000001,4.8587360714158956e-06,4.891960463676154e-06,4.891960463676154e-06,1.0124339702030354,0.25119295352117815,0.7038070464788219,0.7038070464788219
Hf,0.9575,4.884319064708478e-06,4.9182577068057525e-06,4.9182577068057525e-06,1.0126515663563302,0.2523419704683118,0.7051580295316882,0.7051580295316882
Hf,0.96,4.909992554440261e-06,4.944657082469409e-06,4.944657082469409e-06,1.012871778997833,0.2534931137845404,0.7065068862154595,0.7065068862154595
Hf,0.9625,4.935756572779681e-06,4.971159002211846e-06,4.971159002211846e-06,1.0130946238338079,0.25464638215505675,0.7078536178449433,0.7078536178449433
Hf,0.965,4.961611641752775e-06,4.997764968681711e-06,4.997764968681711e-06,1.0133201445844908,0.255801796608445,0.709198203391555,0.709198203391555
Hf,0.9675,4.987558537159127e-06,5.024473797859619e-06,5.024473797859619e-06,1.0135483157066947,0.2569593228267173,0.7105406771732827,0.7105406771732827
Hf,0.97,5.013596595506479e-06,5.051287107041812e-06,5.051287107041812e-06,1.0137791836817531,0.25811898404530886,0.711881015954691,0.711881015954691
Hf,0.9725,5.03972601555191e-06,5.0782046389901595e-06,5.0782046389901595e-06,1.0140127465468538,0.25928076503843506,0.7132192349615649,0.7132192349615649
Hf,0.975,5.065948226136066e-06,5.105226493681471e-06,5.105226493681471e-06,1.0142490113625113,0.26044465801774047,0.7145553419822595,0.7145553419822595
Hf,0.9775,5.092262315537657e-06,5.132354169220396e-06,5.132354169220396e-06,1.014488021357332,0.2616106832964655,0.7158893167035346,0.7158893167035346
Hf,0.98,5.118668399823122e-06,5.159586359636988e-06,5.159586359636988e-06,1.0147297468418348,0.2627788047819844,0.7172211952180156,0.7172211952180156
Hf,0.9825,5.145167807005457e-06,5.186925398070081e-06,5.186925398070081e-06,1.0149742525731267,0.26394905929311085,0.7185509407068892,0.7185509407068892
Hf,0.985,5.17175991937162e-06,5.21436984859374e-06,5.21436984859374e-06,1.01522150512391,0.26512140835021974,0.7198785916497803,0.7198785916497803
Hf,0.9875,5.198444658997652e-06,5.241921344663312e-06,5.241921344663312e-06,1.0154715508728138,0.2662958745610287,0.7212041254389713,0.7212041254389713
Hf,0.99,5.2252234751745185e-06,5.269579500301408e-06,5.269579500301408e-06,1.0157243834204455,0.26747244045945756,0.7225275595405424,0.7225275595405424
Hf,0.9925,5.252095602783499e-06,5.29734503698925e-06,5.29734503698925e-06,1.0159800251369169,0.2686511104615121,0.7238488895384879,0.7238488895384879
Hf,0.995,5.279060992400908e-06,5.325218344227273e-06,5.325218344227273e-06,1.016238489610756,0.2698318823669416,0.7251681176330584,0.7251681176330584
Hf,0.9975,5.306121434517828e-06,5.353199511133399e-06,5.353199511133399e-06,1.0164997824075854,0.27101474817284776,0.7264852518271523,0.7264852518271523
Hf,1.0,5.333275569504894e-06,5.381289417453827e-06,5.381289417453827e-06,1.0167639297155069,0.2721997151408849,0.7278002848591151,0.7278002848591151
Hf,1.0025,5.360524084731543e-06,5.409487810478645e-06,5.409487810478645e-06,1.017030927849596,0.27338676867876865,0.7291132313212314,0.7291132313212314
Hf,1.0050000000000001,5.387867896031444e-06,5.437795763862059e-06,5.437795763862059e-06,1.0173008078584203,0.27457591964898376,0.7304240803510164,0.7304240803510164
Hf,1.0075,5.415306029863044e-06,5.466212984875255e-06,5.466212984875255e-06,1.017573564712674,0.2757671527570108,0.7317328472429893,0.7317328472429893
Hf,1.01,5.4428399041711664e-06,5.494740433283205e-06,5.494740433283205e-06,1.0178492262293044,0.27696047654704437,0.7330395234529558,0.7330395234529558
Hf,1.0125,5.470469076445983e-06,5.523378089778985e-06,5.523378089778985e-06,1.0181277942951505,0.2781558809679918,0.7343441190320082,0.7343441190320082
Hf,1.0150000000000001,5.498193533328337e-06,5.552126480618145e-06,5.552126480618145e-06,1.0184092850484143,0.2793533662677382,0.7356466337322619,0.7356466337322619
Hf,1.0175,5.5260146733092884e-06,5.5809861853564685e-06,5.5809861853564685e-06,1.0186937159089484,0.28055293364362244,0.7369470663563776,0.7369470663563776
Hf,1.02,5.5539311967978555e-06,5.609956964923537e-06,5.609956964923537e-06,1.0189810825321473,0.2817545690094966,0.7382454309905033,0.7382454309905033
Hf,1.0225,5.58194476434244e-06,5.6390403355569394e-06,5.6390403355569394e-06,1.0192714268459033,0.28295829087626356,0.7395417091237363,0.7395417091237363
Hf,1.025,5.61005461813653e-06,5.668234948463794e-06,5.668234948463794e-06,1.0195647148600675,0.2841640647255587,0.7408359352744412,0.7408359352744412
Hf,1.0275,5.638261296925998e-06,5.697543607149439e-06,5.697543607149439e-06,1.0198610223454179,0.28537193250784393,0.7421280674921561,0.7421280674921561
Hf,1.03,5.6665654114143356e-06,5.726964296085208e-06,5.726964296085208e-06,1.020160297352973,0.2865818476702799,0.7434181523297201,0.7434181523297201
Hf,1.0325,5.694966221794545e-06,5.756499068724467e-06,5.756499068724467e-06,1.0204625955634423,0.28779383811914816,0.7447061618808518,0.7447061618808518
Hf,1.035,5.723465527917777e-06,5.786147514326652e-06,5.786147514326652e-06,1.0207679072406666,0.28900788678874695,0.7459921132112529,0.7459921132112529
Hf,1.0375,5.752061705869029e-06,5.815909789659174e-06,5.815909789659174e-06,1.0210762375427822,0.2902239870192896,0.7472760129807104,0.7472760129807104
Hf,1.04,5.7807569220586325e-06,5.8457876249304225e-06,5.8457876249304225e-06,1.021387633235556,0.291442160326996,0.748557839673004,0.748557839673004
Hf,1.0425,5.8095496537465575e-06,5.875779608711041e-06,5.875779608711041e-06,1.0217020576103113,0.2926623719134314,0.7498376280865685,0.7498376280865685
Hf,1.045,5.8384415512294785e-06,5.905887700058194e-06,5.905887700058194e-06,1.0220195632492604,0.29388464718319063,0.7511153528168093,0.7511153528168093
Hf,1.0475,5.867431767886803e-06,5.936111559815389e-06,5.936111559815389e-06,1.0223401416185323,0.2951089705528199,0.7523910294471803,0.7523910294471803
Hf,1.05,5.8965213756563094e-06,5.966450851891822e-06,5.966450851891822e-06,1.0226637841236432,0.2963353266924965,0.7536646733075035,0.7536646733075035
Hf,1.0525,5.925710008738251e-06,5.996908187059105e-06,5.996908187059105e-06,1.0229905602661635,0.29756375191801165,0.7549362480819884,0.7549362480819884
Hf,1.055,5.954998358248152e-06,6.027481851108973e-06,6.027481851108973e-06,1.0233204246014638,0.29879420670081297,0.756205793299187,0.756205793299187
Hf,1.0575,5.9843863393373795e-06,6.058172559666378e-06,6.058172559666378e-06,1.0236533960564362,0.30002669416251687,0.7574733058374832,0.7574733058374832
Hf,1.06,6.013874464443704e-06,6.088982241288898e-06,6.088982241288898e-06,1.0239895256201303,0.301261238189408,0.7587387618105921,0.7587387618105921
Hf,1.0625,6.043462725153525e-06,6.11990950519128e-06,6.11990950519128e-06,1.0243287760385529,0.3024978053048071,0.7600021946951928,0.7600021946951928
Hf,1.065,6.073151662054905e-06,6.1509550881558394e-06,6.1509550881558394e-06,1.0246711664040837,0.30373639884311854,0.7612636011568814,0.7612636011568814
Hf,1.0675000000000001,6.102941133930672e-06,6.1821208772781104e-06,6.1821208772781104e-06,1.0250167461880237,0.30497704154619376,0.7625229584538062,0.7625229584538062
Hf,1.07,6.132831921107423e-06,6.2134055503979036e-06,6.2134055503979036e-06,1.025365479580356,0.3062197014595665,0.7637802985404335,0.7637802985404335
Hf,1.0725,6.162823535526115e-06,6.244809549438996e-06,6.244809549438996e-06,1.0257173774563924,0.3074643768001273,0.7650356231998727,0.7650356231998727
Hf,1.075,6.192917213678031e-06,6.276335126511615e-06,6.276335126511615e-06,1.02607249853697,0.308711096053205,0.766288903946795,0.766288903946795
Hf,1.0775000000000001,6.223111901746028e-06,6.307981029960632e-06,6.307981029960632e-06,1.0264308085179643,0.3099598287543674,0.7675401712456328,0.7675401712456328
Hf,1.08,6.2534095137288145e-06,6.339747569340742e-06,6.339747569340742e-06,1.0267923143716613,0.31121057080582604,0.768789429194174,0.768789429194174
Hf,1.0825,6.283808317078539e-06,6.371636030104394e-06,6.371636030104394e-06,1.0271570487771908,0.3124633342265483,0.7700366657734516,0.7700366657734516
Hf,1.085,6.314310796938173e-06,6.403646994568438e-06,6.403646994568438e-06,1.0275250256399138,0.3137181192090104,0.7712818807909895,0.7712818807909895
Hf,1.0875000000000001,6.344915118919666e-06,6.435779910002164e-06,6.435779910002164e-06,1.027896228709618,0.3149749073056565,0.7725250926943437,0.7725250926943437
Hf,1.09,6.375623040528605e-06,6.468035223933184e-06,6.468035223933184e-06,1.0282706680935498,0.31623369661841644,0.7737663033815836,0.7737663033815836
Hf,1.0925,6.406433929601645e-06,6.5004144945324634e-06,6.5004144945324634e-06,1.0286483831015818,0.3174945032124068,0.7750054967875932,0.7750054967875932
Hf,1.095,6.437348223091164e-06,6.532917628336167e-06,6.532917628336167e-06,1.0290293692494867,0.3187573161659127,0.7762426838340873,0.7762426838340873
Hf,1.0975,6.468366729646992e-06,6.565544482027773e-06,6.565544482027773e-06,1.0294136206396867,0.32002212388067053,0.7774778761193294,0.7774778761193294
Hf,1.1,6.4994883272591174e-06,6.5982955059633154e-06,6.5982955059633154e-06,1.0298011469333734,0.32128892438838186,0.7787110756116183,0.7787110756116183
Hf,1.1025,6.530715500698333e-06,6.63117177017383e-06,6.63117177017383e-06,1.030191973982458,0.32255772554446843,0.7799422744555317,0.7799422744555317
Hf,1.105,6.562046313194525e-06,6.664174013507153e-06,6.664174013507153e-06,1.030586118745839,0.32382852975782206,0.781171470242178,0.781171470242178
Hf,1.1075,6.593482225334768e-06,6.69730175362141e-06,6.69730175362141e-06,1.030983565914859,0.325101320079908,0.782398679920092,0.782398679920092
Hf,1.11,6.625023308158418e-06,6.730555443344545e-06,6.730555443344545e-06,1.0313843246986623,0.32637609446882065,0.7836239055311794,0.7836239055311794
Hf,1.1125,6.656668886884843e-06,6.763935536230152e-06,6.763935536230152e-06,1.0317884041973069,0.3276528508645736,0.7848471491354264,0.7848471491354264
Hf,1.115,6.688421297169901e-06,6.7974431544793215e-06,6.7974431544793215e-06,1.0321958309174897,0.32893159756604445,0.7860684024339555,0.7860684024339555
Hf,1.1175,6.720278717021366e-06,6.831078743859102e-06,6.831078743859102e-06,1.0326066134519118,0.3302123321961148,0.7872876678038851,0.7872876678038851
Hf,1.12,6.752242265732432e-06,6.864842068152552e-06,6.864842068152552e-06,1.0330207424124151,0.33149504185078826,0.7885049581492118,0.7885049581492118
Hf,1.1225,6.784312621930848e-06,6.898733582912311e-06,6.898733582912311e-06,1.0334382264407695,0.33277972439254794,0.7897202756074522,0.7897202756074522
Hf,1.125,6.816488818109808e-06,6.9327537443068824e-06,6.9327537443068824e-06,1.0338590740682811,0.33406637766486585,0.7909336223351341,0.7909336223351341
Hf,1.1275,6.848772553777253e-06,6.966903009099589e-06,6.966903009099589e-06,1.034283293715558,0.3353549994920279,0.792145000507972,0.792145000507972
Hf,1.1300000000000001,6.881163300193871e-06,7.001182382422909e-06,7.001182382422909e-06,1.0347109079690366,0.3366455959546411,0.793354404045359,0.793354404045359
Hf,1.1325,6.913660720530813e-06,7.035592296702401e-06,7.035592296702401e-06,1.0351419243173439,0.33793816434348395,0.7945618356565161,0.7945618356565161
Hf,1.135,6.9462668608181825e-06,7.070132650120967e-06,7.070132650120967e-06,1.035576336232018,0.33923269393078487,0.7957673060692151,0.7957673060692151
Hf,1.1375,6.978980450083866e-06,7.104803900824546e-06,7.104803900824546e-06,1.0360141516696058,0.34052918245903935,0.7969708175409607,0.7969708175409607
Hf,1.1400000000000001,7.011801550658331e-06,7.139606507431534e-06,7.139606507431534e-06,1.0364553784749462,0.34182762765072383,0.7981723723492763,0.7981723723492763
Hf,1.1425,7.04473231345211e-06,7.174540929009289e-06,7.174540929009289e-06,1.0369000243810051,0.34312802720814056,0.7993719727918595,0.7993719727918595
Hf,1.145,7.077771206235802e-06,7.209607625050259e-06,7.209607625050259e-06,1.0373480970087228,0.34443037881326516,0.8005696211867349,0.8005696211867349
Hf,1.1475,7.1109184510858265e-06,7.244807055447659e-06,7.244807055447659e-06,1.0377996038668675,0.34573468012759706,0.8017653198724028,0.8017653198724028
Hf,1.1500000000000001,7.144176054014139e-06,7.280139700691066e-06,7.280139700691066e-06,1.0382545528736795,0.3470409290862571,0.802959070913743,0.802959070913743
Hf,1.1525,7.177542718725923e-06,7.3156066744746546e-06,7.3156066744746546e-06,1.0387129681407916,0.3483491327653101,0.8041508672346901,0.8041508672346901
Hf,1.155,7.211018579548448e-06,7.3512077195324845e-06,7.3512077195324845e-06,1.0391748382856207,0.3496592782740929,0.8053407217259071,0.8053407217259071
Hf,1.1575,7.244605239487083e-06,7.3869432962296805e-06,7.3869432962296805e-06,1.0396401703478615,0.35097136318742284,0.8065286368125772,0.8065286368125772
Hf,1.16,7.278302151972113e-06,7.422813865191463e-06,7.422813865191463e-06,1.0401089712544804,0.3522853850589471,0.8077146149410528,0.8077146149410528
Hf,1.1625,7.312109107814192e-06,7.458819887276114e-06,7.458819887276114e-06,1.0405812478196343,0.35360134142101485,0.8088986585789854,0.8088986585789854
Hf,1.165,7.346027040379745e-06,7.4949618235474225e-06,7.4949618235474225e-06,1.0410570067445999,0.3549192297845508,0.8100807702154492,0.8100807702154492
Hf,1.1675,7.3800566836028735e-06,7.531240135246755e-06,7.531240135246755e-06,1.0415362546177134,0.35623904763893555,0.8112609523610644,0.8112609523610644
Hf,1.17,7.414197220543492e-06,7.567655283764588e-06,7.567655283764588e-06,1.0420189979143195,0.3575607924518856,0.8124392075481144,0.8124392075481144
Hf,1.1725,7.448448939814578e-06,7.6042077306115864e-06,7.6042077306115864e-06,1.0425052429967292,0.3588844616693397,0.8136155383306604,0.8136155383306604
Hf,1.175,7.482813503294211e-06,7.640897937389196e-06,7.640897937389196e-06,1.0429949961141871,0.36021005271534684,0.8147899472846533,0.8147899472846533
Hf,1.1775,7.51729011411659e-06,7.677726365759766e-06,7.677726365759766e-06,1.0434882634028482,0.36153756299195905,0.8159624370080408,0.8159624370080408
Hf,1.18,7.551878761875027e-06,7.714693477416145e-06,7.714693477416145e-06,1.043985050885763,0.36286698987912724,0.8171330101208727,0.8171330101208727
Hf,1.1825,7.586579811573963e-06,7.751799734050793e-06,7.751799734050793e-06,1.044485364472872,0.3641983307345997,0.8183016692654004,0.8183016692654004
Hf,1.185,7.62139499542808e-06,7.789045597324367e-06,7.789045597324367e-06,1.044989209961008,0.36553158289382565,0.8194684171061745,0.8194684171061745
Hf,1.1875,7.656323073728166e-06,7.826431528833808e-06,7.826431528833808e-06,1.0454965930339066,0.36686674366986155,0.8206332563301385,0.8206332563301385
Hf,1.19,7.691364337964319e-06,7.863957990079887e-06,7.863957990079887e-06,1.046007519262227,0.36820381035328076,0.8217961896467193,0.8217961896467193
Hf,1.1925000000000001,7.726519080648002e-06,7.901625442434217e-06,7.901625442434217e-06,1.0465219941035775,0.3695427802120872,0.8229572197879129,0.8229572197879129
Hf,1.195,7.761789097466108e-06,7.939434347105721e-06,7.939434347105721e-06,1.047040022902552,0.37088365049163274,0.8241163495083674,0.8241163495083674
Hf,1.1975,7.797173161699074e-06,7.977385165106574e-06,7.977385165106574e-06,1.0475616108907722,0.37222641841453713,0.8252735815854628,0.8252735815854628
Hf,1.2,7.832671566449395e-06,8.015478357217554e-06,8.015478357217554e-06,1.0480867631869377,0.3735710811806134,0.8264289188193865,0.8264289188193865
Hf,1.2025000000000001,7.868284605268175e-06,8.053714383952856e-06,8.053714383952856e-06,1.0486154847968845,0.37491763596679467,0.8275823640332054,0.8275823640332054
Hf,1.205,7.90401344326945e-06,8.092093705524295e-06,8.092093705524295e-06,1.049147780613649,0.3762660799270665,0.8287339200729334,0.8287339200729334
Hf,1.2075,7.93985802951748e-06,8.130616781804983e-06,8.130616781804983e-06,1.0496836554175402,0.3776164101924018,0.8298835898075984,0.8298835898075984
Hf,1.21,7.97581811623675e-06,8.169284072292359e-06,8.169284072292359e-06,1.0502231138762177,0.3789686238706991,0.8310313761293009,0.8310313761293009
Hf,1.2125000000000001,8.011893998535897e-06,8.208096036070664e-06,8.208096036070664e-06,1.0507661605447773,0.380322718046726,0.8321772819532741,0.8321772819532741
Hf,1.215,8.048085971960289e-06,8.247053131772752e-06,8.247053131772752e-06,1.0513127998658427,0.3816786897820644,0.8333213102179358,0.8333213102179358
Hf,1.2175,8.084395376398646e-06,8.286155817541363e-06,8.286155817541363e-06,1.0518630361696617,0.38303653611506006,0.8344634638849399,0.8344634638849399
Hf,1.22,8.1208217029637e-06,8.32540525146468e-06,8.32540525146468e-06,1.052416890911206,0.3843962629939385,0.8356037370060614,0.8356037370060614
Hf,1.2225,8.157364991727646e-06,8.364801431742232e-06,8.364801431742232e-06,1.0529743568221428,0.385757861457206,0.8367421385427939,0.8367421385427939
Hf,1.225,8.194025539735489e-06,8.404344648133657e-06,8.404344648133657e-06,1.0535354337737521,0.38712132632386076,0.8378786736761393,0.8378786736761393
Hf,1.2275,8.2308036444564e-06,8.444035357727089e-06,8.444035357727089e-06,1.054100125666944,0.3884866545419177,0.8390133454580823,0.8390133454580823
Hf,1.23,8.267700084290716e-06,8.483874016935332e-06,8.483874016935332e-06,1.0546684362908245,0.38985384303593856,0.8401461569640613,0.8401461569640613
Hf,1.2325,8.30471535766214e-06,8.523861081453393e-06,8.523861081453393e-06,1.0552403693228287,0.39122288870700334,0.8412771112929966,0.8412771112929966
Hf,1.235,8.341849063225144e-06,8.563997006215384e-06,8.563997006215384e-06,1.0558159283288548,0.39259378843268344,0.8424062115673165,0.8424062115673165
Hf,1.2375,8.379101499887477e-06,8.60428224535071e-06,8.60428224535071e-06,1.056395116763406,0.39396653906702145,0.8435334609329787,0.8435334609329787
Hf,1.24,8.416472966967818e-06,8.644717523093169e-06,8.644717523093169e-06,1.056977944527801,0.39534114076726173,0.8446588592327383,0.8446588592327383
Hf,1.2425,8.453963764193348e-06,8.685304258641821e-06,8.685304258641821e-06,1.0575644381584677,0.39671760210297524,0.8457823978970246,0.8457823978970246
Hf,1.245,8.49157436513809e-06,8.726041750945084e-06,8.726041750945084e-06,1.0581545728045267,0.3980959056224543,0.8469040943775459,0.8469040943775459
Hf,1.2475,8.529305735083667e-06,8.766930451913012e-06,8.766930451913012e-06,1.058748351495445,0.39947604808835163,0.8480239519116484,0.8480239519116484
Hf,1.25,8.567157315744252e-06,8.807970812441345e-06,8.807970812441345e-06,1.0593457771500634,0.4008580262397113,0.8491419737602887,0.8491419737602887
Hf,1.2525,8.605129408209703e-06,8.84916328236356e-06,8.84916328236356e-06,1.0599468525767606,0.4022418367919667,0.8502581632080332,0.8502581632080332
Hf,1.2550000000000001,8.643222313964226e-06,8.890508399798314e-06,8.890508399798314e-06,1.060551582609078,0.40362747750359523,0.8513725224964048,0.8513725224964048
Hf,1.2575,8.681436334883813e-06,8.932008401560396e-06,8.932008401560396e-06,1.0611600124601173,0.4050149662689784,0.8524850337310216,0.8524850337310216
Hf,1.26,8.719771773233684e-06,8.973661948937103e-06,8.973661948937103e-06,1.0617721018492516,0.4064042783112305,0.8535957216887696,0.8535957216887696
Hf,1.2625,8.758228931665652e-06,9.015469488587066e-06,9.015469488587066e-06,1.0623878531637885,0.40779541025413646,0.8547045897458635,0.8547045897458635
Hf,1.2650000000000001,8.796808547486058e-06,9.057431465877139e-06,9.057431465877139e-06,1.0630072686814516,0.4091883586978931,0.8558116413021071,0.8558116413021071
Hf,1.2675,8.835510861373338e-06,9.099548324829976e-06,9.099548324829976e-06,1.0636303505705613,0.4105831202191274,0.8569168797808725,0.8569168797808725
Hf,1.27,8.874335782369862e-06,9.141822874197046e-06,9.141822874197046e-06,1.0642571566340215,0.41197971879643797,0.858020281203562,0.858020281203562
Hf,1.2725,8.913283614384354e-06,9.184253297880589e-06,9.184253297880589e-06,1.0648876353603967,0.41337812451125344,0.8591218754887465,0.8591218754887465
Hf,1.2750000000000001,8.952354661696733e-06,9.22684002927336e-06,9.22684002927336e-06,1.065521788422341,0.4147783337796714,0.8602216662203288,0.8602216662203288
Hf,1.2775,8.991549228955368e-06,9.269583508175394e-06,9.269583508175394e-06,1.0661596175715349,0.41618034308687785,0.8613196569131222,0.8613196569131222
Hf,1.28,9.030867621174258e-06,9.312485809259028e-06,9.312485809259028e-06,1.0668011626444305,0.4175841675036549,0.862415832496345,0.862415832496345
Hf,1.2825,9.070310143730194e-06,9.355546910408653e-06,9.355546910408653e-06,1.0674464142064584,0.41898979799388764,0.8635102020061123,0.8635102020061123
Hf,1.285,9.109877102359887e-06,9.398766177387384e-06,9.398766177387384e-06,1.0680953486482665,0.42039721873563723,0.8646027812643629,0.8646027812643629
Hf,1.2875,9.14956880315708e-06,9.442144045047587e-06,9.442144045047587e-06,1.0687479673080458,0.4218064261230036,0.8656935738769964,0.8656935738769964
Hf,1.29,9.189385552569605e-06,9.485682952559773e-06,9.485682952559773e-06,1.0694043177862396,0.42321743890371805,0.8667825610962819,0.8667825610962819
Hf,1.2925,9.229328046614137e-06,9.529382494636497e-06,9.529382494636497e-06,1.0700643815576494,0.42463024379701325,0.8678697562029868,0.8678697562029868
Hf,1.295,9.26939631728134e-06,9.573242046061511e-06,9.573242046061511e-06,1.0707281351776823,0.4260448252861988,0.8689551747138012,0.8689551747138012
Hf,1.2975,9.309590531615798e-06,9.617262150645768e-06,9.617262150645768e-06,1.0713955822057404,0.42746118093587054,0.8700388190641295,0.8700388190641295
Hf,1.3,9.349910997166052e-06,9.661446446804817e-06,9.661446446804817e-06,1.0720667969344015,0.42887934213672174,0.8711206578632784,0.8711206578632784
Hf,1.3025,9.390358021817628e-06,9.705792153615035e-06,9.705792153615035e-06,1.0727417062911706,0.43029926968964277,0.8722007303103573,0.8722007303103573
Hf,1.305,9.430931913789872e-06,9.750299695874915e-06,9.750299695874915e-06,1.0734203109033016,0.43172095983133,0.8732790401686699,0.8732790401686699
Hf,1.3075,9.471632981632842e-06,9.794972021758198e-06,9.794972021758198e-06,1.0741026686615998,0.4331444360095161,0.8743555639904841,0.8743555639904841
Hf,1.31,9.51246153422409e-06,9.839808343656033e-06,9.839808343656033e-06,1.0747887521452115,0.43456968102980237,0.8754303189701977,0.8754303189701977
Hf,1.3125,9.55341788076551e-06,9.884807889049686e-06,9.884807889049686e-06,1.0754785345194786,0.4359966781354611,0.8765033218645388,0.8765033218645388
Hf,1.315,9.594502330780052e-06,9.929973201032968e-06,9.929973201032968e-06,1.0761720639228023,0.4374254460640934,0.8775745539359067,0.8775745539359067
Hf,1.3175000000000001,9.635715194108494e-06,9.975304582851401e-06,9.975304582851401e-06,1.0768693375545746,0.4388559793996917,0.8786440206003083,0.8786440206003083
Hf,1.32,9.677056780906104e-06,1.0020800566109131e-05,1.0020800566109131e-05,1.0775703128746357,0.4402882541257962,0.8797117458742039,0.8797117458742039
Hf,1.3225,9.718527401639338e-06,1.0066463952163082e-05,1.0066463952163082e-05,1.078275043255132,0.44172229134974933,0.8807777086502505,0.8807777086502505
Hf,1.325,9.760127367082484e-06,1.0112294820774887e-05,1.0112294820774887e-05,1.0789835207053649,0.44315808329613665,0.8818419167038632,0.8818419167038632
Hf,1.3275000000000001,9.801856988314231e-06,1.015829165743014e-05,1.015829165743014e-05,1.0796957018097089,0.4445956057481371,0.8829043942518631,0.8829043942518631
Hf,1.33,9.843716576714268e-06,1.0204458220632202e-05,1.0204458220632202e-05,1.0804116606030139,0.44603488932475804,0.8839651106752421,0.8839651106752421
Hf,1.3325,9.88570644395984e-06,1.0250792981713876e-05,1.0250792981713876e-05,1.081131353208847,0.4474759096287557,0.8850240903712443,0.8850240903712443
Hf,1.335,9.927826902022214e-06,1.0297295152743644e-05,1.0297295152743644e-05,1.0818547525504343,0.4489186502642846,0.8860813497357153,0.8860813497357153
Hf,1.3375000000000001,9.97007826316321e-06,1.0343969921434429e-05,1.0343969921434429e-05,1.0825819633722786,0.4503631558664486,0.8871368441335516,0.8871368441335516
Hf,1.34,1.0012460839931586e-05,1.0390812956078646e-05,1.0390812956078646e-05,1.0833128801555183,0.4518093737306265,0.8881906262693735,0.8881906262693735
Hf,1.3425,1.00549749451595e-05,1.0437826866914926e-05,1.0437826866914926e-05,1.0840475505554354,0.45325732207615305,0.889242677923847,0.889242677923847
Hf,1.345,1.009762089195886e-05,1.0485012930226914e-05,1.0485012930226914e-05,1.0847859924843268,0.4547070052829531,0.8902929947170468,0.8902929947170468
Hf,1.3475,1.0140398993717664e-05,1.0532368591397118e-05,1.0532368591397118e-05,1.085528140169144,0.4561583893706129,0.8913416106293871,0.8913416106293871
Hf,1.35,1.0183309564096337e-05,1.0579899378702656e-05,1.0579899378702656e-05,1.0862741041393387,0.45761152120249293,0.892388478797507,0.892388478797507
Hf,1.3525,1.0226352917023962e-05,1.0627601074056742e-05,1.0627601074056742e-05,1.087023782430058,0.4590663503265922,0.8934336496734078,0.8934336496734078
Hf,1.355,1.0269529366694573e-05,1.0675476695567909e-05,1.0675476695567909e-05,1.0877772305730669,0.4605228983876395,0.8944771016123604,0.8944771016123604
Hf,1.3575,1.0312839227563335e-05,1.072352649103057e-05,1.072352649103057e-05,1.0885344436844102,0.4619811593847954,0.8955188406152046,0.8955188406152046
Hf,1.36,1.0356282814342704e-05,1.077174927663886e-05,1.077174927663886e-05,1.089295386153487,0.4634411134562521,0.8965588865437478,0.8965588865437478
Hf,1.3625,1.0399860441998591e-05,1.0820149233831798e-05,1.0820149233831798e-05,1.0900601377006165,0.46490279301514,0.8975972069848601,0.8975972069848601
Hf,1.365,1.0443572425746458e-05,1.0868721942307466e-05,1.0868721942307466e-05,1.0908285932314998,0.46636614683383254,0.8986338531661675,0.8986338531661675
Hf,1.3675,1.0487419081047376e-05,1.0917473694255345e-05,1.0917473694255345e-05,1.091600877173319,0.4678312274096342,0.8996687725903657,0.8996687725903657
Hf,1.37,1.053140072360407e-05,1.0966399531399868e-05,1.0966399531399868e-05,1.0923768732854657,0.4692979786879626,0.9007020213120377,0.9007020213120377
Hf,1.3725,1.0575517669356908e-05,1.1015504263442047e-05,1.1015504263442047e-05,1.0931566737305358,0.4707664384841532,0.9017335615158468,0.9017335615158468
Hf,1.375,1.061977023447985e-05,1.1064785274186432e-05,1.1064785274186432e-05,1.093940212522307,0.4722365735419807,0.9027634264580192,0.9027634264580192
Hf,1.3775,1.0664158735376387e-05,1.1114245330912482e-05,1.1114245330912482e-05,1.094727537940757,0.4737084018803243,0.9037915981196756,0.9037915981196756
Hf,1.3800000000000001,1.0708683488675462e-05,1.1163883553681919e-05,1.1163883553681919e-05,1.095518620923069,0.4751819068935463,0.9048180931064538,0.9048180931064538
Hf,1.3825,1.0753345095837328e-05,1.1213701283569902e-05,1.1213701283569902e-05,1.0963134793199725,0.4766570929675245,0.9058429070324756,0.9058429070324756
Hf,1.385,1.0798143947042687e-05,1.1263698749634058e-05,1.1263698749634058e-05,1.0971121074196635,0.4781339539693044,0.9068660460306956,0.9068660460306956
Hf,1.3875,1.0843080039928366e-05,1.131387650467113e-05,1.131387650467113e-05,1.097914506338616,0.47961248684498226,0.9078875131550176,0.9078875131550176
Hf,1.3900000000000001,1.088815369235213e-05,1.1364235237474961e-05,1.1364235237474961e-05,1.0987206799017486,0.4810926897270495,0.9089073102729507,0.9089073102729507
Hf,1.3925,1.093336522237858e-05,1.1414775372764773e-05,1.1414775372764773e-05,1.0995306264284168,0.48257455834399,0.90992544165601,0.90992544165601
Hf,1.395,1.0978714948274866e-05,1.1465497387239058e-05,1.1465497387239058e-05,1.1003443452235082,0.48405808885798973,0.9109419111420104,0.9109419111420104
Hf,1.3975,1.102420318850635e-05,1.151640226059561e-05,1.151640226059561e-05,1.1011618459891412,0.4855432820302162,0.9119567179697838,0.9119567179697838
Hf,1.4000000000000001,1.1069830261732175e-05,1.1567489562446916e-05,1.1567489562446916e-05,1.1019831092103143,0.48703012578911803,0.9129698742108823,0.9129698742108823
Hf,1.4025,1.1115596486800841e-05,1.1618761533974415e-05,1.1618761533974415e-05,1.1028081703952115,0.48851863220612307,0.9139813677938771,0.9139813677938771
Hf,1.405,1.1161502182745737e-05,1.1670216118953739e-05,1.1670216118953739e-05,1.1036369766652594,0.4900087746856818,0.9149912253143183,0.9149912253143183
Hf,1.4075,1.1207547668780626e-05,1.172185755061217e-05,1.172185755061217e-05,1.1044696040021917,0.49150058291348253,0.9159994170865174,0.9159994170865174
Hf,1.41,1.1253733473672204e-05,1.1773681403761773e-05,1.1773681403761773e-05,1.105305951375547,0.4929940094537532,0.9170059905462465,0.9170059905462465
Hf,1.4125,1.1300060539194341e-05,1.1825694658917683e-05,1.1825694658917683e-05,1.106146150153122,0.4944891079359925,0.9180108920640075,0.9180108920640075
Hf,1.415,1.1346528395559217e-05,1.1877891245105062e-05,1.1877891245105062e-05,1.1069900662693328,0.4959858167762145,0.9190141832237857,0.9190141832237857
Hf,1.4175,1.1393137363053165e-05,1.1930277196757609e-05,1.1930277196757609e-05,1.1078378111846927,0.49748418080198686,0.9200158191980131,0.9200158191980131
Hf,1.42,1.143988776212251e-05,1.198284920409563e-05,1.198284920409563e-05,1.108689307229117,0.49898416304239523,0.9210158369576046,0.9210158369576046
Hf,1.4225,1.148677991336878e-05,1.2035609490177872e-05,1.2035609490177872e-05,1.1095445884332442,0.5004857747872418,0.9220142252127583,0.9220142252127583
Hf,1.425,1.1533814137543915e-05,1.2088559285958268e-05,1.2088559285958268e-05,1.1104036686256566,0.5019890185739165,0.9230109814260836,0.9230109814260836
Hf,1.4275,1.1580990755545487e-05,1.2141695852085411e-05,1.2141695852085411e-05,1.1112664822405756,0.5034938629178729,0.9240061370821271,0.9240061370821271
Hf,1.43,1.1628310213767728e-05,1.2195025803380646e-05,1.2195025803380646e-05,1.1121331503679377,0.5050003562786145,0.9249996437213855,0.9249996437213855
Hf,1.4325,1.1675773928923246e-05,1.2248543421594457e-05,1.2248543421594457e-05,1.1130035482469829,0.506508441951474,0.9259915580485261,0.9259915580485261
Hf,1.435,1.1723381046534816e-05,1.2302253054033205e-05,1.2302253054033205e-05,1.1138777513790743,0.5080181488189445,0.9269818511810556,0.9269818511810556
Hf,1.4375,1.1771131888451689e-05,1.235615443639584e-05,1.235615443639584e-05,1.1147557435429527,0.5095294666070298,0.9279705333929702,0.9279705333929702
Hf,1.44,1.1819026776646885e-05,1.2410245359700935e-05,1.2410245359700935e-05,1.1156374703982836,0.511042368952401,0.928957631047599,0.928957631047599
Hf,1.4425000000000001,1.1867066033212124e-05,1.2464532832592694e-05,1.2464532832592694e-05,1.1165230587960204,0.5125569062591725,0.9299430937408276,0.9299430937408276
Hf,1.445,1.1915249980352724e-05,1.2519011133004922e-05,1.2519011133004922e-05,1.117412385410052,0.5140730230111158,0.9309269769888842,0.9309269769888842
Hf,1.4475,1.196357955560495e-05,1.2573682871485256e-05,1.2573682871485256e-05,1.1183054905508676,0.5155907329753334,0.9319092670246667,0.9319092670246667
Hf,1.45,1.2012055477816205e-05,1.2628550915481662e-05,1.2628550915481662e-05,1.119202419064489,0.5171100517073897,0.9328899482926103,0.9328899482926103
Hf,1.4525000000000001,1.2060677105724948e-05,1.2683611630650964e-05,1.2683611630650964e-05,1.1201030892978463,0.5186309415970419,0.9338690584029582,0.9338690584029582
Hf,1.455,1.2109444762376571e-05,1.2738868945611648e-05,1.2738868945611648e-05,1.1210075665201942,0.5201534267626532,0.934846573237347,0.934846573237347
Hf,1.4575,1.215835877090691e-05,1.2794323018654186e-05,1.2794323018654186e-05,1.1219158426628104,0.5216775005137166,0.9358224994862834,0.9358224994862834
Hf,1.46,1.2207419454536939e-05,1.2849971652968625e-05,1.2849971652968625e-05,1.1228278644552279,0.523203137358252,0.9367968626417481,0.9367968626417481
Hf,1.4625000000000001,1.2256628095853567e-05,1.2905819231881737e-05,1.2905819231881737e-05,1.1237437051551449,0.5247303645810685,0.9377696354189315,0.9377696354189315
Hf,1.465,1.230598497509437e-05,1.2961864838577956e-05,1.2961864838577956e-05,1.1246633360166043,0.5262591669298263,0.9387408330701739,0.9387408330701739
Hf,1.4675,1.2355489549869073e-05,1.3018106901958283e-05,1.3018106901958283e-05,1.1255867160928323,0.5277895241959725,0.9397104758040276,0.9397104758040276
Hf,1.47,1.2405142144139115e-05,1.3074549395296193e-05,1.3074549395296193e-05,1.1265139100744919,0.5293214599507766,0.9406785400492234,0.9406785400492234
Hf,1.4725,1.245494308192676e-05,1.313119204414556e-05,1.313119204414556e-05,1.1274449015387256,0.5308549641299645,0.9416450358700355,0.9416450358700355
Hf,1.475,1.2504893178352206e-05,1.3188033049789769e-05,1.3188033049789769e-05,1.128379645422366,0.5323900149404662,0.9426099850595339,0.9426099850595339
Hf,1.4775,1.2554993860645578e-05,1.3245075067145945e-05,1.3245075067145945e-05,1.1293181809085833,0.5339266253296749,0.943573374670325,0.943573374670325
Hf,1.48,1.260524391121275e-05,1.3302320268204978e-05,1.3302320268204978e-05,1.1302605376669672,0.5354648042326964,0.9445351957673037,0.9445351957673037
Hf,1.4825,1.2655643654731425e-05,1.3359765730220952e-05,1.3359765730220952e-05,1.1312066496936362,0.5370045213730024,0.9454954786269973,0.9454954786269973
Hf,1.485,1.2706193415914844e-05,1.341741210129561e-05,1.341741210129561e-05,1.1321565182761797,0.5385457741511219,0.9464542258488781,0.9464542258488781
Hf,1.4875,1.2756894397853947e-05,1.3475265098693962e-05,1.3475265098693962e-05,1.1331102388993464,0.540088598323345,0.947411401676655,0.947411401676655
Hf,1.49,1.280774747293309e-05,1.3533320529615705e-05,1.3533320529615705e-05,1.1340677222291204,0.541632954248512,0.948367045751488,0.948367045751488
Hf,1.4925,1.2858751594484923e-05,1.3591578779257283e-05,1.3591578779257283e-05,1.1350289645078515,0.5431788372780438,0.9493211627219561,0.9493211627219561
Hf,1.495,1.2909907087789538e-05,1.365004206936258e-05,1.365004206936258e-05,1.135993995826822,0.5447262564770966,0.9502737435229035,0.9502737435229035
Hf,1.4975,1.2961214278136277e-05,1.370871297754513e-05,1.370871297754513e-05,1.1369628524559112,0.5462752233188961,0.9512247766811038,0.9512247766811038
Hf,1.5,1.3012675654403784e-05,1.3767588616565022e-05,1.3767588616565022e-05,1.1379354700811906,0.5478257086286014,0.9521742913713985,0.9521742913713985
Hf,1.5025,1.3064289747829539e-05,1.3826669639510808e-05,1.3826669639510808e-05,1.1389118497524038,0.5493777097298631,0.9531222902701367,0.9531222902701367
Hf,1.5050000000000001,1.3116056570874812e-05,1.3885958536955653e-05,1.3885958536955653e-05,1.1398920259348846,0.5509312373569605,0.9540687626430395,0.9540687626430395
Hf,1.5075,1.3167976449303513e-05,1.3945457068491502e-05,1.3945457068491502e-05,1.1408760194078862,0.5524862966618694,0.9550137033381306,0.9550137033381306
Hf,1.51,1.3220051385994298e-05,1.4005162899428093e-05,1.4005162899428093e-05,1.1418637765308342,0.5540428629891123,0.9559571370108876,0.9559571370108876
Hf,1.5125,1.3272281065854414e-05,1.40650766853733e-05,1.40650766853733e-05,1.1428552982224256,0.5556009336202108,0.9568990663797893,0.9568990663797893
Hf,1.5150000000000001,1.332466483673155e-05,1.4125199510501274e-05,1.4125199510501274e-05,1.1438505930693652,0.5571605088899011,0.957839491110099,0.957839491110099
Hf,1.5175,1.3377203024790043e-05,1.418553564265872e-05,1.418553564265872e-05,1.1448497266685425,0.5587216117542307,0.9587783882457692,0.9587783882457692
Hf,1.52,1.3429897700571256e-05,1.4246081647346657e-05,1.4246081647346657e-05,1.1458526260036228,0.5602842100243796,0.9597157899756206,0.9597157899756206
Hf,1.5225,1.3482748601296914e-05,1.4306838182328992e-05,1.4306838182328992e-05,1.1468592918644873,0.5618483009409567,0.9606516990590434,0.9606516990590434
Hf,1.5250000000000001,1.353575495771144e-05,1.4367805906128859e-05,1.4367805906128859e-05,1.1478697250118683,0.5634138817347993,0.9615861182652006,0.9615861182652006
Hf,1.5275,1.3588917096303116e-05,1.4428986841268966e-05,1.4428986841268966e-05,1.1488839503541781,0.5649809591490217,0.9625190408509783,0.9625190408509783
Hf,1.53,1.364223773062106e-05,1.4490382991501482e-05,1.4490382991501482e-05,1.1499019921590632,0.5665495396022647,0.9634504603977353,0.9634504603977353
Hf,1.5325,1.3695715505634462e-05,1.4551992249730836e-05,1.4551992249730836e-05,1.1509238018892158,0.5681196008801105,0.9643803991198895,0.9643803991198895
Hf,1.5350000000000001,1.374935010401789e-05,1.4613815276161743e-05,1.4613815276161743e-05,1.1519493801791183,0.5696911401740379,0.9653088598259624,0.9653088598259624
Hf,1.5375,1.380314225124456e-05,1.4675852731653753e-05,1.4675852731653753e-05,1.1529787276347472,0.5712641546661219,0.9662358453338782,0.9662358453338782
Hf,1.54,1.385709470526097e-05,1.4738105277702224e-05,1.4738105277702224e-05,1.1540118448337022,0.5728386415291061,0.9671613584708939,0.9671613584708939
Hf,1.5425,1.3911205026064161e-05,1.4800576821281494e-05,1.4800576821281494e-05,1.1550487888682026,0.5744146199205128,0.9680853800794873,0.9680853800794873
Hf,1.545,1.396547354065385e-05,1.4863265104121667e-05,1.4863265104121667e-05,1.1560895090294852,0.5759920669760801,0.9690079330239199,0.9690079330239199
Hf,1.5475,1.4019902631455998e-05,1.4926170396662293e-05,1.4926170396662293e-05,1.1571339989569722,0.5775709771732442,0.9699290228267559,0.9699290228267559
Hf,1.55,1.4074491947135856e-05,1.4989293361470224e-05,1.4989293361470224e-05,1.158182259104728,0.5791513476473055,0.9708486523526945,0.9708486523526945
Hf,1.5525,1.4129240502367228e-05,1.5052634661632595e-05,1.5052634661632595e-05,1.1592342898989996,0.5807331755246165,0.9717668244753835,0.9717668244753835
Hf,1.555,1.4184149396701238e-05,1.5116194960735643e-05,1.5116194960735643e-05,1.1602900917383268,0.5823164579226536,0.9726835420773463,0.9726835420773463
Hf,1.5575,1.4239220989302079e-05,1.5179976113419368e-05,1.5179976113419368e-05,1.1613496853751235,0.5839011997786336,0.9735988002213665,0.9735988002213665
Hf,1.56,1.4294452869197711e-05,1.524397941362087e-05,1.524397941362087e-05,1.162413081725764,0.5854874021982495,0.9745125978017507,0.9745125978017507
Hf,1.5625,1.4349845363655402e-05,1.53082036284993e-05,1.53082036284993e-05,1.1634802485384692,0.5870750497420361,0.975424950257964,0.975424950257964
Hf,1.565,1.4405402311437057e-05,1.5372649422040522e-05,1.5372649422040522e-05,1.1645511860905065,0.5886641394920116,0.9763358605079883,0.9763358605079883
Hf,1.5675000000000001,1.4461120809252755e-05,1.543731745860186e-05,1.543731745860186e-05,1.165625894631907,0.5902546685217153,0.9772453314782849,0.9772453314782849
Hf,1.57,1.4517000971365027e-05,1.5502208402888572e-05,1.5502208402888572e-05,1.166704374385557,0.591846633896283,0.9781533661037171,0.9781533661037171
Hf,1.5725,1.4573046108632513e-05,1.5567322919930103e-05,1.5567322919930103e-05,1.1677866255472888,0.593440032672525,0.9790599673274751,0.9790599673274751
Hf,1.575,1.4629254526599834e-05,1.5632661675055745e-05,1.5632661675055745e-05,1.1688726482859686,0.595034861899001,0.9799651381009988,0.9799651381009988
Hf,1.5775000000000001,1.4685625660316168e-05,1.5698225333870145e-05,1.5698225333870145e-05,1.1699624427435777,0.5966311186161005,0.9808688813838996,0.9808688813838996
Hf,1.58,1.4742162611592364e-05,1.5764016283566902e-05,1.5764016283566902e-05,1.171056037735476,0.5982288106728173,0.9817711893271825,0.9817711893271825
Hf,1.5825,1.4798864260654201e-05,1.5830033872491955e-05,1.5830033872491955e-05,1.1721534111972287,0.5998279266947453,0.9826720733052549,0.9826720733052549
Hf,1.585,1.4855729678522891e-05,1.5896278271469742e-05,1.5896278271469742e-05,1.1732545549199382,0.6014284605786604,0.9835715394213395,0.9835715394213395
Hf,1.5875000000000001,1.4912762086009206e-05,1.5962750145410108e-05,1.5962750145410108e-05,1.1743594689268928,0.6030304093325316,0.9844695906674684,0.9844695906674684
Hf,1.59,1.4969960285548272e-05,1.6029450159350946e-05,1.6029450159350946e-05,1.1754681532148192,0.6046337699565661,0.9853662300434339,0.9853662300434339
Hf,1.5925,1.5027323308442278e-05,1.6096378978431214e-05,1.6096378978431214e-05,1.176580607753951,0.6062385394432915,0.9862614605567086,0.9862614605567086
Hf,1.595,1.5084854831922473e-05,1.616353726786327e-05,1.616353726786327e-05,1.177696832488088,0.607844714777633,0.9871552852223671,0.9871552852223671
Hf,1.5975000000000001,1.514255290948267e-05,1.6230925692904883e-05,1.6230925692904883e-05,1.1788168273346549,0.6094522929369944,0.9880477070630056,0.9880477070630056
Hf,1.6,1.5200416866318037e-05,1.629854491883076e-05,1.629854491883076e-05,1.1799405921847563,0.611061270891338,0.9889387291086622,0.9889387291086622
Hf,1.6025,1.5258451183057802e-05,1.6366395610903715e-05,1.6366395610903715e-05,1.181068126903228,0.6126716456032637,0.9898283543967364,0.9898283543967364
Hf,1.605,1.531665247405814e-05,1.6434478434345407e-05,1.6434478434345407e-05,1.182199431328687,0.6142834140280908,0.9907165859719091,0.9907165859719091
Hf,1.6075,1.5375021326343128e-05,1.6502794054306495e-05,1.6502794054306495e-05,1.1833345052735744,0.6158965731139382,0.9916034268860618,0.9916034268860618
Hf,1.61,1.5433561506147188e-05,1.6571343135836545e-05,1.6571343135836545e-05,1.184473348524199,0.6175111198018047,0.9924888801981954,0.9924888801981954
Hf,1.6125,1.5492269353588353e-05,1.6640126343853324e-05,1.6640126343853324e-05,1.1856159608407735,0.6191270510256515,0.9933729489743486,0.9933729489743486
Hf,1.615,1.555114717322521e-05,1.670914434311177e-05,1.670914434311177e-05,1.1867623419574524,0.6207443637124817,0.9942556362875183,0.9942556362875183
Hf,1.6175,1.5610196200229723e-05,1.677839779817234e-05,1.677839779817234e-05,1.1879124915823596,0.6223630547824242,0.9951369452175758,0.9951369452175758
Hf,1.62,1.5669413954392976e-05,1.6847887373369073e-05,1.6847887373369073e-05,1.1890664093976195,0.6239831211488136,0.9960168788511865,0.9960168788511865
Hf,1.6225,1.572880446539866e-05,1.6917613732777026e-05,1.6917613732777026e-05,1.1902240950593796,0.6256045597182731,0.996895440281727,0.996895440281727
Hf,1.625,1.578836569593247e-05,1.6987577540179314e-05,1.6987577540179314e-05,1.1913855481978322,0.6272273673907959,0.997772632609204,0.997772632609204
Hf,1.6275,1.584809738259569e-05,1.7057779459033633e-05,1.7057779459033633e-05,1.1925507684172303,0.6288515410598289,0.998648458940171,0.998648458940171
Hf,1.6300000000000001,1.5908003657552438e-05,1.712822015243834e-05,1.712822015243834e-05,1.1937197552959022,0.6304770776123543,0.9995229223876458,0.9995229223876458
Hf,1.6325,1.596808045473105e-05,1.7198900283097875e-05,1.7198900283097875e-05,1.1948925083862607,0.6321039739289716,1.0003960260710285,1.0003960260710285
Hf,1.635,1.6028331085862275e-05,1.7269820513287953e-05,1.7269820513287953e-05,1.1960690272148096,0.6337322268839818,1.0012677731160182,1.0012677731160182
Hf,1.6375,1.608875523478573e-05,1.734098150482e-05,1.734098150482e-05,1.1972493112821456,0.6353618333454703,1.0021381666545297,1.0021381666545297
Hf,1.6400000000000001,1.6149351236876353e-05,1.74123839190052e-05,1.74123839190052e-05,1.1984333600629584,0.6369927901753887,1.0030072098246114,1.0030072098246114
Hf,1.6425,1.6210124313805353e-05,1.7484028416617936e-05,1.7484028416617936e-05,1.199621173006022,0.6386250942296395,1.0038749057703604,1.0038749057703604
Hf,1.645,1.6271069711835138e-05,1.755591565785884e-05,1.755591565785884e-05,1.2008127495341905,0.640258742358159,1.0047412576418409,1.0047412576418409
Hf,1.6475,1.633219096068e-05,1.7628046302317152e-05,1.7628046302317152e-05,1.2020080890443812,0.6418937314050008,1.0056062685949991,1.0056062685949991
Hf,1.6500000000000001,1.639348760406768e-05,1.770042100893265e-05,1.770042100893265e-05,1.2032071909075592,0.643530058208419,1.006469941791581,1.006469941791581
Hf,1.6525,1.645495845357075e-05,1.7773040435956935e-05,1.7773040435956935e-05,1.2044100544687177,0.6451677196009525,1.0073322803990474,1.0073322803990474
Hf,1.655,1.6516607926497387e-05,1.784590524091428e-05,1.784590524091428e-05,1.2056166790468512,0.646806712409509,1.0081932875904909,1.0081932875904909
Hf,1.6575,1.6578431522662868e-05,1.791901608056187e-05,1.791901608056187e-05,1.2068270639349283,0.6484470334554487,1.0090529665445513,1.0090529665445513
Hf,1.6600000000000001,1.6640433969914864e-05,1.7992373610849377e-05,1.7992373610849377e-05,1.2080412083998593,0.6500886795546676,1.0099113204453325,1.0099113204453325
Hf,1.6625,1.67026127224963e-05,1.8065978486878136e-05,1.8065978486878136e-05,1.2092591116824578,0.6517316475176828,1.0107683524823174,1.0107683524823174
Hf,1.665,1.676496903423949e-05,1.813983136285959e-05,1.813983136285959e-05,1.210480772997401,0.6533759341497157,1.0116240658502844,1.0116240658502844
Hf,1.6675,1.6827504535036915e-05,1.8213932892073253e-05,1.8213932892073253e-05,1.2117061915331842,0.6550215362507771,1.012478463749223,1.012478463749223
Hf,1.67,1.6890216428466406e-05,1.8288283726824023e-05,1.8288283726824023e-05,1.2129353664520726,0.6566684506157502,1.0133315493842499,1.0133315493842499
Hf,1.6725,1.6953110272574036e-05,1.8362884518398895e-05,1.8362884518398895e-05,1.214168296890046,0.6583166740344769,1.014183325965523,1.014183325965523
Hf,1.675,1.7016180785518454e-05,1.8437735917023097e-05,1.8437735917023097e-05,1.2154049819567443,0.6599662032918396,1.0150337967081602,1.0150337967081602
Hf,1.6775,1.7079433256375126e-05,1.8512838571815582e-05,1.8512838571815582e-05,1.2166454207354025,0.6616170351678483,1.015882964832152,1.015882964832152
Hf,1.68,1.7142864452512935e-05,1.858819510133001e-05,1.858819510133001e-05,1.2178896415540772,0.6632691765494956,1.0167308234505044,1.0167308234505044
Hf,1.6825,1.7206476816629556e-05,1.8663805163298018e-05,1.8663805163298018e-05,1.219137628538336,0.6649226190002344,1.0175773809997657,1.0175773809997657
Hf,1.685,1.727027029823902e-05,1.8739668591653295e-05,1.8739668591653295e-05,1.220389368579917,0.6665773550867496,1.0184226449132503,1.0184226449132503
Hf,1.6875,1.733424429239099e-05,1.88157860330822e-05,1.88157860330822e-05,1.221644860670816,0.6682333815700708,1.019266618429929,1.019266618429929
Hf,1.69,1.7398401664879463e-05,1.8892158132960832e-05,1.8892158132960832e-05,1.2229041037763597,0.6698906952067554,1.0201093047932446,1.0201093047932446
Hf,1.6925000000000001,1.7462739031518612e-05,1.8968785535307048e-05,1.8968785535307048e-05,1.2241670968351208,0.6715492927489735,1.0209507072510267,1.0209507072510267
Hf,1.695,1.7527261903376336e-05,1.9045668882731702e-05,1.9045668882731702e-05,1.2254338387588257,0.6732091709445915,1.0217908290554085,1.0217908290554085
Hf,1.6975,1.7591964738290575e-05,1.912280881638929e-05,1.912280881638929e-05,1.2267043284322596,0.6748703265372591,1.022629673462741,1.022629673462741
Hf,1.7,1.7656854373369956e-05,1.920020597592787e-05,1.920020597592787e-05,1.2279785647131674,0.676532756266491,1.023467243733509,1.023467243733509
Hf,1.7025000000000001,1.7721925063130957e-05,1.927786422592477e-05,1.927786422592477e-05,1.229256593158685,0.6781964726848666,1.0243035273151337,1.0243035273151337
Hf,1.705,1.7787182443136707e-05,1.935578212440606e-05,1.935578212440606e-05,1.2305383821495528,0.6798614621373841,1.0251385378626159,1.0251385378626159
Hf,1.7075,1.7852622602826568e-05,1.9433959349598692e-05,1.9433959349598692e-05,1.231823916544711,0.681527716623609,1.0259722833763911,1.0259722833763911
Hf,1.71,1.791824948952528e-05,1.9512396537309372e-05,1.9512396537309372e-05,1.2331131951087002,0.6831952328668567,1.0268047671331433,1.0268047671331433
Hf,1.7125000000000001,1.798406073713014e-05,1.959109432160832e-05,1.959109432160832e-05,1.234406216578576,0.6848640075867112,1.027635992413289,1.027635992413289
Hf,1.715,1.8050058897891787e-05,1.967005333477516e-05,1.967005333477516e-05,1.2357029796637822,0.6865340374991077,1.0284659625008925,1.0284659625008925
Hf,1.7175,1.8116242854251666e-05,1.9749274207244364e-05,1.9749274207244364e-05,1.2370034830460204,0.6882053193164186,1.0292946806835817,1.0292946806835817
Hf,1.72,1.8182614062033304e-05,1.9828762587144125e-05,1.9828762587144125e-05,1.238307796666824,0.6898778734953043,1.0301221265046956,1.0301221265046956
Hf,1.7225000000000001,1.8249172350791165e-05,1.9908514625671172e-05,1.9908514625671172e-05,1.2396158551528864,0.6915516753002245,1.0309483246997755,1.0309483246997755
Hf,1.725,1.831591838412017e-05,1.99885306124575e-05,1.99885306124575e-05,1.240927652307052,0.6932267198260021,1.031773280173998,1.031773280173998
Hf,1.7275,1.838285263167001e-05,2.006881117289981e-05,2.006881117289981e-05,1.242243186715528,0.6949030037709522,1.0325969962290478,1.0325969962290478
Hf,1.73,1.844997527462679e-05,2.0149356930297587e-05,2.0149356930297587e-05,1.2435624569361894,0.696580523830227,1.0334194761697733,1.0334194761697733
Hf,1.7325,1.851728711006091e-05,2.0230169581864716e-05,2.0230169581864716e-05,1.2448854765728206,0.6982592816605492,1.0342407183394509,1.0342407183394509
Hf,1.735,1.8584788152261063e-05,2.031125401765857e-05,2.031125401765857e-05,1.2462123036514339,0.6999392934701382,1.0350607065298618,1.0350607065298618
Hf,1.7375,1.8652479207316376e-05,2.0392605729500308e-05,2.0392605729500308e-05,1.2475428646153712,0.7016205321581251,1.035879467841875,1.035879467841875
Hf,1.74,1.8720360443892293e-05,2.0474225334760356e-05,2.0474225334760356e-05,1.2488771579250408,0.7033029944071089,1.036697005592891,1.036697005592891
Hf,1.7425,1.8788432352895764e-05,2.0556113448443695e-05,2.0556113448443695e-05,1.250215182011823,0.7049866768969232,1.037513323103077,1.037513323103077
Hf,1.745,1.8856695584477757e-05,2.0638271269050504e-05,2.0638271269050504e-05,1.25155694337427,0.7066715789404651,1.038328421059535,1.038328421059535
Hf,1.7475,1.8925149984290913e-05,2.0720705576376745e-05,2.0720705576376745e-05,1.2529025253180572,0.7083577247728038,1.0391422752271964,1.0391422752271964
Hf,1.75,1.8993797016987696e-05,2.0803410458478496e-05,2.0803410458478496e-05,1.2542518358083359,0.7100450815634235,1.0399549184365766,1.0399549184365766
Hf,1.7525,1.9062635546950125e-05,2.0886386523481122e-05,2.0886386523481122e-05,1.255604873176659,0.7117336459811008,1.0407663540188994,1.0407663540188994
Hf,1.7550000000000001,1.9131668192328847e-05,2.0969634376859107e-05,2.0969634376859107e-05,1.2569616357247464,0.7134234146922427,1.0415765853077574,1.0415765853077574
Hf,1.7575,1.9200892494200888e-05,2.105315843427551e-05,2.105315843427551e-05,1.2583221736947012,0.7151144010816841,1.042385598918316,1.042385598918316
Hf,1.76,1.9270312569266453e-05,2.113695999179968e-05,2.113695999179968e-05,1.2596864943310213,0.7168066045729725,1.0431933954270276,1.0431933954270276
Hf,1.7625,1.9339924287170796e-05,2.1221035388236485e-05,2.1221035388236485e-05,1.2610545376055657,0.7185000030337755,1.0439999969662248,1.0439999969662248
Hf,1.7650000000000001,1.9409733614344745e-05,2.1305385221167617e-05,2.1305385221167617e-05,1.2624263017174642,0.7201945931209293,1.0448054068790709,1.0448054068790709
Hf,1.7675,1.947973447549672e-05,2.1390012015683553e-05,2.1390012015683553e-05,1.263801810865882,0.7218903797861198,1.0456096202138803,1.0456096202138803
Hf,1.77,1.9549934801805877e-05,2.1474921607724385e-05,2.1474921607724385e-05,1.2651811334679037,0.7235873819608825,1.0464126180391173,1.0464126180391173
Hf,1.7725,1.962032767373872e-05,2.1560107673465735e-05,2.1560107673465735e-05,1.266564174120526,0.7252855664082601,1.0472144335917397,1.0472144335917397
Hf,1.7750000000000001,1.9690919613507312e-05,2.1645570801765897e-05,2.1645570801765897e-05,1.267950930917895,0.7269849297766862,1.048015070223314,1.048015070223314
Hf,1.7775,1.976170633262016e-05,2.173131399342817e-05,2.173131399342817e-05,1.2693414341404639,0.7286854788847171,1.048814521115283,1.048814521115283
Hf,1.78,1.983269153883752e-05,2.1817342930004416e-05,2.1817342930004416e-05,1.2707357493591251,0.7303872315661202,1.0496127684338799,1.0496127684338799
Hf,1.7825,1.9903873946874825e-05,2.1903650950942035e-05,2.1903650950942035e-05,1.2721337776849726,0.7320901537882706,1.0504098462117293,1.0504098462117293
Hf,1.7850000000000001,1.997525407463025e-05,2.199023863550319e-05,2.199023863550319e-05,1.273535517104515,0.7337942421923576,1.0512057578076426,1.0512057578076426
Hf,1.7875,2.0046834018658e-05,2.207711196747242e-05,2.207711196747242e-05,1.2749410369421277,0.7354995157356374,1.0520004842643627,1.0520004842643627
Hf,1.79,2.0118610725076928e-05,2.2164271499414886e-05,2.2164271499414886e-05,1.2763503342332605,0.7372059706037001,1.0527940293962998,1.0527940293962998
Hf,1.7925,2.01905900574583e-05,2.2251712699197738e-05,2.2251712699197738e-05,1.2777633393234364,0.738913582250033,1.053586417749967,1.053586417749967
Hf,1.795,2.0262766079945554e-05,2.2339436135570466e-05,2.2339436135570466e-05,1.279180050088607,0.7406223473097308,1.0543776526902693,1.0543776526902693
Hf,1.7975,2.0335145580008004e-05,2.2427453429824782e-05,2.2427453429824782e-05,1.2806006087233053,0.7423323071185532,1.055167692881447,1.055167692881447
Hf,1.8,2.04077237971167e-05,2.2515754738117073e-05,2.2515754738117073e-05,1.2820248763177586,0.7440434157265307,1.0559565842734695,1.0559565842734695
Hf,1.8025,2.0480504110191596e-05,2.2604340267333823e-05,2.2604340267333823e-05,1.2834528460284669,0.7457556683240171,1.0567443316759828,1.0567443316759828
Hf,1.805,2.0553486387990462e-05,2.269321773413896e-05,2.269321773413896e-05,1.2848846083639367,0.7474690900574493,1.0575309099425507,1.0575309099425507
Hf,1.8075,2.0626669178952717e-05,2.278238572747775e-05,2.278238572747775e-05,1.2863201348662685,0.7491836692961976,1.0583163307038024,1.0583163307038024
Hf,1.81,2.0700057388725186e-05,2.2871839912025853e-05,2.2871839912025853e-05,1.287759359736447,0.7508993830868416,1.0591006169131585,1.0591006169131585
Hf,1.8125,2.0773645620091435e-05,2.2961585406718753e-05,2.2961585406718753e-05,1.2892023393950158,0.752616245987099,1.059883754012901,1.059883754012901
Hf,1.815,2.0847440342416358e-05,2.3051626641911765e-05,2.3051626641911765e-05,1.2906491207701776,0.7543342694801728,1.0606657305198273,1.0606657305198273
Hf,1.8175000000000001,2.092143734217561e-05,2.314195602328694e-05,2.314195602328694e-05,1.292099596571079,0.7560534180754613,1.0614465819245387,1.0614465819245387
Hf,1.82,2.0995638798999427e-05,2.3232577437091077e-05,2.3232577437091077e-05,1.2935538070682173,0.7577737013292813,1.0622262986707185,1.0622262986707185
Hf,1.8225,2.107004645195204e-05,2.3323498448119663e-05,2.3323498448119663e-05,1.2950118388331602,0.7594951426593366,1.0630048573406634,1.0630048573406634
Hf,1.825,2.114465653008146e-05,2.3414709543681314e-05,2.3414709543681314e-05,1.2964735608837197,0.7612176996315358,1.063782300368464,1.063782300368464
Hf,1.8275000000000001,2.1219476511222036e-05,2.3506214802415236e-05,2.3506214802415236e-05,1.297939015625831,0.7629413823737488,1.0645586176262516,1.0645586176262516
Hf,1.83,2.1294500100524245e-05,2.3598022097214676e-05,2.3598022097214676e-05,1.2994082928393929,0.7646662150871835,1.0653337849128166,1.0653337849128166
Hf,1.8325,2.1369731088397654e-05,2.369012139691731e-05,2.369012139691731e-05,1.3008812559958245,0.7663921539739675,1.0661078460260325,1.0661078460260325
Hf,1.835,2.144517008704995e-05,2.378251845963437e-05,2.378251845963437e-05,1.30235796827754,0.7681192152910469,1.0668807847089532,1.0668807847089532
Hf,1.8375000000000001,2.1520813935146533e-05,2.3875218516747985e-05,2.3875218516747985e-05,1.3038384855295673,0.7698474129026103,1.0676525870973899,1.0676525870973899
Hf,1.84,2.1596670069636626e-05,2.3968212479744643e-05,2.3968212479744643e-05,1.3053226841741903,0.7715767072116565,1.0684232927883435,1.0684232927883435
Hf,1.8425,2.1672732206452352e-05,2.406150933730169e-05,2.406150933730169e-05,1.306810667175166,0.7733071261452515,1.0691928738547485,1.0691928738547485
Hf,1.845,2.17490036346337e-05,2.415510860240423e-05,2.415510860240423e-05,1.3083024185748444,0.7750386621426165,1.0699613378573833,1.0699613378573833
Hf,1.8475000000000001,2.182548597157364e-05,2.4249003653517895e-05,2.4249003653517895e-05,1.3097978466041167,0.7767712853561654,1.0707287146438345,1.0707287146438345
Hf,1.85,2.1902175602858648e-05,2.4343208327070303e-05,2.4343208327070303e-05,1.3112971133853186,0.778505040906609,1.0714949590933909,1.0714949590933909
Hf,1.8525,2.1979078828111574e-05,2.443771320935694e-05,2.443771320935694e-05,1.3128000925487187,0.7802398887549103,1.0722601112450896,1.0722601112450896
Hf,1.855,2.2056191560096507e-05,2.4532518402797735e-05,2.4532518402797735e-05,1.3143067761771143,0.7819758239418302,1.07302417605817,1.07302417605817
Hf,1.8575,2.213351437978882e-05,2.4627636274836062e-05,2.4627636274836062e-05,1.315817306859953,0.7837128854640827,1.073787114535917,1.073787114535917
Hf,1.86,2.221105213694795e-05,2.472305314327224e-05,2.472305314327224e-05,1.3173315068967661,0.7854510186104154,1.0745489813895845,1.0745489813895845
Hf,1.8625,2.2288799653926965e-05,2.4818779609521978e-05,2.4818779609521978e-05,1.318849496922588,0.7871902558948706,1.0753097441051294,1.0753097441051294
Hf,1.865,2.2366760948058453e-05,2.491481397152197e-05,2.491481397152197e-05,1.3203712464047812,0.7889305856377957,1.0760694143622043,1.0760694143622043
Hf,1.8675,2.2444936411797977e-05,2.5011149983742282e-05,2.5011149983742282e-05,1.3218966700216852,0.7906719804410279,1.0768280195589721,1.0768280195589721
Hf,1.87,2.252332312425977e-05,2.5107804988289184e-05,2.5107804988289184e-05,1.3234259690761851,0.7924144958038278,1.0775855041961724,1.0775855041961724
Hf,1.8725,2.2601926961809468e-05,2.5204762143492357e-05,2.5204762143492357e-05,1.3249589296455162,0.7941580671913677,1.0783419328086323,1.0783419328086323
Hf,1.875,2.26807445554858e-05,2.530203297128001e-05,2.530203297128001e-05,1.3264956819990907,0.7959027294805177,1.0790972705194823,1.0790972705194823
Hf,1.8775,2.2759774935046356e-05,2.5399615241571988e-05,2.5399615241571988e-05,1.3280361895921386,0.7976484693943997,1.0798515306056002,1.0798515306056002
Hf,1.8800000000000001,2.2839025355245806e-05,2.5497504707072434e-05,2.5497504707072434e-05,1.3295803921557556,0.7993952670257759,1.0806047329742243,1.0806047329742243
Hf,1.8825,2.2918489522620705e-05,2.559571522817877e-05,2.559571522817877e-05,1.331128446628037,0.8011431644782031,1.0813568355217968,1.0813568355217968
Hf,1.885,2.2998169165002843e-05,2.569423099124394e-05,2.569423099124394e-05,1.3326801541868176,0.8028921023557694,1.0821078976442307,1.0821078976442307
Hf,1.8875,2.307806911403558e-05,2.579306889390732e-05,2.579306889390732e-05,1.334235707526898,0.8046421327841273,1.0828578672158724,1.0828578672158724
Hf,1.8900000000000001,2.3158184319199935e-05,2.5892217342653842e-05,2.5892217342653842e-05,1.3357949589181586,0.8063932110980369,1.0836067889019632,1.0836067889019632
Hf,1.8925,2.3238517320268556e-05,2.5991683036192245e-05,2.5991683036192245e-05,1.3373579789495162,0.8081453546427173,1.084354645357283,1.084354645357283
Hf,1.895,2.331907127490375e-05,2.609146728918283e-05,2.609146728918283e-05,1.3389247737429324,0.8098985623988579,1.085101437601142,1.085101437601142
Hf,1.8975,2.3399842002197587e-05,2.619156445852184e-05,2.619156445852184e-05,1.3404952674410051,0.8116528103749794,1.0858471896250206,1.0858471896250206
Hf,1.9000000000000001,2.3480832468026644e-05,2.629198762867924e-05,2.629198762867924e-05,1.3420696051003032,0.8134081365773267,1.0865918634226732,1.0865918634226732
Hf,1.9025,2.3562044925210747e-05,2.6392720339356663e-05,2.6392720339356663e-05,1.343647583766124,0.8151644815043424,1.087335518495658,1.087335518495658
Hf,1.905,2.3643475679139463e-05,2.6493785163648974e-05,2.6493785163648974e-05,1.345229459308599,0.8169219139449725,1.0880780860550276,1.0880780860550276
Hf,1.9075,2.3725127725746948e-05,2.6595161166185878e-05,2.6595161166185878e-05,1.3468149770737115,0.818680360214989,1.088819639785011,1.088819639785011
Hf,1.9100000000000001,2.3807003202517035e-05,2.669686670041017e-05,2.669686670041017e-05,1.3484043425621755,0.8204398748070084,1.0895601251929916,1.0895601251929916
Hf,1.9125,2.3889098507663653e-05,2.6798889084788955e-05,2.6798889084788955e-05,1.3499973985823603,0.8222004114241799,1.0902995885758202,1.0902995885758202
Hf,1.915,2.3971416260739912e-05,2.690123904822473e-05,2.690123904822473e-05,1.3515942609281393,0.8239619994635743,1.0910380005364257,1.0910380005364257
Hf,1.9175,2.405395929413306e-05,2.7003910896544494e-05,2.7003910896544494e-05,1.3531948542445316,0.8257246154326453,1.0917753845673548,1.0917753845673548
Hf,1.92,2.4136723695066565e-05,2.7106909018406078e-05,2.7106909018406078e-05,1.3547992203429353,0.8274882682109694,1.0925117317890305,1.0925117317890305
Hf,1.9225,2.421971128969579e-05,2.7210233404239745e-05,2.7210233404239745e-05,1.3564073498794855,0.8292529525379675,1.0932470474620326,1.0932470474620326
Hf,1.925,2.4302926436654505e-05,2.7313883423402856e-05,2.7313883423402856e-05,1.3580192266087934,0.8310186613428793,1.0939813386571209,1.0939813386571209
Hf,1.9275,2.4386364497834137e-05,2.741786341113843e-05,2.741786341113843e-05,1.3596348911696428,0.8327854030358005,1.0947145969641996,1.0947145969641996
Hf,1.93,2.4470026078209092e-05,2.752216907585786e-05,2.752216907585786e-05,1.3612542853900327,0.8345531591515903,1.0954468408484095,1.0954468408484095
Hf,1.9325,2.4553917915482563e-05,2.762680772002357e-05,2.762680772002357e-05,1.3628774836568038,0.8363219472210828,1.0961780527789173,1.0961780527789173
Hf,1.935,2.463803422115794e-05,2.773177278764193e-05,2.773177278764193e-05,1.3645044022092272,0.8380917419292017,1.0969082580707985,1.0969082580707985
Hf,1.9375,2.4722375516452265e-05,2.7837073132214844e-05,2.7837073132214844e-05,1.3661351327382243,0.8398625653892401,1.09763743461076,1.09763743461076
Hf,1.94,2.4806947064328862e-05,2.7942701368861946e-05,2.7942701368861946e-05,1.3677695824432252,0.8416343899688213,1.0983656100311785,1.0983656100311785
Hf,1.9425000000000001,2.4891746218436024e-05,2.8048666446559905e-05,2.8048666446559905e-05,1.36940784366255,0.8434072378373805,1.0990927621626196,1.0990927621626196
Hf,1.945,2.4976771926548137e-05,2.8154961626842783e-05,2.8154961626842783e-05,1.3710498313190258,0.8451810835657617,1.0998189164342385,1.0998189164342385
Hf,1.9475,2.506202726470505e-05,2.8261594458399155e-05,2.8261594458399155e-05,1.372695621525603,0.8469559448654795,1.1005440551345205,1.1005440551345205
Hf,1.95,2.5147513890757992e-05,2.8368560365082403e-05,2.8368560365082403e-05,1.3743451539095104,0.8487318030187161,1.1012681969812839,1.1012681969812839
Hf,1.9525000000000001,2.5233228642665013e-05,2.8475863958503325e-05,2.8475863958503325e-05,1.3759984712660231,0.8505086667775578,1.1019913332224425,1.1019913332224425
Hf,1.955,2.531917204804767e-05,2.8583504382179615e-05,2.8583504382179615e-05,1.3776555551290235,0.852286528630937,1.102713471369063,1.102713471369063
Hf,1.9575,2.5405350686374398e-05,2.869148173198348e-05,2.869148173198348e-05,1.3793163976607599,0.8540653838828473,1.1034346161171529,1.1034346161171529
Hf,1.96,2.5491759132498725e-05,2.8799800470733964e-05,2.8799800470733964e-05,1.38098103972881,0.8558452407113967,1.104154759288603,1.104154759288603
Hf,1.9625000000000001,2.5578397814110268e-05,2.8908454557172696e-05,2.8908454557172696e-05,1.3826494053204195,0.857626076496951,1.104873923503049,1.104873923503049
Hf,1.965,2.5665270100149765e-05,2.9017455416217216e-05,2.9017455416217216e-05,1.3843216122923006,0.8594079195759433,1.1055920804240567,1.1055920804240567
Hf,1.9675,2.5752376910240845e-05,2.912678920447904e-05,2.912678920447904e-05,1.3859974986844559,0.8611907249429906,1.1063092750570094,1.1063092750570094
Hf,1.97,2.5839715545250206e-05,2.9236475995815638e-05,2.9236475995815638e-05,1.3876772772302461,0.8629745455484442,1.1070254544515559,1.1070254544515559
Hf,1.9725000000000001,2.5927286539200354e-05,2.934649426485921e-05,2.934649426485921e-05,1.3893607020952745,0.8647593147624185,1.1077406852375815,1.1077406852375815
Hf,1.975,2.6015095536010686e-05,2.9456868977242865e-05,2.9456868977242865e-05,1.3910480387756996,0.8665450989619236,1.1084549010380766,1.1084549010380766
Hf,1.9775,2.610313882076815e-05,2.9567578975666723e-05,2.9567578975666723e-05,1.392739046507185,0.8683318331470322,1.109168166852968,1.109168166852968
Hf,1.98,2.619141606400952e-05,2.9678641117522304e-05,2.9678641117522304e-05,1.3944339009788467,0.8701195601596862,1.109880439840314,1.109880439840314
Hf,1.9825000000000002,2.6279928615270698e-05,2.9790046676285447e-05,2.9790046676285447e-05,1.3961324981883116,0.8719082505947745,1.1105917494052258,1.1105917494052258
Hf,1.985,2.636868126517912e-05,2.9901799161738894e-05,2.9901799161738894e-05,1.3978348677016812,0.8736979094964356,1.1113020905035644,1.1113020905035644
Hf,1.9875,2.6457669480484177e-05,3.0013904117316213e-05,3.0013904117316213e-05,1.3995410609664736,0.8754885474627855,1.1120114525372145,1.1120114525372145
Hf,1.99,2.6546893801601714e-05,3.0126349841759155e-05,3.0126349841759155e-05,1.40125094261252,0.8772801273393779,1.112719872660622,1.112719872660622
Hf,1.9925,2.6636356547605927e-05,3.023915803573255e-05,3.023915803573255e-05,1.4029647384740205,0.8790727041211938,1.1134272958788063,1.1134272958788063
Hf,1.995,2.672606047664054e-05,3.0352306647940273e-05,3.0352306647940273e-05,1.4046822019789194,0.8808662125092573,1.1141337874907427,1.1141337874907427
Hf,1.9975,2.681600212845368e-05,3.0465815153557126e-05,3.0465815153557126e-05,1.4064035341421324,0.8826607009542062,1.1148392990457936,1.1148392990457936
Hf,2.0,2.6906182047137032e-05,3.05796728587036e-05,3.05796728587036e-05,1.4081286114192086,0.8844561356132863,1.115543864386714,1.115543864386714
Hf,2.0025,2.6996602784338923e-05,3.069388217650483e-05,3.069388217650483e-05,1.4098574511949589,0.8862525183611919,1.116247481638808,1.116247481638808
Hf,2.005,2.7087266534580363e-05,3.080845283111759e-05,3.080845283111759e-05,1.4115901487092892,0.8880498705835428,1.1169501294164572,1.1169501294164572
Hf,2.0075,2.717817017867705e-05,3.0923368924323316e-05,3.0923368924323316e-05,1.4133265259262706,0.8898481450766835,1.1176518549233165,1.1176518549233165
Hf,2.0100000000000002,2.726931426439377e-05,3.103865325687324e-05,3.103865325687324e-05,1.4150668168179035,0.8916473978401809,1.1183526021598194,1.1183526021598194
Hf,2.0125,2.7360700813619904e-05,3.1154288184009486e-05,3.1154288184009486e-05,1.4168108253759417,0.8934475773631957,1.1190524226368044,1.1190524226368044
Hf,2.015,2.745233297672318e-05,3.127028080807648e-05,3.127028080807648e-05,1.418558618492488,0.895248697821113,1.119751302178887,1.119751302178887
Hf,2.0175,2.7544207218413323e-05,3.1386638438250774e-05,3.1386638438250774e-05,1.4203102647696606,0.897050773677095,1.1204492263229051,1.1204492263229051
Hf,2.02,2.7636324090124442e-05,3.150334656958096e-05,3.150334656958096e-05,1.4220656028456522,0.8988537624728503,1.12114623752715,1.12114623752715
Hf,2.0225,2.7728684295693978e-05,3.162042634068709e-05,3.162042634068709e-05,1.423824846579897,0.9006577144807796,1.1218422855192205,1.1218422855192205
Hf,2.025,2.7821293512594685e-05,3.1737863086284473e-05,3.1737863086284473e-05,1.4255878333926102,0.9024625870911174,1.1225374129088823,1.1225374129088823
Hf,2.0275,2.7914147006425195e-05,3.185565852189884e-05,3.185565852189884e-05,1.4273545730426045,0.9042683802569448,1.1232316197430552,1.1232316197430552
Hf,2.0300000000000002,2.800724533228463e-05,3.1973827760917306e-05,3.1973827760917306e-05,1.429125214871543,0.9060751279985239,1.1239248720014763,1.1239248720014763
Hf,2.0325,2.8100589046240464e-05,3.2092352604196604e-05,3.2092352604196604e-05,1.4308995606241877,0.9078827793561979,1.1246172206438023,1.1246172206438023
Hf,2.035,2.81941820217046e-05,3.221124720087655e-05,3.221124720087655e-05,1.4326777492225595,0.909691365705863,1.125308634294137,1.125308634294137
Hf,2.0375,2.8288023471144964e-05,3.233051047218061e-05,3.233051047218061e-05,1.4344597609070242,0.911500879695282,1.125999120304718,1.125999120304718
Hf,2.04,2.8382111968181133e-05,3.2450132426703856e-05,3.2450132426703856e-05,1.4362454839688084,0.9133112918073606,1.1266887081926393,1.1266887081926393
Hf,2.0425,2.8476448072540598e-05,3.257013357263702e-05,3.257013357263702e-05,1.4380351219178291,0.9151226487007569,1.1273773512992429,1.1273773512992429
Hf,2.045,2.857103255164842e-05,3.2690499904552846e-05,3.2690499904552846e-05,1.4398285217708633,0.9169349109574024,1.1280650890425972,1.1280650890425972
Hf,2.0475,2.8665870708758794e-05,3.281122845803264e-05,3.281122845803264e-05,1.4416256450259521,0.9187480669378165,1.1287519330621834,1.1287519330621834
Hf,2.05,2.8760958142538945e-05,3.293234305880505e-05,3.293234305880505e-05,1.4434267277758448,0.9205621706822767,1.1294378293177232,1.1294378293177232
Hf,2.0525,2.8856295416370344e-05,3.3053821508266914e-05,3.3053821508266914e-05,1.4452315340623225,0.9223771632428117,1.1301228367571883,1.1301228367571883
Hf,2.055,2.8951883094603185e-05,3.317566841075348e-05,3.317566841075348e-05,1.447040103021707,0.9241930515808426,1.1308069484191576,1.1308069484191576
Hf,2.0575,2.9047722981207926e-05,3.329790109600968e-05,3.329790109600968e-05,1.4488526029351827,0.9260098731668831,1.1314901268331168,1.1314901268331168
Hf,2.06,2.914381816548433e-05,3.34205007469526e-05,3.34205007469526e-05,1.4506688338639646,0.9278275780870899,1.1321724219129101,1.1321724219129101
Hf,2.0625,2.9240165435984364e-05,3.354347326395427e-05,3.354347326395427e-05,1.4524888477799105,0.9296461762536807,1.1328538237463195,1.1328538237463195
Hf,2.065,2.9336765360704953e-05,3.3666833128932094e-05,3.3666833128932094e-05,1.454312782993215,0.931465697752864,1.1335343022471358,1.1335343022471358
Hf,2.0675,2.9433618508611912e-05,3.379056309061454e-05,3.379056309061454e-05,1.4561404567089509,0.9332860971094652,1.1342139028905347,1.1342139028905347
Hf,2.07,2.953072651044215e-05,3.391466843917133e-05,3.391466843917133e-05,1.4579719143937693,0.935107382620187,1.1348926173798126,1.1348926173798126
Hf,2.0725000000000002,2.9628092652559756e-05,3.403916460308588e-05,3.403916460308588e-05,1.4598073029724927,0.9369295861262666,1.1355704138737335,1.1355704138737335
Hf,2.075,2.972571371209303e-05,3.416403400834025e-05,3.416403400834025e-05,1.461646437547061,0.9387526620187178,1.1362473379812825,1.1362473379812825
Hf,2.0775,2.982359026164602e-05,3.428927935308188e-05,3.428927935308188e-05,1.4634893373555704,0.9405766124360432,1.1369233875639568,1.1369233875639568
Hf,2.08,2.9921722874791405e-05,3.441492095732129e-05,3.441492095732129e-05,1.4653361972858252,0.9424014800667367,1.1375985199332632,1.1375985199332632
Hf,2.0825,3.0020112126070683e-05,3.454093896072982e-05,3.454093896072982e-05,1.4671868107094095,0.944227214618994,1.138272785381006,1.138272785381006
Hf,2.085,3.011876287794903e-05,3.466733442415608e-05,3.466733442415608e-05,1.4690411804525834,0.9460538144295709,1.1389461855704293,1.1389461855704293
Hf,2.0875,3.021767177806579e-05,3.479412761604608e-05,3.479412761604608e-05,1.4708994997000606,0.9478813214532747,1.1396186785467253,1.1396186785467253
Hf,2.09,3.031683902553824e-05,3.492130339204021e-05,3.492130339204021e-05,1.4727616098718554,0.949709696815537,1.140290303184463,1.140290303184463
Hf,2.0925000000000002,3.041626519853569e-05,3.504885980429857e-05,3.504885980429857e-05,1.474627483870835,0.9515389319798543,1.1409610680201459,1.1409610680201459
Hf,2.095,3.051595087619568e-05,3.517680998115382e-05,3.517680998115382e-05,1.4764972432985355,0.9533690522698991,1.1416309477301012,1.1416309477301012
Hf,2.0975,3.061589799184953e-05,3.530515272203451e-05,3.530515272203451e-05,1.4783708680170795,0.9552000506203235,1.1422999493796766,1.1422999493796766
Hf,2.1,3.071610888258918e-05,3.5433879287606435e-05,3.5433879287606435e-05,1.4802482640691177,0.9570319033239798,1.1429680966760203,1.1429680966760203
Hf,2.1025,3.0816580999455236e-05,3.556299342365164e-05,3.556299342365164e-05,1.4821294604421822,0.958864614611221,1.1436353853887793,1.1436353853887793
Hf,2.105,3.0917314925201675e-05,3.56925123375283e-05,3.56925123375283e-05,1.4840146173953117,0.9606982181576121,1.144301781842388,1.144301781842388
Hf,2.1075,3.101831124354998e-05,3.582241827621136e-05,3.582241827621136e-05,1.4859035531843963,0.9625326706163636,1.1449673293836362,1.1449673293836362
Hf,2.11,3.111957053918918e-05,3.5952712319391335e-05,3.5952712319391335e-05,1.487796270663303,0.9643679703305911,1.145632029669409,1.145632029669409
Hf,2.1125,3.1221094710435605e-05,3.608340758362409e-05,3.608340758362409e-05,1.4896928894836985,0.966204141669403,1.1462958583305967,1.1462958583305967
Hf,2.115,3.1322885965746536e-05,3.6214502128364464e-05,3.6214502128364464e-05,1.4915933825700138,0.9680411761308187,1.1469588238691815,1.1469588238691815
Hf,2.1175,3.142494193460291e-05,3.6345987994198794e-05,3.6345987994198794e-05,1.4934976648483826,0.9698790524175777,1.1476209475824226,1.1476209475824226
Hf,2.12,3.152726320529621e-05,3.6477866268258986e-05,3.6477866268258986e-05,1.4954057391831233,0.9717177688757006,1.1482822311242993,1.1482822311242993
Hf,2.1225,3.1629850367084344e-05,3.661015614926242e-05,3.661015614926242e-05,1.4973177827532862,0.9735573622658938,1.148942637734106,1.148942637734106
Hf,2.125,3.1732704010191595e-05,3.6742843092101336e-05,3.6742843092101336e-05,1.4992336472465626,0.9753977974152902,1.1496022025847097,1.1496022025847097
Hf,2.1275,3.1835824725808706e-05,3.68759256754299e-05,0.0008838064516129031,1.5011533112938444,0.9772390673174945,1.1502609326825055,1.1502609326825055
Hf,2.13,3.193921653519485e-05,3.700940558154088e-05,0.0008854193548387096,1.50307678339169,0.9790811715501265,1.1509188284498733,1.1509188284498733
Hf,2.1325,3.2042877166354725e-05,3.714330286371548e-05,0.000887032258064516,1.50500424736634,0.9809241478877927,1.1515758521122073,1.1515758521122073
Hf,2.1350000000000002,3.214680662356851e-05,3.72775990284519e-05,0.0008886451612903227,1.5069355183789555,0.9827679535694371,1.1522320464305633,1.1522320464305633
Hf,2.1375,3.2251005501611875e-05,3.74122951751329e-05,0.0008902580645161291,1.5088705993076816,0.9846125869469041,1.1528874130530957,1.1528874130530957
Hf,2.14,3.2355474396225364e-05,3.754739248478552e-05,0.0008918709677419355,1.5108094937893057,0.9864580465358609,1.1535419534641391,1.1535419534641391
Hf,2.1425,3.246021390411432e-05,3.768291150798805e-05,0.000893483870967742,1.5127523888561643,0.988304370369871,1.154195629630129,1.154195629630129
Hf,2.145,3.256522462294885e-05,3.781883376926779e-05,0.0008950967741935484,1.5146991013100395,0.9901515165038866,1.1548484834961135,1.1548484834961135
Hf,2.1475,3.2670510230518464e-05,3.795516037489334e-05,0.0008967096774193548,1.5166496340362803,0.9919994832933414,1.1555005167066585,1.1555005167066585
Hf,2.15,3.2776068889162305e-05,3.809189243316018e-05,0.0008983225806451612,1.5186039899236994,0.9938482690944583,1.1561517309055418,1.1561517309055418
Hf,2.1525,3.2881900529418666e-05,3.822904587065291e-05,0.0008999354838709676,1.5205623110277766,0.9956979019138203,1.1568020980861793,1.1568020980861793
Hf,2.1550000000000002,3.298800575252236e-05,3.836661114793965e-05,0.0009015483870967743,1.5225244996239198,0.9975483585006396,1.1574516414993608,1.1574516414993608
Hf,2.1575,3.309438516067093e-05,3.850458515173979e-05,0.0009031612903225807,1.5244905188365183,0.9993996287201403,1.1581003712798599,1.1581003712798599
Hf,2.16,3.320103935702454e-05,3.864296899697068e-05,0.0009047741935483872,1.5264603715600409,1.0012517109324262,1.1587482890675742,1.1587482890675742
Hf,2.1625,3.3307968945705834e-05,3.878176971605438e-05,0.0009063870967741936,1.5284341158052848,1.003104615107074,1.1593953848929264,1.1593953848929264
Hf,2.165,3.341517464961317e-05,3.8920994967276205e-05,0.000908,1.5304118149919093,1.0049583522317864,1.1600416477682134,1.1600416477682134
Hf,2.1675,3.352266026946598e-05,3.90606333456962e-05,0.0009096129032258064,1.5323933551202922,1.0068128959850553,1.1606871040149447,1.1606871040149447
Hf,2.17,3.363042306925275e-05,3.92006859726129e-05,0.0009112258064516128,1.5343787390891832,1.008668244731095,1.1613317552689049,1.1613317552689049
Hf,2.1725,3.3738463656637696e-05,3.934115397125809e-05,0.0009128387096774193,1.5363679698002006,1.0105243968350308,1.1619756031649688,1.1619756031649688
Hf,2.1750000000000003,3.384678264024512e-05,3.9482048965804724e-05,0.0009144516129032259,1.5383611470119019,1.0123813707777989,1.1626186292222012,1.1626186292222012
Hf,2.1775,3.395538062965905e-05,3.9623368725742664e-05,0.0009160645161290324,1.540358242192435,1.0142391582584536,1.1632608417415469,1.1632608417415469
Hf,2.18,3.406425823542319e-05,3.9765107158182646e-05,0.0009176774193548388,1.5423591915158885,1.0160977437517043,1.1639022562482957,1.1639022562482957
Hf,2.1825,3.417341606904072e-05,3.9907265392433455e-05,0.0009192903225806452,1.5443639978864296,1.017957125627067,1.1645428743729331,1.1645428743729331
Hf,2.185,3.428285474297401e-05,4.004984455967997e-05,0.0009209032258064516,1.546372664210731,1.0198173022550299,1.1651826977449702,1.1651826977449702
Hf,2.1875,3.439257547203688e-05,4.0192854954123126e-05,0.000922516129032258,1.548385277081925,1.0216782891410672,1.1658217108589328,1.1658217108589328
Hf,2.19,3.450258072148173e-05,4.0336296237848665e-05,0.0009241290322580645,1.5504018255336176,1.023540081689969,1.1664599183100313,1.1664599183100313
Hf,2.1925,3.461286862069614e-05,4.04801617687182e-05,0.0009257419354838708,1.5524222413013176,1.0254026636662112,1.1670973363337886,1.1670973363337886
Hf,2.195,3.472343978565228e-05,4.0624452683665444e-05,0.0009273548387096773,1.5544465272924042,1.027266033444944,1.167733966555056,1.167733966555056
Hf,2.1975000000000002,3.483429483327849e-05,4.0769170121438105e-05,0.000928967741935484,1.5564746864163868,1.0291301894023526,1.1683698105976477,1.1683698105976477
Hf,2.2,3.49454343814589e-05,4.091431674407553e-05,0.0009305806451612904,1.5585067353474034,1.0309951326933038,1.1690048673066962,1.1690048673066962
Hf,2.2025,3.505685904903317e-05,4.1059906645432424e-05,0.0009321935483870968,1.5605427938696872,1.0328608851998005,1.1696391148001999,1.1696391148001999
Hf,2.205,3.516856945579615e-05,4.120592639539517e-05,0.0009338064516129032,1.562582732839584,1.0347274185808308,1.170272581419169,1.170272581419169
Hf,2.2075,3.528056622249751e-05,4.135237713810732e-05,0.0009354193548387097,1.564626555165358,1.0365947312175054,1.1709052687824948,1.1709052687824948
Hf,2.21,3.539284997084152e-05,4.1499260019458774e-05,0.0009370322580645161,1.566674263756993,1.0384628214920284,1.1715371785079716,1.1715371785079716
Hf,2.2125,3.55054213234866e-05,4.164657618707528e-05,0.0009386451612903225,1.5687258615261284,1.0403316877877138,1.1721683122122863,1.1721683122122863
Hf,2.215,3.561828285166456e-05,4.179432904410529e-05,0.0009402580645161289,1.570781371538533,1.042201332487116,1.172798667512884,1.172798667512884
Hf,2.2175000000000002,3.5731433855247695e-05,4.19425301938106e-05,0.0009418709677419356,1.5728408898956698,1.0440717723825559,1.1734282276174446,1.1734282276174446
Hf,2.22,3.584487429913329e-05,4.209116796861539e-05,0.000943483870967742,1.5749043046830777,1.0459429830212517,1.1740570169787488,1.1740570169787488
Hf,2.2225,3.595860480944612e-05,4.2240243521099663e-05,0.0009450967741935484,1.5769716188087288,1.0478149627917428,1.1746850372082576,1.1746850372082576
Hf,2.225,3.607262601326126e-05,4.2389758005505006e-05,0.0009467096774193549,1.5790428351818158,1.0496877100837347,1.1753122899162654,1.1753122899162654
Hf,2.2275,3.6186938538603675e-05,4.2539712577722753e-05,0.0009483225806451613,1.5811179567126747,1.0515612232881104,1.1759387767118894,1.1759387767118894
Hf,2.23,3.6301543014447755e-05,4.269010839528167e-05,0.0009499354838709677,1.5831969863127098,1.0534355007969405,1.1765644992030593,1.1765644992030593
Hf,2.2325,3.6416440070716845e-05,4.2840954204865136e-05,0.0009515483870967741,1.5852799938449207,1.0553105540227503,1.1771894459772494,1.1771894459772494
Hf,2.235,3.653163033828284e-05,4.2992249692845235e-05,0.0009531612903225805,1.5873669688819134,1.0571863786679063,1.1778136213320938,1.1778136213320938
Hf,2.2375000000000003,3.6647114448965675e-05,4.3143989778190455e-05,0.0009547741935483872,1.5894578591578532,1.0590629623716028,1.1784370376283975,1.1784370376283975
Hf,2.24,3.6762893035532735e-05,4.329617562283535e-05,0.0009563870967741936,1.5915526675775113,1.0609403035314735,1.1790596964685267,1.1790596964685267
Hf,2.2425,3.687896673169857e-05,4.3448808390269995e-05,0.0009580000000000001,1.593651397046261,1.0628184005463965,1.1796815994536034,1.1796815994536034
Hf,2.245,3.699533617212416e-05,4.360188924552635e-05,0.0009596129032258065,1.5957540504699939,1.0646972518165043,1.180302748183496,1.180302748183496
Hf,2.2475,3.7112002664247796e-05,4.375541935516486e-05,0.0009612258064516129,1.5978606307550391,1.0665768557431925,1.1809231442568073,1.1809231442568073
Hf,2.25,3.722896745480416e-05,4.390940027396606e-05,0.0009628387096774193,1.5999711441755389,1.0684572113708366,1.1815427886291632,1.1815427886291632
Hf,2.2525,3.734622985656828e-05,4.4063844706084846e-05,0.0009644516129032257,1.6020856938886257,1.0703383361499477,1.1821616638500523,1.1821616638500523
Hf,2.255,3.7463790507607856e-05,4.4218741753977436e-05,0.0009660645161290322,1.604204177530515,1.0722202083735557,1.1827797916264442,1.1827797916264442
Hf,2.2575,3.75816500469323e-05,4.437409258800785e-05,0.0009676774193548386,1.6063265979977195,1.0741028264489436,1.183397173551056,1.183397173551056
Hf,2.2600000000000002,3.769980911449214e-05,4.4529898379977974e-05,0.0009692903225806453,1.608452958186687,1.0759861887847133,1.184013811215287,1.184013811215287
Hf,2.2625,3.781826835117824e-05,4.468616030311226e-05,0.0009709032258064517,1.6105832609937103,1.0778702937907931,1.184629706209207,1.184629706209207
Hf,2.265,3.7937028398821434e-05,4.4842879532043044e-05,0.0009725161290322581,1.612717509314842,1.0797551398784506,1.1852448601215493,1.1852448601215493
Hf,2.2675,3.8056089900191684e-05,4.500005724279495e-05,0.0009741290322580645,1.6148557060458004,1.081640725460302,1.1858592745396983,1.1858592745396983
Hf,2.27,3.8175453498997476e-05,4.515769461276938e-05,0.0009757419354838709,1.6169978540818843,1.0835270489503193,1.1864729510496808,1.1864729510496808
Hf,2.2725,3.829511983988524e-05,4.5315793740974276e-05,0.0009773548387096774,1.619143964199341,1.085414110227171,1.1870858897728287,1.1870858897728287
Hf,2.275,3.841508956843854e-05,4.547436440615694e-05,0.0009789677419354838,1.6212941127661151,1.087301921299521,1.1876980787004792,1.1876980787004792
Hf,2.2775,3.853536333117741e-05,4.563339810059448e-05,0.0009805806451612903,1.6234482195565003,1.089190465113263,1.188309534886737,1.188309534886737
Hf,2.2800000000000002,3.865594177555775e-05,4.579289600466231e-05,0.000982193548387097,1.6256062874516704,1.0910797400886485,1.1889202599113518,1.1889202599113518
Hf,2.2825,3.877682554997042e-05,4.595285930001011e-05,0.0009838064516129034,1.6277683193318246,1.0929697446473354,1.1895302553526648,1.1895302553526648
Hf,2.285,3.889801530374069e-05,4.6113289169545016e-05,0.0009854193548387098,1.6299343180760988,1.0948604772124009,1.1901395227875993,1.1901395227875993
Hf,2.2875,3.9019511687127355e-05,4.6274186797414394e-05,0.0009870322580645163,1.632104286562463,1.0967519362083482,1.190748063791652,1.190748063791652
Hf,2.29,3.914131535132201e-05,4.6435553368988224e-05,0.0009886451612903225,1.634278227667625,1.0986441200611172,1.1913558799388828,1.1913558799388828
Hf,2.2925,3.9263426948448384e-05,4.659739007084169e-05,0.000990258064516129,1.6364561442669319,1.1005370271980934,1.1919629728019063,1.1919629728019063
Hf,2.295,3.938584713156133e-05,4.6759698090737056e-05,0.0009918709677419354,1.6386380392342705,1.1024306560481179,1.1925693439518823,1.1925693439518823
Hf,2.2975,3.950857655464614e-05,4.6922478617605715e-05,0.0009934838709677418,1.6408239154419668,1.1043250050414934,1.1931749949585067,1.1931749949585067
Hf,2.3000000000000003,3.963161587261787e-05,4.70857328415297e-05,0.0009950967741935485,1.6430137757606833,1.1062200726099978,1.1937799273900025,1.1937799273900025
Hf,2.3025,3.9754965741320124e-05,4.724946543738666e-05,0.000996709677419355,1.645207652254459,1.1081158624220147,1.1943841375779858,1.1943841375779858
Hf,2.305,3.9878626853231445e-05,4.741367836578392e-05,0.0009983225806451613,1.647405554066533,1.1100123739904264,1.1949876260095738,1.1949876260095738
Hf,2.3075,4.000260056006736e-05,4.757836836506327e-05,0.0009999354838709678,1.6496074466707578,1.1119095990308518,1.1955904009691483,1.1955904009691483
Hf,2.31,4.0126886738491515e-05,4.7743536627057576e-05,0.001,1.6518133329174858,1.1138075359818276,1.1961924640181725,1.1961924640181725
Hf,2.3125,4.025148604762855e-05,4.7909184344631165e-05,0.001,1.6540232156547976,1.1157061832834103,1.1967938167165897,1.1967938167165897
Hf,2.315,4.037639914752513e-05,4.807531271165971e-05,0.001,1.6562370977283893,1.1176055393771847,1.1973944606228153,1.1973944606228153
Hf,2.3175,4.050162669914903e-05,4.8241922923010166e-05,0.001,1.6584549819814656,1.1195056027062729,1.197994397293727,1.197994397293727
Hf,2.32,4.062716936438832e-05,4.840901617452012e-05,0.001,1.6606768712546311,1.1214063717153415,1.198593628284658,1.198593628284658
Hf,2.3225000000000002,4.0753027806050174e-05,4.8576593662977254e-05,0.001,1.6629027683857813,1.1233078448506126,1.1991921551493876,1.1991921551493876
Hf,2.325,4.087920268786007e-05,4.8744656586097964e-05,0.001,1.6651326762099856,1.1252100205598685,1.1997899794401317,1.1997899794401317
Hf,2.3275,4.100569467446076e-05,4.8913206142506545e-05,0.001,1.6673665975593832,1.1271128972924638,1.2003871027075363,1.2003871027075363
Hf,2.33,4.113250443141123e-05,4.908224353171339e-05,0.001,1.6696045352630622,1.1290164734993318,1.2009835265006683,1.2009835265006683
Hf,2.3325,4.125963262518565e-05,4.925176995409322e-05,0.001,1.671846492146949,1.130920747632993,1.2015792523670068,1.2015792523670068
Hf,2.335,4.138707992317247e-05,4.9421786610863157e-05,0.001,1.674092471033693,1.1328257181475643,1.202174281852436,1.202174281852436
Hf,2.3375,4.151484699367316e-05,4.959229470406026e-05,0.001,1.6763424747425508,1.1347313834987642,1.2027686165012355,1.2027686165012355
Hf,2.34,4.164293450590126e-05,4.976329543651908e-05,0.001,1.6785965060892674,1.1366377421439258,1.2033622578560739,1.2033622578560739
Hf,2.3425000000000002,4.177134312998137e-05,4.993479001184868e-05,0.001,1.6808545678859605,1.1385447925420005,1.2039552074579998,1.2039552074579998
Hf,2.345,4.19000735369478e-05,5.01067796344095e-05,0.001,1.6831166629409975,1.1404525331535669,1.2045474668464333,1.2045474668464333
Hf,2.3475,4.202912639874376e-05,5.027926550929001e-05,0.001,1.6853827940588786,1.1423609624408408,1.205139037559159,1.205139037559159
Hf,2.35,4.2158502388219945e-05,5.045224884228303e-05,0.001,1.6876529640401166,1.1442700788676816,1.2057299211323187,1.2057299211323187
Hf,2.3525,4.228820217913359e-05,5.062573083986164e-05,0.001,1.6899271756811096,1.1461798808995982,1.2063201191004016,1.2063201191004016
Hf,2.355,4.2418226446147206e-05,5.079971270915507e-05,0.001,1.6922054317740254,1.1480903670037617,1.2069096329962383,1.2069096329962383
Hf,2.3575,4.254857586482735e-05,5.0974195657924e-05,0.001,1.6944877351066718,1.1500015356490074,1.2074984643509925,1.2074984643509925
Hf,2.36,4.267925111164356e-05,5.114918228844665e-05,0.001,1.6967740996824245,1.1519133871869847,1.2080866128130154,1.2080866128130154
Hf,2.3625000000000003,4.281025286396703e-05,5.1324672794145616e-05,0.001,1.6990645200623424,1.1538259186997282,1.208674081300272,1.208674081300272
Hf,2.365,4.294158180006939e-05,5.150066773195539e-05,0.001,1.7013589937701235,1.1557391277816211,1.2092608722183789,1.2092608722183789
Hf,2.3675,4.3073238599121545e-05,5.167716830862551e-05,0.001,1.7036575235599436,1.1576530129090696,1.2098469870909303,1.2098469870909303
Hf,2.37,4.320522394119226e-05,5.185417573138147e-05,0.001,1.7059601121808847,1.1595675725601855,1.2104324274398148,1.2104324274398148
Hf,2.3725,4.333753850724697e-05,5.203169120789735e-05,0.001,1.7082667623767924,1.1614828052147932,1.2110171947852066,1.2110171947852066
Hf,2.375,4.3470182979146573e-05,5.220971594626987e-05,0.001,1.7105774768861572,1.1633987093544402,1.2116012906455598,1.2116012906455598
Hf,2.3775,4.3603158626160014e-05,5.238825115499049e-05,0.001,1.7128922584419717,1.1653152834624003,1.2121847165375996,1.2121847165375996
Hf,2.38,4.3736465889851874e-05,5.256729804291829e-05,0.001,1.7152111097715996,1.1672325260236835,1.2127674739763163,1.2127674739763163
Hf,2.3825,4.387010517588693e-05,5.274685781925215e-05,0.001,1.7175340335966418,1.1691504355250422,1.2133495644749577,1.2133495644749577
Hf,2.3850000000000002,4.4004077170191116e-05,5.292693169350257e-05,0.001,1.7198610326328019,1.1710690104549781,1.213930989545022,1.213930989545022
Hf,2.3875,4.413838255958144e-05,5.310752087546324e-05,0.001,1.722192109589742,1.1729882493037493,1.2145117506962508,1.2145117506962508
Hf,2.39,4.4273022031764936e-05,5.328862657518227e-05,0.001,1.7245272671709517,1.1749081505633774,1.215091849436623,1.215091849436623
Hf,2.3925,4.4407996275337026e-05,5.347025000293321e-05,0.001,1.7268665080736088,1.1768287127276544,1.2156712872723459,1.2156712872723459
Hf,2.395,4.454330597977999e-05,5.365239236918557e-05,0.001,1.7292098349884315,1.1787499342921492,1.2162500657078508,1.2162500657078508
Hf,2.3975,4.467895183546181e-05,5.383505723078678e-05,0.001,1.731557269011018,1.1806718167079233,1.2168281832920764,1.2168281832920764
Hf,2.4,4.481493453363455e-05,5.401824380499951e-05,0.001,1.7339087971083678,1.1825943559349292,1.2174056440650707,1.2174056440650707
Hf,2.4025,4.495125476643276e-05,5.4201953276599095e-05,0.001,1.736264421733105,1.1845175504355523,1.2179824495644473,1.2179824495644473
Hf,2.4050000000000002,4.508791322687229e-05,5.4386186860280346e-05,0.001,1.738624145565283,1.1864413987116893,1.2185586012883112,1.2185586012883112
Hf,2.4075,4.52249106088483e-05,5.457094577081391e-05,0.001,1.7409879712778926,1.1883658992670432,1.219134100732957,1.219134100732957
Hf,2.41,4.536224760713432e-05,5.475623122301583e-05,0.001,1.743355901536723,1.1902910506071351,1.2197089493928652,1.2197089493928652
Hf,2.4125,4.549992491738018e-05,5.494204443171547e-05,0.001,1.7457279390002116,1.1922168512393065,1.2202831487606935,1.2202831487606935
Hf,2.415,4.563794323611071e-05,5.512838661172395e-05,0.001,1.7481040863192916,1.1941432996727288,1.2208567003272712,1.2208567003272712
Hf,2.4175,4.577630326072402e-05,5.531525897780165e-05,0.001,1.7504843461372515,1.1960703944184075,1.2214296055815925,1.2214296055815925
Hf,2.42,4.591500568949004e-05,5.5502662744625806e-05,0.001,1.7528687210895737,1.1979981339891892,1.2220018660108107,1.2220018660108107
Hf,2.4225,4.6054051221548714e-05,5.5690599126757534e-05,0.001,1.7552572138037914,1.199926516899768,1.222573483100232,1.222573483100232
Hf,2.4250000000000003,4.619344055690851e-05,5.5879069338608367e-05,0.001,1.7576498268993315,1.201855541666692,1.223144458333308,1.223144458333308
Hf,2.4275,4.633317439644463e-05,5.6068074594406673e-05,0.001,1.7600465629873578,1.203785206808369,1.2237147931916312,1.2237147931916312
Hf,2.43,4.647325344189737e-05,5.625761610816372e-05,0.001,1.762447424670623,1.2057155108450723,1.2242844891549278,1.2242844891549278
Hf,2.4325,4.6613678395870406e-05,5.644769509363897e-05,0.001,1.7648524145433047,1.2076464522989474,1.2248535477010527,1.2248535477010527
Hf,2.435,4.675444996182921e-05,5.663831276430553e-05,0.001,1.7672615351908523,1.2095780296940177,1.225421970305982,1.225421970305982
Hf,2.4375,4.689557053712714e-05,5.6829470333314905e-05,0.001,1.7696747891898275,1.211510241556191,1.225989758443809,1.225989758443809
Hf,2.44,4.7037039957575596e-05,5.7021169013461336e-05,0.001,1.7720921791077429,1.2134430864132637,1.2265569135867362,1.2265569135867362
Hf,2.4425,4.717885818332593e-05,5.721341001714597e-05,0.001,1.774513707502901,1.215376562794929,1.227123437205071,1.227123437205071
Hf,2.445,4.732102592183438e-05,5.74061945563405e-05,0.001,1.7769393769242336,1.2173106692327804,1.2276893307672192,1.2276893307672192
Hf,2.4475000000000002,4.7463543881412945e-05,5.759952384255059e-05,0.001,1.7793691899111406,1.21924540426032,1.2282545957396802,1.2282545957396802
Hf,2.45,4.7606412771227413e-05,5.779339908677823e-05,0.001,1.7818031489933126,1.2211807664129601,1.2288192335870398,1.2288192335870398
Hf,2.4525,4.774963330129558e-05,5.798782149948499e-05,0.001,1.7842412566905839,1.2231167542280346,1.2293832457719656,1.2293832457719656
Hf,2.455,4.789320618248543e-05,5.818279821808521e-05,0.001,1.7866835603083133,1.2250533729600566,1.2299466270399437,1.2299466270399437
Hf,2.4575,4.8037132126513155e-05,5.83783290948199e-05,0.001,1.7891300518846562,1.2269906195251867,1.2305093804748133,1.2305093804748133
Hf,2.46,4.8181411845941335e-05,5.857441118476537e-05,0.001,1.7915807024526995,1.2289284877327948,1.2310715122672047,1.2310715122672047
Hf,2.4625,4.832604605417689e-05,5.8771045700361874e-05,0.001,1.7940355145104236,1.2308669761270647,1.2316330238729354,1.2316330238729354
Hf,2.465,4.8471035465469216e-05,5.8968233853353574e-05,0.001,1.7964944905452258,1.2328060832541226,1.2321939167458775,1.2321939167458775
Hf,2.4675000000000002,4.8616380794908284e-05,5.916597685474904e-05,0.001,1.7989576330337487,1.2347458076620468,1.2327541923379535,1.2327541923379535
Hf,2.47,4.876208275842241e-05,5.936427591478106e-05,0.001,1.8014249444417032,1.2366861479008702,1.2333138520991302,1.2333138520991302
Hf,2.4725,4.8908144133908185e-05,5.956313224286613e-05,0.001,1.8038964272236964,1.238627102522586,1.2338728974774142,1.2338728974774142
Hf,2.475,4.905456503760598e-05,5.9762547047563554e-05,0.001,1.806372083823055,1.2405686700811533,1.2344313299188465,1.2344313299188465
Hf,2.4775,4.920134481358579e-05,5.9962521536533984e-05,0.001,1.8088519166716475,1.2425108491325034,1.2349891508674968,1.2349891508674968
Hf,2.48,4.934848418171191e-05,6.016305691649759e-05,0.001,1.8113359281897032,1.244453638234541,1.2355463617654587,1.2355463617654587
Hf,2.4825,4.949598386267986e-05,6.036415439319211e-05,0.001,1.813824120785638,1.2463970359471541,1.2361029640528458,1.2361029640528458
Hf,2.485,4.964384457801441e-05,6.056581929448414e-05,0.001,1.816316527427378,1.2483410452556594,1.2366589547443403,1.2366589547443403
Hf,2.4875000000000003,4.979206705006751e-05,6.076805961702484e-05,0.001,1.8188132006322513,1.2502856719141524,1.2372143280858476,1.2372143280858476
Hf,2.49,4.9940652002015854e-05,6.097086611638627e-05,0.001,1.8213140651681887,1.2522309032210879,1.2377690967789123,1.2377690967789123
Hf,2.4925,5.008960015785916e-05,6.117423999892059e-05,0.001,1.8238191234153303,1.2541767377434363,1.2383232622565636,1.2383232622565636
Hf,2.495,5.023891224241758e-05,6.137818246982128e-05,0.001,1.8263283777412176,1.2561231740501735,1.2388768259498266,1.2388768259498266
Hf,2.4975,5.038858898132977e-05,6.15826947330786e-05,0.001,1.8288418305006087,1.258070210712284,1.2394297892877157,1.2394297892877157
Hf,2.5,5.053863309327609e-05,6.178777799143443e-05,0.001,1.8313594840352885,1.2600178463027665,1.2399821536972333,1.2399821536972333
Hf,2.5025,5.06890456731486e-05,6.199343344633685e-05,0.001,1.8338813406738785,1.2619660793966387,1.2405339206033612,1.2405339206033612
Hf,2.505,5.083982518087359e-05,6.219966229789389e-05,0.001,1.8364074027316482,1.263914908570941,1.2410850914290592,1.2410850914290592
Hf,2.5075,5.0990972345975754e-05,6.240646574482722e-05,0.001,1.8389376725103208,1.265864332404741,1.241635667595259,1.241635667595259
Hf,2.5100000000000002,5.114248789879011e-05,6.261385767836834e-05,0.001,1.8414722449578484,1.2678143624946767,1.2421856375053235,1.2421856375053235
Hf,2.5125,5.129437257045944e-05,6.282183305254086e-05,0.001,1.8440110764050257,1.2697649908682536,1.2427350091317464,1.2427350091317464
Hf,2.515,5.1446627092932223e-05,6.303038712538418e-05,0.001,1.8465541256917413,1.2717162099884753,1.243283790011525,1.243283790011525
Hf,2.5175,5.1599252198960126e-05,6.323952109497835e-05,0.001,1.8491013950857391,1.2736680184416684,1.2438319815583316,1.2438319815583316
Hf,2.52,5.175224862209536e-05,6.344923615782247e-05,0.001,1.8516528868403792,1.2756204148162102,1.24437958518379,1.24437958518379
Hf,2.5225,5.190561709668872e-05,6.365953350878546e-05,0.001,1.854208603194444,1.2775733977025294,1.2449266022974705,1.2449266022974705
Hf,2.525,5.205936312104553e-05,6.387041434105667e-05,0.001,1.856768546371937,1.279526965693114,1.2454730343068856,1.2454730343068856
Hf,2.5275,5.2213483055869166e-05,6.408187984609554e-05,0.001,1.859332718581873,1.2814811173825134,1.2460188826174865,1.2460188826174865
Hf,2.5300000000000002,5.236797734763261e-05,6.429394234023588e-05,0.001,1.861901202245925,1.283435862373294,1.246564137626706,1.246564137626706
Hf,2.5325,5.252284673452161e-05,6.450660333337986e-05,0.001,1.8644740014679573,1.2853911994230065,1.247108800576994,1.247108800576994
Hf,2.535,5.2678091955511334e-05,6.471985311779262e-05,0.001,1.8670510397163145,1.287347116298514,1.247652883701486,1.247652883701486
Hf,2.5375,5.283371375036352e-05,6.493369288321887e-05,0.001,1.86963231916128,1.2893036116017538,1.2481963883982463,1.2481963883982463
Hf,2.54,5.298971285962417e-05,6.514812381746302e-05,0.001,1.8722178419572706,1.2912606839367424,1.2487393160632574,1.2487393160632574
Hf,2.5425,5.3146090024620824e-05,6.536314710633657e-05,0.001,1.8748076102426334,1.2932183319095827,1.249281668090417,1.249281668090417
Hf,2.545,5.3302848677190995e-05,6.557876393360466e-05,0.001,1.8774016261394282,1.2951765541284674,1.249823445871533,1.249823445871533
Hf,2.5475,5.345998998105605e-05,6.579498167239756e-05,0.001,1.8799999359253987,1.2971353551394846,1.2503646448605152,1.2503646448605152
Hf,2.5500000000000003,5.3617511671847495e-05,6.601181481680966e-05,0.001,1.8826026363104638,1.2990947461728128,1.2509052538271874,1.2509052538271874
Hf,2.5525,5.377541449468455e-05,6.622924562867841e-05,0.001,1.8852095941781342,1.301054707614313,1.2514452923856874,1.2514452923856874
Hf,2.555,5.393369919545812e-05,6.644727528906078e-05,0.001,1.8878208116074267,1.3030152380796673,1.2519847619203326,1.2519847619203326
Hf,2.5575,5.409236652082816e-05,6.666590497674256e-05,0.001,1.8904362906601515,1.3049763361866653,1.2525236638133346,1.2525236638133346
Hf,2.56,5.425141721822076e-05,6.68851358681821e-05,0.001,1.8930560333806967,1.3069380005552078,1.2530619994447922,1.2530619994447922
Hf,2.5625,5.441085203582554e-05,6.710496913745357e-05,0.001,1.8956800417958075,1.3089002298073094,1.2535997701926906,1.2535997701926906
Hf,2.565,5.457067653915216e-05,6.732542427911436e-05,0.001,1.8983084472630254,1.3108630395907963,1.2541369604092036,1.2541369604092036
Hf,2.5675,5.473088832994507e-05,6.754649485685419e-05,0.001,1.900941197541482,1.3128264212534002,1.2546735787465997,1.2546735787465997
Hf,2.57,5.4891486597689287e-05,6.77681719478911e-05,0.001,1.9035782232438778,1.3147903639973426,1.255209636002657,1.255209636002657
Hf,2.5725000000000002,5.5052472094318384e-05,6.799045672252622e-05,0.001,1.9062195263494013,1.3167548664522246,1.2557451335477754,1.2557451335477754
Hf,2.575,5.52138455725185e-05,6.821335034843634e-05,0.001,1.9088651088186326,1.318719927249778,1.2562800727502224,1.2562800727502224
Hf,2.5775,5.537560778572585e-05,6.843685399061414e-05,0.001,1.911514972593322,1.320685545023869,1.2568144549761309,1.2568144549761309
Hf,2.58,5.553775948812353e-05,6.866098574152517e-05,0.001,1.9141692380530193,1.3226517337267303,1.2573482662732696,1.2573482662732696
Hf,2.5825,5.570030574257842e-05,6.888574485566917e-05,0.001,1.9168278932200042,1.324618490059084,1.2578815099409157,1.2578815099409157
Hf,2.585,5.5863245783818804e-05,6.91111181254451e-05,0.001,1.9194908392924526,1.3265857995963501,1.2584142004036498,1.2584142004036498
Hf,2.5875,5.602657769339838e-05,6.933710671112513e-05,0.001,1.9221580781606027,1.3285536609800572,1.258946339019943,1.258946339019943
Hf,2.59,5.619030222920009e-05,6.956371177004378e-05,0.001,1.9248296116948633,1.330522072853884,1.2594779271461158,1.2594779271461158
Hf,2.5925000000000002,5.6354420149842485e-05,6.979093445653501e-05,0.001,1.9275054417455748,1.332491033863664,1.2600089661363365,1.2600089661363365
Hf,2.595,5.651893221467656e-05,7.001880446870143e-05,0.001,1.930185768112032,1.3344605678018215,1.2605394321981789,1.2605394321981789
Hf,2.5975,5.6683839183782617e-05,7.024730090218341e-05,0.001,1.9328704389615594,1.3364306536224126,1.2610693463775873,1.2610693463775873
Hf,2.6,5.684914895357254e-05,7.047641910318771e-05,0.001,1.9355594157834837,1.3384012848382454,1.261598715161755,1.261598715161755
Hf,2.6025,5.701485574752959e-05,7.07061602203239e-05,0.001,1.9382527003725287,1.340372460102884,1.2621275398971161,1.2621275398971161
Hf,2.605,5.718095984717549e-05,7.093652539893362e-05,0.001,1.9409502945023194,1.3423441780720622,1.2626558219279378,1.2626558219279378
Hf,2.6075,5.734746201624283e-05,7.116753225046802e-05,0.001,1.943652313314087,1.3443164515956116,1.2631835484043885,1.2631835484043885
Hf,2.61,5.751436301918153e-05,7.139918655572123e-05,0.001,1.9463587899010202,1.3462892831071323,1.2637107168928674,1.2637107168928674
Hf,2.6125000000000003,5.768166362115553e-05,7.163146906269688e-05,0.001,1.9490695853630147,1.3482626536080782,1.264237346391922,1.264237346391922
Hf,2.615,5.784936978533496e-05,7.186438091016288e-05,0.001,1.951784701414633,1.350236561761969,1.2647634382380313,1.2647634382380313
Hf,2.6175,5.801748016364746e-05,7.209792323333971e-05,0.001,1.954504139748276,1.3522110062345076,1.2652889937654925,1.2652889937654925
Hf,2.62,5.8185992561622254e-05,7.233211029034985e-05,0.001,1.9572279917563076,1.354185996758976,1.2658140032410243,1.2658140032410243
Hf,2.6225,5.835490774803361e-05,7.256695719690573e-05,0.001,1.959956354110533,1.3561615435773668,1.2663384564226334,1.2663384564226334
Hf,2.625,5.85242264923571e-05,7.280243871734029e-05,0.001,1.9626890479491224,1.358137623025081,1.266862376974919,1.266862376974919
Hf,2.6275,5.8693949564766215e-05,7.303855597941118e-05,0.001,1.9654260749018686,1.3601142337756609,1.2673857662243388,1.2673857662243388
Hf,2.63,5.8864083431971446e-05,7.327531010703631e-05,0.001,1.9681674365753,1.3620913745048429,1.267908625495157,1.267908625495157
Hf,2.6325,5.903462632186593e-05,7.351272123071074e-05,0.001,1.9709132635588213,1.364069059566808,1.268430940433192,1.268430940433192
Hf,2.6350000000000002,5.920557597957154e-05,7.375079547058304e-05,0.001,1.9736635906965294,1.3660472915179258,1.2689527084820746,1.2689527084820746
Hf,2.6375,5.9376933178827514e-05,7.398951070959373e-05,0.001,1.9764182616146082,1.3680260497842942,1.2694739502157057,1.2694739502157057
Hf,2.64,5.954869869405753e-05,7.422886806326703e-05,0.001,1.9791772778533234,1.370005333049539,1.2699946669504611,1.2699946669504611
Hf,2.6425,5.9720873300366135e-05,7.446886864298266e-05,0.001,1.981940640928545,1.3719851399994891,1.270514860000511,1.270514860000511
Hf,2.645,5.989346651601876e-05,7.470954818985547e-05,0.001,1.9847085856740394,1.373965497257856,1.271034502742144,1.271034502742144
Hf,2.6475,6.006647107054633e-05,7.495088447756724e-05,0.001,1.9874809555117645,1.3759463843789639,1.271553615621036,1.271553615621036
Hf,2.65,6.0239887174854655e-05,7.519286811769203e-05,0.001,1.9902576810920114,1.377927791547573,1.2720722084524267,1.2720722084524267
Hf,2.6525,6.0413715607566584e-05,7.543550021224109e-05,0.001,1.9930387638606133,1.3799097174574468,1.272590282542553,1.272590282542553
Hf,2.6550000000000002,6.0587957147971884e-05,7.567879424560135e-05,0.001,1.995824288227852,1.381892170625237,1.2731078293747633,1.2731078293747633
Hf,2.6575,6.076261711015789e-05,7.592277468069185e-05,0.001,1.9986144115169846,1.38387516804179,1.2736248319582102,1.2736248319582102
Hf,2.66,6.093769712422143e-05,7.616740769227552e-05,0.001,2.0014089007828844,1.3858586805829596,1.2741413194170406,1.2741413194170406
Hf,2.6625,6.111319272070839e-05,7.641269437222691e-05,0.001,2.004207757398388,1.3878427069504768,1.2746572930495232,1.2746572930495232
Hf,2.665,6.128910468238745e-05,7.665863580770732e-05,0.001,2.0070109827098572,1.3898272458482974,1.2751727541517026,1.2751727541517026
Hf,2.6675,6.146543379267968e-05,7.690527903944269e-05,0.001,2.0098188837514495,1.3918123316205164,1.2756876683794836,1.2756876683794836
Hf,2.67,6.164218281623823e-05,7.715258452492453e-05,0.001,2.012631190583354,1.393797931105856,1.2762020688941438,1.2762020688941438
Hf,2.6725,6.1819358989172e-05,7.740054887585129e-05,0.001,2.0154478747256377,1.3957840395312795,1.2767159604687206,1.2767159604687206
Hf,2.6750000000000003,6.199695480139358e-05,7.764917316819212e-05,0.001,2.0182689374476857,1.3977706556087495,1.2772293443912508,1.2772293443912508
Hf,2.6775,6.217497103976161e-05,7.789849557589581e-05,0.001,2.021094625430399,1.3997578063304814,1.2777421936695188,1.2777421936695188
Hf,2.68,6.235340849177178e-05,7.814849664767829e-05,0.001,2.0239248032124295,1.4017454744345084,1.2782545255654918,1.2782545255654918
Hf,2.6825,6.253226909073895e-05,7.839916176259639e-05,0.001,2.026759368055033,1.403733646621131,1.2787663533788691,1.2787663533788691
Hf,2.685,6.271156225788437e-05,7.86504919845949e-05,0.001,2.0295983211474895,1.4057223216103474,1.2792776783896525,1.2792776783896525
Hf,2.6875,6.289127914520198e-05,7.890252259123163e-05,0.001,2.0324418887568942,1.40771152375649,1.2797884762435099,1.2797884762435099
Hf,2.69,6.307142054358195e-05,7.915524236390558e-05,0.001,2.035289990343673,1.4097012422570998,1.2802987577429001,1.2802987577429001
Hf,2.6925,6.325198724453534e-05,7.940863133540528e-05,0.001,2.038142488520289,1.411691460011707,1.280808539988293,1.280808539988293
Hf,2.695,6.343298213310492e-05,7.966269055678918e-05,0.001,2.040999384392713,1.4136821757483755,1.2813178242516243,1.2813178242516243
Hf,2.6975000000000002,6.361441326514901e-05,7.991745864222698e-05,0.001,2.0438609248128348,1.4156734158546036,1.2818265841453966,1.2818265841453966
Hf,2.7,6.379627222205661e-05,8.017292022448238e-05,0.001,2.0467270024953916,1.4176651666335123,1.282334833366488,1.282334833366488
Hf,2.7025,6.397855979868815e-05,8.042905613654044e-05,0.001,2.049597486065515,1.419657411866821,1.2828425881331793,1.2828425881331793
Hf,2.705,6.416127679050845e-05,8.068586741568139e-05,0.001,2.0524723765425903,1.4216501502906833,1.283349849709317,1.283349849709317
Hf,2.7075,6.434442888397814e-05,8.094340251670153e-05,0.001,2.0553519834471303,1.4236434149538302,1.2838565850461696,1.2838565850461696
Hf,2.71,6.45280190862421e-05,8.120162900291205e-05,0.001,2.058236088917949,1.4256371799969967,1.2843628200030033,1.2843628200030033
Hf,2.7125,6.471204124164313e-05,8.146053492237641e-05,0.001,2.0611246093316784,1.427631434724067,1.2848685652759329,1.2848685652759329
Hf,2.715,6.489649614894788e-05,8.172012223934648e-05,0.001,2.064017551720035,1.4296261785521793,1.2853738214478205,1.2853738214478205
Hf,2.7175000000000002,6.508138460751039e-05,8.198045320788543e-05,0.001,2.066915313160995,1.431621453757737,1.285878546242263,1.285878546242263
Hf,2.72,6.526671702321276e-05,8.22414676693588e-05,0.001,2.0698174974782066,1.4336172151557585,1.2863827848442415,1.2863827848442415
Hf,2.7225,6.545248753488963e-05,8.250316663709497e-05,0.001,2.0727241055401757,1.435613461496385,1.2868865385036155,1.2868865385036155
Hf,2.725,6.563869415132247e-05,8.276557296059763e-05,0.001,2.0756352789486336,1.4376102068697818,1.287389793130218,1.287389793130218
Hf,2.7275,6.582533767511755e-05,8.3028709887674e-05,0.001,2.0785511609902954,1.439607465345967,1.287892534654033,1.287892534654033
Hf,2.73,6.601242224797849e-05,8.329253536355645e-05,0.001,2.0814714745409875,1.4416052052944506,1.2883947947055494,1.2883947947055494
Hf,2.7325,6.619995496766759e-05,8.35570503852448e-05,0.001,2.0843962203734097,1.4436034254735264,1.2888965745264735,1.2888965745264735
Hf,2.735,6.638792716100734e-05,8.382230596000059e-05,0.001,2.0873257197911315,1.4456021591572457,1.2893978408427542,1.2893978408427542
Hf,2.7375000000000003,6.65763396338183e-05,8.408827187873463e-05,0.001,2.0902597723849006,1.4476013831756758,1.2898986168243243,1.2898986168243243
Hf,2.74,6.676519319247667e-05,8.435493136655875e-05,0.001,2.093198264847532,1.4496010839755884,1.2903989160244116,1.2903989160244116
Hf,2.7425,6.695450015681407e-05,8.462230041686839e-05,0.001,2.0961412936992443,1.4516012705547972,1.290898729445203,1.290898729445203
Hf,2.745,6.714425186877068e-05,8.489042073013607e-05,0.001,2.0990891187229996,1.4536019691449815,1.2913980308550186,1.2913980308550186
Hf,2.7475,6.733444724821136e-05,8.515923862542735e-05,0.001,2.1020413910849856,1.4556031410828811,1.291896858917119,1.291896858917119
Hf,2.75,6.752508710467302e-05,8.542875507129281e-05,0.001,2.1049981113908767,1.4576047851408755,1.2923952148591245,1.2923952148591245
Hf,2.7525,6.771618004656177e-05,8.569902660711691e-05,0.001,2.1079596330724697,1.4596069373103326,1.2928930626896675,1.2928930626896675
Hf,2.755,6.790772529255713e-05,8.597001686505893e-05,0.001,2.1109257184223384,1.4616095709432189,1.2933904290567808,1.2933904290567808
Hf,2.7575,6.809971760984843e-05,8.624170966350421e-05,0.001,2.113896258994192,1.4636126732837305,1.2938873267162696,1.2938873267162696
Hf,2.7600000000000002,6.829215781109225e-05,8.651413433675807e-05,0.001,2.116871434795927,1.4656162618830173,1.2943837381169832,1.2943837381169832
Hf,2.7625,6.848505190828808e-05,8.678731092421329e-05,0.001,2.1198513660322478,1.4676203478078331,1.2948796521921673,1.2948796521921673
Hf,2.765,6.867840477722195e-05,8.706119402912248e-05,0.001,2.122835759640822,1.4696248990432168,1.2953751009567833,1.2953751009567833
Hf,2.7675,6.887220813695301e-05,8.733578887959568e-05,0.001,2.125824643080346,1.4716299171779121,1.2958700828220877,1.2958700828220877
Hf,2.77,6.906646280321455e-05,8.761116577286603e-05,0.001,2.128818452902219,1.4736354460316312,1.2963645539683688,1.2963645539683688
Hf,2.7725,6.92611733402136e-05,8.788725314645166e-05,0.001,2.1318167321145705,1.4756414368143023,1.296858563185698,1.296858563185698
Hf,2.775,6.945634799421395e-05,8.816405192451427e-05,0.001,2.134819481071415,1.4776478883183868,1.2973521116816131,1.2973521116816131
Hf,2.7775,6.965197657408739e-05,8.844162650772348e-05,0.001,2.137827097812988,1.4796548400734524,1.2978451599265477,1.2978451599265477
Hf,2.7800000000000002,6.984805989860025e-05,8.871993211819036e-05,0.001,2.1408392949827033,1.4816622610959667,1.2983377389040336,1.2983377389040336
Hf,2.7825,7.004460226704973e-05,8.899895306731973e-05,0.001,2.143855968702906,1.4836701394796976,1.2988298605203024,1.2988298605203024
Hf,2.785,7.024161294120684e-05,8.927873834758179e-05,0.001,2.1468774193164597,1.4856785044963032,1.299321495503697,1.299321495503697
Hf,2.7875,7.043908099176846e-05,8.955927616672333e-05,0.001,2.149903566573751,1.4876873464914357,1.2998126535085643,1.2998126535085643
Hf,2.79,7.06370072404885e-05,8.984053324175176e-05,0.001,2.1529341970448397,1.489696642503088,1.300303357496912,1.300303357496912
Hf,2.7925,7.083539693959279e-05,9.012254662852863e-05,0.001,2.1559695357132656,1.4917064139675893,1.3007935860324107,1.3007935860324107
Hf,2.795,7.103425794167729e-05,9.040533062925233e-05,0.001,2.159009664954867,1.4937166677084086,1.3012833322915913,1.3012833322915913
Hf,2.7975,7.123357978602933e-05,9.068883778491006e-05,0.001,2.162054283926398,1.4957273721365714,1.3017726278634285,1.3017726278634285
Hf,2.8000000000000003,7.143336329734316e-05,9.097309679898403e-05,0.001,2.165103565029884,1.4977385432593315,1.3022614567406685,1.3022614567406685
Hf,2.8025,7.163361593426465e-05,9.125814095276439e-05,0.001,2.1681577079087733,1.4997501995592677,1.3027498004407323,1.3027498004407323
Hf,2.805,7.183434164442959e-05,9.154391214110119e-05,0.001,2.171216346881979,1.5017623032329142,1.303237696767086,1.303237696767086
Hf,2.8075,7.203553167792702e-05,9.183043441457451e-05,0.001,2.1742796249953473,1.5037748672483717,1.3037251327516286,1.3037251327516286
Hf,2.81,7.223718686234337e-05,9.21177526888329e-05,0.001,2.177347812910288,1.5057879169612824,1.3042120830387176,1.3042120830387176
Hf,2.8125,7.243931815259862e-05,9.240580185656527e-05,0.001,2.1804205031275505,1.5078014107498328,1.3046985892501672,1.3046985892501672
Hf,2.815,7.264192302306358e-05,9.269460513283874e-05,0.001,2.1834978330175017,1.5098153609165683,1.3051846390834319,1.3051846390834319
Hf,2.8175,7.284499571299396e-05,9.298421148824764e-05,0.001,2.186580097102405,1.5118297949368011,1.3056702050631988,1.3056702050631988
Hf,2.82,7.3048537052818e-05,9.327455257403002e-05,0.001,2.1896668695365302,1.513844669750182,1.3061553302498177,1.3061553302498177
Hf,2.8225000000000002,7.325256282066848e-05,9.356565470775982e-05,0.001,2.192758306158842,1.5158599993509827,1.3066400006490178,1.3066400006490178
Hf,2.825,7.345706137538736e-05,9.385756309547057e-05,0.001,2.195854677271945,1.5178758086134307,1.3071241913865694,1.3071241913865694
Hf,2.8275,7.366203126063259e-05,9.415021002708859e-05,0.001,2.1989555626152617,1.5198920554021311,1.3076079445978688,1.3076079445978688
Hf,2.83,7.386747667495884e-05,9.444362898412049e-05,0.001,2.2020611611119016,1.5219087577440502,1.3080912422559496,1.3080912422559496
Hf,2.8325,7.407340948846026e-05,9.473785334291156e-05,0.001,2.2051716698247446,1.5239259332242054,1.3085740667757944,1.3085740667757944
Hf,2.835,7.427981632277091e-05,9.503282003439646e-05,0.001,2.2082866984780143,1.525943542979329,1.3090564570206709,1.3090564570206709
Hf,2.8375,7.448669801345225e-05,9.532857389167671e-05,0.001,2.211406514174189,1.527961611393747,1.3095383886062528,1.3095383886062528
Hf,2.84,7.469406580751459e-05,9.562512814502243e-05,0.001,2.214531190760417,1.5299801441077499,1.31001985589225,1.31001985589225
Hf,2.8425000000000002,7.490191802918545e-05,9.592242849368364e-05,0.001,2.217660392821543,1.5319991078610615,1.3105008921389387,1.3105008921389387
Hf,2.845,7.511024780944159e-05,9.622053543914603e-05,0.001,2.2207944812226583,1.5340185357037404,1.3109814642962596,1.3109814642962596
Hf,2.8475,7.53190562043035e-05,9.651943349220229e-05,0.001,2.2239333556466216,1.5360384167084251,1.311461583291575,1.311461583291575
Hf,2.85,7.55283622862435e-05,9.681908137557752e-05,0.001,2.2270767608991644,1.5380587255323948,1.3119412744676056,1.3119412744676056
Hf,2.8525,7.57381486385338e-05,9.711955970800606e-05,0.001,2.2302251776877338,1.540079506183532,1.312420493816468,1.312420493816468
Hf,2.855,7.594841610171851e-05,9.74208154445125e-05,0.001,2.233378279592887,1.5421007265764677,1.3128992734235323,1.3128992734235323
Hf,2.8575,7.615917511680303e-05,9.772282471723294e-05,0.001,2.236535917494397,1.5441223715843106,1.313377628415689,1.313377628415689
Hf,2.86,7.63704265581214e-05,9.802569284609903e-05,0.001,2.239698718526853,1.5461444984485915,1.3138555015514084,1.3138555015514084
Hf,2.8625000000000003,7.65821618338652e-05,9.832932012519537e-05,0.001,2.2428660772239666,1.5481670493681206,1.3143329506318797,1.3143329506318797
Hf,2.865,7.67943826602807e-05,9.863372856090214e-05,0.001,2.2460381202880035,1.5501900349781128,1.3148099650218874,1.3148099650218874
Hf,2.8675,7.700710774211204e-05,9.893898106103762e-05,0.001,2.249215218197529,1.5522134882204792,1.315286511779521,1.315286511779521
Hf,2.87,7.722031939134171e-05,9.924499371399157e-05,0.001,2.252396862652684,1.5542373608457498,1.3157626391542503,1.3157626391542503
Hf,2.8725,7.743401845333846e-05,9.95518225704764e-05,0.001,2.2555833830352037,1.5562616819954755,1.3162383180045245,1.3162383180045245
Hf,2.875,7.764821848098626e-05,9.985947061340749e-05,0.001,2.258774790629935,1.558286451326957,1.3167135486730428,1.3167135486730428
Hf,2.8775,7.786291509902875e-05,0.00010016788244025388,0.001,2.2619707494523262,1.5603116368779546,1.3171883631220453,1.3171883631220453
Hf,2.88,7.807810187439987e-05,0.00010047715042399078,0.001,2.2651718034742774,1.562337287036323,1.3176627129636769,1.3176627129636769
Hf,2.8825,7.829378518184778e-05,0.00010078720780976279,0.001,2.268377549198998,1.5643633637020942,1.318136636297906,1.318136636297906
Hf,2.8850000000000002,7.850997539837847e-05,0.00010109804830491683,0.001,2.2715879438789393,1.5663898618679601,1.3186101381320399,1.3186101381320399
Hf,2.8875,7.872665852612461e-05,0.00010140975850331376,0.001,2.274803494772898,1.5684168261002414,1.319083173899759,1.319083173899759
Hf,2.89,7.894383541511268e-05,0.00010172223899540834,0.001,2.278023606695984,1.5704442013863578,1.3195557986136424,1.3195557986136424
Hf,2.8925,7.916152684745411e-05,0.00010203554974297229,0.001,2.2812486288878318,1.572472017991338,1.320027982008662,1.320027982008662
Hf,2.895,7.937971500082169e-05,0.00010234969322523083,0.001,2.2844785694989076,1.5745002752932769,1.320499724706723,1.320499724706723
Hf,2.8975,7.959839968071736e-05,0.00010266461054696488,0.001,2.2877130752995845,1.5765289405266985,1.3209710594733015,1.3209710594733015
Hf,2.9,7.981759612096194e-05,0.0001029804105492844,0.001,2.2909527817665527,1.578558069104227,1.321441930895773,1.321441930895773
Hf,2.9025,8.003729800738322e-05,0.0001032970010338847,0.001,2.294197139591109,1.5805876108280188,1.3219123891719813,1.3219123891719813
Hf,2.9050000000000002,8.025749919481865e-05,0.00010361440629960843,0.001,2.297446286265778,1.5826175767783104,1.32238242322169,1.32238242322169
Hf,2.9075,8.047821001027478e-05,0.00010393267723344969,0.001,2.30070051420468,1.5846479914848906,1.3228520085151094,1.3228520085151094
Hf,2.91,8.069943437130457e-05,0.00010425172839299031,0.001,2.3039593163295415,1.5866788090236636,1.3233211909763365,1.3233211909763365
Hf,2.9125,8.092116081698318e-05,0.00010457165453806779,0.001,2.307223241914465,1.5887100764813196,1.3237899235186807,1.3237899235186807
Hf,2.915,8.114339542344796e-05,0.00010489239632047614,0.001,2.3104919372160744,1.5907417615182498,1.32425823848175,1.32425823848175
Hf,2.9175,8.136615103469661e-05,0.00010521394838748387,0.001,2.313765365527656,1.5927738598166392,1.3247261401833608,1.3247261401833608
Hf,2.92,8.158941152332446e-05,0.00010553638809885183,0.001,2.3170439719821943,1.5948064088693148,1.3251935911306851,1.3251935911306851
Hf,2.9225,8.181317938522741e-05,0.00010585961434263505,0.001,2.3203271611083136,1.5968393556959357,1.325660644304064,1.325660644304064
Hf,2.9250000000000003,8.203747505629007e-05,0.00010618371922659542,0.001,2.323615463433995,1.5988727451011349,1.3261272548988654,1.3261272548988654
Hf,2.9275,8.226227840650378e-05,0.00010650865356897099,0.001,2.3269085864833117,1.6009065504997235,1.326593449500277,1.326593449500277
Hf,2.93,8.248759029643276e-05,0.00010683440524872847,0.001,2.330206454405875,1.60294076425334,1.3270592357466602,1.3270592357466602
Hf,2.9325,8.271343361143096e-05,0.00010716105501287507,0.001,2.3335095292296475,1.604975424766676,1.327524575233324,1.327524575233324
Hf,2.935,8.293978867572191e-05,0.00010748849752980473,0.001,2.336817194677027,1.60701047803676,1.3279895219632398,1.3279895219632398
Hf,2.9375,8.31666550924416e-05,0.0001078168342763597,0.001,2.3401300321719507,1.609045972561399,1.328454027438601,1.328454027438601
Hf,2.94,8.339405399206851e-05,0.00010814600237555057,0.001,2.3434476718527466,1.6110818755433305,1.3289181244566695,1.3289181244566695
Hf,2.9425,8.362196965670293e-05,0.00010847600700712583,0.001,2.346770138158274,1.613118187963872,1.3293818120361276,1.3293818120361276
Hf,2.945,8.38503994953754e-05,0.00010880690802608107,0.001,2.3500977697878875,1.6151549372256429,1.3298450627743568,1.3298450627743568
Hf,2.9475000000000002,8.407936360673342e-05,0.00010913860792471684,0.001,2.3534299994360413,1.6171920742680108,1.3303079257319894,1.3303079257319894
Hf,2.95,8.430884879166906e-05,0.00010947123018423448,0.001,2.3567675313117866,1.6192296571886808,1.3307703428113196,1.3307703428113196
Hf,2.9525,8.4538850981088e-05,0.00010980467314859408,0.001,2.360109775036697,1.6212676351488804,1.3312323648511202,1.3312323648511202
Hf,2.955,8.476938998050784e-05,0.000110138984597619,0.001,2.363456999272167,1.6233060295528183,1.3316939704471817,1.3316939704471817
Hf,2.9575,8.500045363930683e-05,0.00011047417797663019,0.001,2.3668092746421237,1.6253448450240655,1.3321551549759345,1.3321551549759345
Hf,2.96,8.523203714180852e-05,0.00011081018705830714,0.001,2.3701662165333093,1.627384048453833,1.3326159515461666,1.3326159515461666
Hf,2.9625,8.54641607549867e-05,0.00011114713820960149,0.001,2.3735285410721034,1.6294236980389674,1.3330763019610326,1.3330763019610326
Hf,2.965,8.569681187472417e-05,0.00011148489703475456,0.001,2.3768954746960484,1.6314637285456344,1.3335362714543655,1.3335362714543655
Hf,2.9675000000000002,8.592998568609485e-05,0.00011182356969207112,0.001,2.380267617159607,1.6335041883543946,1.3339958116456054,1.3339958116456054
Hf,2.97,8.61637036882296e-05,0.00011216309641497742,0.001,2.3836446216148506,1.6355450476694504,1.33445495233055,1.33445495233055
Hf,2.9725,8.63979512893985e-05,0.0001125034883120569,0.001,2.387026545748899,1.63758631014657,1.3349136898534302,1.3349136898534302
Hf,2.975,8.663272443877708e-05,0.00011284479029764854,0.001,2.3904136383962893,1.6396279948980879,1.3353720051019122,1.3353720051019122
Hf,2.9775,8.686804665470355e-05,0.00011318691000069243,0.001,2.3938053696936237,1.6416700576071357,1.3358299423928643,1.3358299423928643
Hf,2.98,8.710389979111528e-05,0.00011352999462114326,0.001,2.3972025678437046,1.643712564432817,1.3362874355671828,1.3362874355671828
Hf,2.9825,8.734028134089261e-05,0.00011387389552464741,0.001,2.4006043850497374,1.6457554453992895,1.3367445546007102,1.3367445546007102
Hf,2.985,8.75772176452165e-05,0.00011421872536621429,0.001,2.404011452766299,1.6477987504903326,1.3372012495096672,1.3372012495096672
Hf,2.9875000000000003,8.78146854038978e-05,0.00011456441899869056,0.001,2.4074233966330416,1.649842448281977,1.3376575517180234,1.3376575517180234
Hf,2.99,8.805268655794886e-05,0.00011491099855562509,0.001,2.4108403359771597,1.6518865473027589,1.3381134526972414,1.3381134526972414
Hf,2.9925,8.829124476684132e-05,0.00011525849229214525,0.001,2.414262423635758,1.6539310585825109,1.3385689414174895,1.3385689414174895
Hf,2.995,8.853033626792642e-05,0.00011560683025377542,0.001,2.417689260291257,1.6559759491176502,1.3390240508823499,1.3390240508823499
Hf,2.9975,8.876996802724014e-05,0.00011595613147508781,0.001,2.4211215088165106,1.6580212705580741,1.3394787294419257,1.3394787294419257
Hf,3.0,8.90101562428302e-05,0.0001163062573833689,0.001,2.424558385207569,1.6600669594367994,1.3399330405632006,1.3399330405632006
W,0.0,0.0,0.0,0.0,1.0,0.0,0.0,0.0
W,0.0025,3.856529383296149e-09,3.856529383296149e-09,3.856529383296149e-09,1.0,8.219150673752058e-05,0.0024178084932624795,0.0024178084932624795
W,0.005,7.744192108929047e-09,7.744192108929047e-09,7.744192108929047e-09,1.0,0.00016526546357001413,0.004834734536429986,0.004834734536429986
W,0.0075,1.1663213462836304e-08,1.1663213462836304e-08,1.1663213462836304e-08,1.0,0.0002492307128035306,0.007250769287196469,0.007250769287196469
W,0.01,1.5613885054549805e-08,1.5613885054549805e-08,1.5613885054549805e-08,1.0,0.00033409802431433506,0.009665901975685664,0.009665901975685664
W,0.0125,1.9596434530087064e-08,1.9596434530087064e-08,1.9596434530087064e-08,1.0,0.0004198763869674429,0.012080123613032559,0.012080123613032559
W,0.015,2.361102599099895e-08,2.361102599099895e-08,2.361102599099895e-08,1.0,0.0005065729959821876,0.014493427004017812,0.014493427004017812
W,0.0175,2.7657889348511494e-08,2.7657889348511494e-08,2.7657889348511494e-08,1.0,0.0005941969544619629,0.016905803045538036,0.016905803045538036
W,0.02,3.173736620812143e-08,3.173736620812143e-08,3.173736620812143e-08,1.0,0.0006827606239196044,0.019317239376080396,0.019317239376080396
W,0.0225,3.5849596372162054e-08,3.5849596372162054e-08,3.5849596372162054e-08,1.0,0.0007722705855280102,0.02172772941447199,0.02172772941447199
W,0.025,3.9994795458885737e-08,3.9994795458885737e-08,3.9994795458885737e-08,1.0,0.0008627356256296538,0.02413726437437035,0.02413726437437035
W,0.0275,4.4173204972842175e-08,4.4173204972842175e-08,4.4173204972842175e-08,1.0,0.000954165310135115,0.026545834689864885,0.026545834689864885
W,0.03,4.8385172537284084e-08,4.8385172537284084e-08,4.8385172537284084e-08,1.0,0.001046572336535687,0.02895342766346431,0.02895342766346431
W,0.0325,5.2630816154788294e-08,5.2630816154788294e-08,5.2630816154788294e-08,1.0,0.0011399627448218208,0.03136003725517818,0.03136003725517818
W,0.035,5.6910373697225576e-08,5.6910373697225576e-08,5.6910373697225576e-08,1.0,0.0012343460879435382,0.033765653912056465,0.033765653912056465
W,0.0375,6.122409042338298e-08,6.122409042338298e-08,6.122409042338298e-08,1.0,0.0013297321665980864,0.03617026783340191,0.03617026783340191
W,0.04,6.557231698827124e-08,6.557231698827124e-08,6.557231698827124e-08,1.0,0.0014261339232278115,0.038573866076772184,0.038573866076772184
W,0.0425,6.995517793416666e-08,6.995517793416666e-08,6.995517793416666e-08,1.0,0.0015235576745554675,0.040976442325444534,0.040976442325444534
W,0.045,7.437291559380441e-08,7.437291559380441e-08,7.437291559380441e-08,1.0,0.0016220132252247569,0.043377986774775244,0.043377986774775244
W,0.0475,7.882577341276787e-08,7.882577341276787e-08,7.882577341276787e-08,1.0,0.0017215104423159956,0.045778489557684,0.045778489557684
W,0.05,8.331409154478033e-08,8.331409154478033e-08,8.331409154478033e-08,1.0,0.0018220621048293621,0.04817793789517064,0.04817793789517064
W,0.0525,8.783804354134351e-08,8.783804354134351e-08,8.783804354134351e-08,1.0,0.0019236760699909363,0.05057632393000906,0.05057632393000906
W,0.055,9.239785249752515e-08,9.239785249752515e-08,9.239785249752515e-08,1.0,0.0020263616864621588,0.05297363831353784,0.05297363831353784
W,0.0575,9.699376621552834e-08,9.699376621552834e-08,9.699376621552834e-08,1.0,0.0021301290660916583,0.05536987093390834,0.05536987093390834
W,0.06,1.0162606154884114e-07,1.0162606154884114e-07,1.0162606154884114e-07,1.0,0.0022349892233189386,0.05776501077668106,0.05776501077668106
W,0.0625,1.0629504669093603e-07,1.0629504669093603e-07,1.0629504669093603e-07,1.0,0.002340954154119036,0.060159045845880964,0.060159045845880964
W,0.065,1.1100088611303663e-07,1.1100088611303663e-07,1.1100088611303663e-07,1.0,0.002448031550052055,0.06255196844994795,0.06255196844994795
W,0.0675,1.15743831874848e-07,1.15743831874848e-07,1.15743831874848e-07,1.0,0.0025562317607563446,0.06494376823924365,0.06494376823924365
W,0.07,1.2052413709611761e-07,1.2052413709611761e-07,1.2052413709611761e-07,1.0,0.002665565194507712,0.0673344348054923,0.0673344348054923
W,0.0725,1.2534208620201453e-07,1.2534208620201453e-07,1.2534208620201453e-07,1.0,0.0027760432397576263,0.06972395676024236,0.06972395676024236
W,0.075,1.3019798149983152e-07,1.3019798149983152e-07,1.3019798149983152e-07,1.0,0.0028876778654792815,0.07211232213452072,0.07211232213452072
W,0.0775,1.3509200123951358e-07,1.3509200123951358e-07,1.3509200123951358e-07,1.0,0.003000477280408717,0.07449952271959127,0.07449952271959127
W,0.08,1.400244026564626e-07,1.400244026564626e-07,1.400244026564626e-07,1.0,0.003114452120103067,0.07688554787989693,0.07688554787989693
W,0.0825,1.449954440095985e-07,1.449954440095985e-07,1.449954440095985e-07,1.0,0.003229613075939332,0.07927038692406067,0.07927038692406067
W,0.085,1.50005384573677e-07,1.50005384573677e-07,1.50005384573677e-07,1.0,0.0033459708944988857,0.08165402910550111,0.08165402910550111
W,0.08750000000000001,1.5505455855105536e-07,1.5505455855105536e-07,1.5505455855105536e-07,1.0,0.003463538661762334,0.08403646133823767,0.08403646133823767
W,0.09,1.6014317773733195e-07,1.6014317773733195e-07,1.6014317773733195e-07,1.0,0.003582325715089515,0.08641767428491048,0.08641767428491048
W,0.0925,1.6527147891530514e-07,1.6527147891530514e-07,1.6527147891530514e-07,1.0,0.0037023421762971405,0.08879765782370284,0.08879765782370284
W,0.095,1.7043972527734547e-07,1.7043972527734547e-07,1.7043972527734547e-07,1.0,0.0038235990038685795,0.09117640099613142,0.09117640099613142
W,0.0975,1.756481809886151e-07,1.756481809886151e-07,1.756481809886151e-07,1.0,0.003946107208026382,0.09355389279197363,0.09355389279197363
W,0.1,1.80897111178085e-07,1.80897111178085e-07,1.80897111178085e-07,1.0,0.0040698778499854635,0.09593012215001454,0.09593012215001454
W,0.10250000000000001,1.8618681038919504e-07,1.8618681038919504e-07,1.8618681038919504e-07,1.0,0.004194922932783766,0.09830507706721624,0.09830507706721624
W,0.105,1.9151757518369524e-07,1.9151757518369524e-07,1.9151757518369524e-07,1.0,0.004321254550217375,0.10067874544978261,0.10067874544978261
W,0.1075,1.9688961403165602e-07,1.9688961403165602e-07,1.9688961403165602e-07,1.0,0.0044488820515307,0.1030511179484693,0.1030511179484693
W,0.11,2.0230319574920382e-07,2.0230319574920382e-07,2.0230319574920382e-07,1.0,0.004577816691263095,0.10542218330873691,0.10542218330873691
W,0.1125,2.0775859006651993e-07,2.0775859006651993e-07,2.0775859006651993e-07,1.0,0.004708069770808125,0.10779193022919188,0.10779193022919188
W,0.115,2.1325606761752576e-07,2.1325606761752576e-07,2.1325606761752576e-07,1.0,0.004839652637531145,0.11016034736246887,0.11016034736246887
W,0.11750000000000001,2.1879589992934724e-07,2.1879589992934724e-07,2.1879589992934724e-07,1.0,0.004972576683864131,0.11252742331613587,0.11252742331613587
W,0.12,2.2437835941155783e-07,2.2437835941155783e-07,2.2437835941155783e-07,1.0,0.005106853346377696,0.1148931466536223,0.1148931466536223
W,0.1225,2.3000373626428804e-07,2.3000373626428804e-07,2.3000373626428804e-07,1.0,0.0052424946438997715,0.11725750535610023,0.11725750535610023
W,0.125,2.3567233824797213e-07,2.3567233824797213e-07,2.3567233824797213e-07,1.0,0.005379513174936301,0.1196204868250637,0.1196204868250637
W,0.1275,2.413843876418666e-07,2.413843876418666e-07,2.413843876418666e-07,1.0,0.005517918826095702,0.1219820811739043,0.1219820811739043
W,0.13,2.4714016018596135e-07,2.4714016018596135e-07,2.4714016018596135e-07,1.0,0.005657723197461245,0.12434227680253875,0.12434227680253875
W,0.1325,2.5293993244382595e-07,2.5293993244382595e-07,2.5293993244382595e-07,1.0,0.005798937928196838,0.12670106207180318,0.12670106207180318
W,0.135,2.587839817904952e-07,2.587839817904952e-07,2.587839817904952e-07,1.0,0.005941574695480736,0.12905842530451928,0.12905842530451928
W,0.1375,2.646725864001324e-07,2.646725864001324e-07,2.646725864001324e-07,1.0,0.006085645213416352,0.13141435478658367,0.13141435478658367
W,0.14,2.7060602523346763e-07,2.7060602523346763e-07,2.7060602523346763e-07,1.0,0.0062311612319200975,0.1337688387680799,0.1337688387680799
W,0.14250000000000002,2.7658457802501457e-07,2.7658457802501457e-07,2.7658457802501457e-07,1.0,0.006378134535586386,0.13612186546441363,0.13612186546441363
W,0.145,2.8260852527006254e-07,2.8260852527006254e-07,2.8260852527006254e-07,1.0,0.006526576942529781,0.1384734230574702,0.1384734230574702
W,0.1475,2.8867814821144575e-07,2.8867814821144575e-07,2.8867814821144575e-07,1.0,0.006676500303204359,0.14082349969679564,0.14082349969679564
W,0.15,2.9479372882608993e-07,2.9479372882608993e-07,2.9479372882608993e-07,1.0,0.0068279164992003935,0.1431720835007996,0.1431720835007996
W,0.1525,3.009555498113355e-07,3.009555498113355e-07,3.009555498113355e-07,1.0,0.006980837442018389,0.1455191625579816,0.1455191625579816
W,0.155,3.0716389457103795e-07,3.0716389457103795e-07,3.0716389457103795e-07,1.0,0.007135275071820602,0.1478647249281794,0.1478647249281794
W,0.1575,3.1341904826528696e-07,3.1341904826528696e-07,3.1341904826528696e-07,1.0,0.007291241390963958,0.15020875860903607,0.15020875860903607
W,0.16,3.197213166284486e-07,3.197213166284486e-07,3.197213166284486e-07,1.0,0.007448749080174517,0.1525512509198255,0.1525512509198255
W,0.1625,3.2607095947257746e-07,3.260709594725775e-07,3.260709594725775e-07,1.0000000000000002,0.007607809320341793,0.1548921906796582,0.1548921906796582
W,0.165,3.324682627699207e-07,3.324682627699207e-07,3.324682627699207e-07,1.0000000000000002,0.007768434148949672,0.1572315658510503,0.1572315658510503
W,0.1675,3.389135131243423e-07,3.389135131243425e-07,3.389135131243425e-07,1.0000000000000007,0.00793063562548676,0.15956936437451325,0.15956936437451325
W,0.17,3.4540699775607324e-07,3.454069977560736e-07,3.454069977560736e-07,1.000000000000001,0.00809442583006514,0.16190557416993487,0.16190557416993487
W,0.17250000000000001,3.5194900448624134e-07,3.5194900448624203e-07,3.5194900448624203e-07,1.0000000000000018,0.008259816862017749,0.16424018313798228,0.16424018313798228
W,0.17500000000000002,3.585398217211837e-07,3.585398217211848e-07,3.585398217211848e-07,1.000000000000003,0.008426820838474427,0.16657317916152561,0.16657317916152561
W,0.1775,3.651797384365394e-07,3.6517973843654113e-07,3.6517973843654113e-07,1.000000000000005,0.00859544989291697,0.16890455010708302,0.16890455010708302
W,0.18,3.7186904416112714e-07,3.718690441611302e-07,3.718690441611302e-07,1.0000000000000087,0.008765716173713363,0.17123428382628664,0.17123428382628664
W,0.1825,3.786080289606052e-07,3.786080289606102e-07,3.786080289606102e-07,1.0000000000000142,0.008937631842631423,0.17356236815736856,0.17356236815736856
W,0.185,3.853969834209154e-07,3.8539698342092356e-07,3.8539698342092356e-07,1.0000000000000229,0.009111209073332132,0.17588879092666784,0.17588879092666784
W,0.1875,3.9223619863151393e-07,3.9223619863152743e-07,3.9223619863152743e-07,1.0000000000000369,0.00928646004984299,0.178213539950157,0.178213539950157
W,0.19,3.991259800950096e-07,3.9912598009503125e-07,3.9912598009503125e-07,1.0000000000000582,0.009463397430145454,0.18053660256985454,0.18053660256985454
W,0.1925,4.060666252615089e-07,4.060666252615431e-07,4.060666252615431e-07,1.0000000000000908,0.009642033597115364,0.18285796640288463,0.18285796640288463
W,0.195,4.1305841255275303e-07,4.130584125528067e-07,4.130584125528067e-07,1.00000000000014,0.009822380287785017,0.18517761971221497,0.18517761971221497
W,0.1975,4.2010163504344587e-07,4.201016350435291e-07,4.201016350435291e-07,1.0000000000002138,0.01000444971745152,0.18749555028254847,0.18749555028254847
W,0.2,4.271965862271694e-07,4.2719658622729723e-07,4.2719658622729723e-07,1.000000000000323,0.01018825410393716,0.18981174589606287,0.18981174589606287
W,0.2025,4.343435599983737e-07,4.3434355999856773e-07,4.3434355999856773e-07,1.000000000000483,0.0103738056659488,0.1921261943340512,0.1921261943340512
W,0.20500000000000002,4.4154285063415846e-07,4.4154285063445037e-07,4.4154285063445037e-07,1.0000000000007148,0.010561116621419555,0.19443888337858048,0.19443888337858048
W,0.20750000000000002,4.4879475277584996e-07,4.487947527762845e-07,4.487947527762845e-07,1.0000000000010478,0.010750199185833038,0.196749800814167,0.196749800814167
W,0.21,4.560995614103719e-07,4.5609956141101295e-07,4.5609956141101295e-07,1.0000000000015221,0.010941065570530657,0.19905893442946934,0.19905893442946934
W,0.2125,4.634575718514148e-07,4.634575718523518e-07,4.634575718523518e-07,1.0000000000021916,0.011133727981002326,0.20136627201899768,0.20136627201899768
W,0.215,4.7086907972040155e-07,4.708690797217595e-07,4.708690797217595e-07,1.0000000000031286,0.011328198615161059,0.20367180138483892,0.20367180138483892
W,0.2175,4.783343809272527e-07,4.783343809292044e-07,4.783343809292044e-07,1.0000000000044298,0.011524489661601859,0.20597551033839814,0.20597551033839814
W,0.22,4.858537716509534e-07,4.858537716537356e-07,4.858537716537356e-07,1.0000000000062221,0.011722613297845417,0.2082773867021546,0.2082773867021546
W,0.2225,4.934275661737336e-07,4.934275661776692e-07,4.934275661776692e-07,1.0000000000086728,0.011922582294848164,0.21057741770515181,0.21057741770515181
W,0.225,5.010561324625043e-07,5.010561324680296e-07,5.010561324680296e-07,1.0000000000120004,0.012124411228902274,0.21287558877109772,0.21287558877109772
W,0.2275,5.087396854869762e-07,5.08739685494677e-07,5.08739685494677e-07,1.000000000016486,0.012328109456258658,0.21517189054374136,0.21517189054374136
W,0.23,5.164785224801422e-07,5.164785224907986e-07,5.164785224907986e-07,1.00000000002249,0.012533689098803499,0.2174663109011965,0.2174663109011965
W,0.2325,5.242729408466872e-07,5.242729408613323e-07,5.242729408613323e-07,1.0000000000304745,0.012741162258432883,0.21975883774156713,0.21975883774156713
W,0.23500000000000001,5.321232381424156e-07,5.321232381624089e-07,5.321232381624089e-07,1.000000000041024,0.012950541015214942,0.2220494589847851,0.2220494589847851
W,0.23750000000000002,5.400297120534857e-07,5.400297120806041e-07,5.400297120806041e-07,1.0000000000548765,0.01316183742554035,0.22433816257445968,0.22433816257445968
W,0.24,5.479926605768748e-07,5.479926606134309e-07,5.479926606134309e-07,1.000000000072957,0.013375063527150687,0.22662493647284931,0.22662493647284931
W,0.2425,5.560125360934801e-07,5.560125361424663e-07,5.560125361424663e-07,1.000000000096437,0.013590236612469463,0.22890976338753052,0.22890976338753052
W,0.245,5.640894903619779e-07,5.640894904272349e-07,5.640894904272349e-07,1.0000000001267393,0.013807363660864602,0.2311926363391354,0.2311926363391354
W,0.2475,5.722238215740032e-07,5.722238216604393e-07,5.722238216604393e-07,1.0000000001656317,0.014026456622356926,0.23347354337764306,0.23347354337764306
W,0.25,5.804158279478715e-07,5.804158280617264e-07,5.804158280617264e-07,1.0000000002152851,0.014247527413960272,0.23575247258603974,0.23575247258603974
W,0.2525,5.886658077067331e-07,5.886658078558982e-07,5.886658078558982e-07,1.0000000002783502,0.014470587917773997,0.23802941208222597,0.23802941208222597
W,0.255,5.969741548985916e-07,5.969741550930357e-07,5.969741550930357e-07,1.0000000003580836,0.01469565327373348,0.24030434672626652,0.24030434672626652
W,0.2575,6.053411778791189e-07,6.05341178131304e-07,6.05341178131304e-07,1.0000000004584118,0.014922735646504901,0.24257726435349508,0.24257726435349508
W,0.26,6.137670783941041e-07,6.137670787195625e-07,6.137670787195625e-07,1.0000000005840166,0.015151843492328392,0.2448481565076716,0.2448481565076716
W,0.2625,6.222521546771436e-07,6.22252155095151e-07,6.22252155095151e-07,1.0000000007405463,0.015382988541905389,0.24711701145809464,0.24711701145809464
W,0.265,6.307967048579013e-07,6.307967053922712e-07,6.307967053922712e-07,1.000000000934747,0.01561618248145524,0.24938381751854483,0.24938381751854483
W,0.2675,6.394012315635773e-07,6.394012322437902e-07,6.394012322437902e-07,1.0000000011748325,0.015851444009497992,0.251648555990502,0.251648555990502
W,0.27,6.480658684861258e-07,6.480658693481042e-07,6.480658693481042e-07,1.0000000014702433,0.016088779064333314,0.2539112209356667,0.2539112209356667
W,0.2725,6.567908835576229e-07,6.567908846452419e-07,6.567908846452419e-07,1.0000000018322075,0.016328198161533435,0.2561718018384666,0.2561718018384666
W,0.275,6.655765744901295e-07,6.655765758567124e-07,6.655765758567124e-07,1.0000000022739544,0.016569712797739188,0.25843028720226086,0.25843028720226086
W,0.2775,6.744234616492922e-07,6.744234633598475e-07,6.744234633598475e-07,1.0000000028113967,0.01681334212110521,0.26068665787889483,0.26068665787889483
W,0.28,6.833316783671401e-07,6.833316804996145e-07,6.833316804996145e-07,1.0000000034624992,0.017059091859423038,0.26294090814057697,0.26294090814057697
W,0.28250000000000003,6.923014742808169e-07,6.923014769289919e-07,6.923014769289919e-07,1.0000000042482942,0.017306971704440073,0.2651930282955599,0.2651930282955599
W,0.28500000000000003,7.013332013751994e-07,7.013332046518357e-07,7.013332046518357e-07,1.0000000051934232,0.01755699483822233,0.2674430051617777,0.2674430051617777
W,0.28750000000000003,7.104273558561135e-07,7.104273598957131e-07,7.104273598957131e-07,1.0000000063269678,0.017809179390398923,0.2696908206096011,0.2696908206096011
W,0.29,7.195839916839126e-07,7.195839966462707e-07,7.195839966462707e-07,1.0000000076809872,0.01806352812444474,0.2719364718755552,0.2719364718755552
W,0.2925,7.288034050531544e-07,7.288034111277415e-07,7.288034111277415e-07,1.0000000092930155,0.01832005213341905,0.2741799478665809,0.2741799478665809
W,0.295,7.380861824923505e-07,7.380861899050907e-07,7.380861899050907e-07,1.0000000112076475,0.01857877252312845,0.27642122747687153,0.27642122747687153
W,0.2975,7.474323903544449e-07,7.474323993693256e-07,7.474323993693256e-07,1.0000000134732603,0.018839692313700362,0.2786603076862996,0.2786603076862996
W,0.3,7.568422752068767e-07,7.568422861345501e-07,7.568422861345501e-07,1.000000016145652,0.019102820710541098,0.2808971792894589,0.2808971792894589
W,0.3025,7.663164199968066e-07,7.663164332044604e-07,7.663164332044604e-07,1.0000000192908782,0.019368178532634794,0.2831318214673652,0.2831318214673652
W,0.305,7.758549275576265e-07,7.758549434705123e-07,7.758549434705123e-07,1.0000000229802102,0.019635769883995943,0.28536423011600404,0.28536423011600404
W,0.3075,7.85458009023379e-07,7.854580281375825e-07,7.854580281375825e-07,1.0000000272946157,0.019905602561949533,0.28759439743805043,0.28759439743805043
W,0.31,7.95126320624056e-07,7.951263435220411e-07,7.951263435220411e-07,1.0000000323305722,0.020177699755051057,0.289822300244949,0.289822300244949
W,0.3125,8.048598494229783e-07,8.048598767721122e-07,8.048598767721122e-07,1.0000000381888654,0.02045206135883989,0.29204793864116013,0.29204793864116013
W,0.315,8.146589252208245e-07,8.14658957798842e-07,8.14658957798842e-07,1.000000044986376,0.020728699102862222,0.29427130089713777,0.29427130089713777
W,0.3175,8.245241223709426e-07,8.245241610719705e-07,8.245241610719705e-07,1.0000000528586273,0.02100763314603529,0.2964923668539647,0.2964923668539647
W,0.32,8.34455386127373e-07,8.344554319781503e-07,8.344554319781503e-07,1.0000000619458804,0.02128886173365232,0.29871113826634765,0.29871113826634765
W,0.3225,8.444532953479413e-07,8.444533495380807e-07,8.444533495380807e-07,1.000000072416486,0.02157240504938175,0.30092759495061827,0.30092759495061827
W,0.325,8.545180441156984e-07,8.545181079938047e-07,8.545181079938047e-07,1.0000000844499974,0.02185826984480549,0.3031417301551945,0.3031417301551945
W,0.3275,8.646498334163376e-07,8.646499085351783e-07,8.646499085351783e-07,1.0000000982448114,0.022146463043431028,0.30535353695656897,0.30535353695656897
W,0.33,8.748492826749836e-07,8.748493707969258e-07,8.748493707969258e-07,1.0000001140334236,0.02243700603005166,0.30756299396994835,0.30756299396994835
W,0.3325,8.851162806893707e-07,8.851163838152204e-07,8.851163838152204e-07,1.000000132049547,0.022729894745828847,0.30977010525417115,0.30977010525417115
W,0.335,8.954515612933341e-07,8.954516817234487e-07,8.954516817234487e-07,1.0000001525804454,0.023025154405001167,0.31197484559499883,0.31197484559499883
W,0.3375,9.058550654205665e-07,9.058552057199108e-07,9.058552057199108e-07,1.000000175912227,0.023322782615648636,0.3141772173843514,0.3141772173843514
W,0.34,9.163273355723157e-07,9.163274986840622e-07,9.163274986840622e-07,1.0000002023842542,0.02362279780028151,0.3163772021997185,0.3163772021997185
W,0.3425,9.268685537367229e-07,9.268687429384584e-07,9.268687429384584e-07,1.0000002323526143,0.023925205788812257,0.3185747942111878,0.3185747942111878
W,0.34500000000000003,9.374790566419675e-07,9.374792756718542e-07,9.374792756718542e-07,1.0000002662144898,0.024230017709983804,0.32076998229001624,0.32076998229001624
W,0.34750000000000003,9.481591933816748e-07,9.481594463930882e-07,9.481594463930882e-07,1.000000304405739,0.024537245040165377,0.3229627549598347,0.3229627549598347
W,0.35000000000000003,9.589091705719485e-07,9.58909462279825e-07,9.58909462279825e-07,1.000000347391941,0.02484689424127963,0.32515310575872036,0.32515310575872036
W,0.3525,9.697294267178859e-07,9.697297623433249e-07,9.697297623433249e-07,1.0000003956976415,0.025158979732581105,0.32734102026741885,0.32734102026741885
W,0.355,9.806201177788428e-07,9.80620503229479e-07,9.80620503229479e-07,1.0000004498705712,0.025473506065329554,0.32952649393467043,0.32952649393467043
W,0.3575,9.915816901313795e-07,9.915821319199793e-07,9.915821319199793e-07,1.0000005105310137,0.02579048776858921,0.33170951223141076,0.33170951223141076
W,0.36,1.0026143324296139e-06,1.0026148379116212e-06,1.0026148379116212e-06,1.0000005783269297,0.026109930369602484,0.33389006963039747,0.33389006963039747
W,0.3625,1.0137184134327935e-06,1.0137189906718572e-06,1.0137189906718572e-06,1.000000653978233,0.02643184554347581,0.33606815445652416,0.33606815445652416
W,0.365,1.0248942418411796e-06,1.0248948999404496e-06,1.0248948999404496e-06,1.000000738256959,0.026756242811723528,0.3382437571882765,0.3382437571882765
W,0.3675,1.0361420192545207e-06,1.0361427681262188e-06,1.0361427681262188e-06,1.000000831981734,0.02708312789996921,0.34041687210003074,0.34041687210003074
W,0.37,1.0474622658760505e-06,1.0474631167219185e-06,1.0474631167219185e-06,1.000000936080094,0.027412517474964322,0.3425874825250357,0.3425874825250357
W,0.3725,1.0588549224438462e-06,1.0588558873639058e-06,1.0588558873639058e-06,1.000001051461581,0.02774440808462379,0.3447555919153762,0.3447555919153762
W,0.375,1.0703208163339384e-06,1.0703219090372499e-06,1.0703219090372499e-06,1.000001179250474,0.0280788268254862,0.3469211731745138,0.3469211731745138
W,0.3775,1.0818597163988608e-06,1.081860951765085e-06,1.081860951765085e-06,1.0000013204673563,0.02841576415686965,0.3490842358431303,0.3490842358431303
W,0.38,1.0934722963392245e-06,1.09347369064233e-06,1.09347369064233e-06,1.000001476374985,0.028755241671441358,0.35124475832855867,0.35124475832855867
W,0.3825,1.1051586898235572e-06,1.105160261282535e-06,1.105160261282535e-06,1.0000016482185143,0.029097262267038237,0.35340273773296177,0.35340273773296177
W,0.385,1.116919099724133e-06,1.1169208678835765e-06,1.1169208678835765e-06,1.0000018373377668,0.029441831124031353,0.35555816887596864,0.35555816887596864
W,0.3875,1.1287542073488343e-06,1.1287561942271698e-06,1.1287561942271698e-06,1.0000020452868916,0.029788969823111758,0.35771103017688827,0.35771103017688827
W,0.39,1.140663872425879e-06,1.1406661017524813e-06,1.1406661017524813e-06,1.0000022735076572,0.030138671571414633,0.3598613284285854,0.3598613284285854
W,0.3925,1.1526486488744635e-06,1.1526511463302565e-06,1.1526511463302565e-06,1.0000025237248797,0.030490953356348775,0.36200904664365124,0.36200904664365124
W,0.395,1.1647088617110525e-06,1.1647116560414961e-06,1.1647116560414961e-06,1.0000027977139714,0.030845824233414698,0.3641541757665853,0.3641541757665853
W,0.3975,1.1768445599690706e-06,1.1768476820782867e-06,1.1768476820782867e-06,1.0000030972641283,0.031203283675177513,0.3662967163248225,0.3662967163248225
W,0.4,1.1890563547532703e-06,1.189059837945976e-06,1.189059837945976e-06,1.0000034244732214,0.031563350329018365,0.36843664967098166,0.36843664967098166
W,0.4025,1.2013444259913512e-06,1.2013483074320074e-06,1.2013483074320074e-06,1.0000037814124292,0.03192602801698206,0.37057397198301795,0.37057397198301795
W,0.405,1.2137089073373331e-06,1.213713226836456e-06,1.213713226836456e-06,1.000004170244966,0.032291318856059806,0.37270868114394023,0.37270868114394023
W,0.40750000000000003,1.2261503527212658e-06,1.226155152933033e-06,1.226155152933033e-06,1.0000045934442847,0.03265923923102542,0.3748407607689746,0.3748407607689746
W,0.41000000000000003,1.2386690229877151e-06,1.2386743515278855e-06,1.2386743515278855e-06,1.0000050535013751,0.03302979547718129,0.37697020452281876,0.37697020452281876
W,0.41250000000000003,1.2512650243670132e-06,1.2512709319913692e-06,1.2512709319913692e-06,1.0000055529590874,0.0334029885090689,0.3790970114909311,0.3790970114909311
W,0.41500000000000004,1.2639387315282253e-06,1.2639452722123304e-06,1.2639452722123304e-06,1.000006094634022,0.033778828299142395,0.3812211717008576,0.3812211717008576
W,0.4175,1.276690727599088e-06,1.2766979618362959e-06,1.2766979618362959e-06,1.0000066816325084,0.034157331899420565,0.3833426681005794,0.3833426681005794
W,0.42,1.289520971704444e-06,1.289528963573694e-06,1.289528963573694e-06,1.0000073168503498,0.034538494948342956,0.385461505051657,0.385461505051657
W,0.4225,1.3024297714779533e-06,1.302438590081587e-06,1.302438590081587e-06,1.00000800353462,0.03492232489185931,0.3875776751081406,0.3875776751081406
W,0.425,1.315417562652287e-06,1.3154272810683243e-06,1.3154272810683243e-06,1.000008745192262,0.03530883337075657,0.3896911666292434,0.3896911666292434
W,0.4275,1.3284847566207136e-06,1.3284954565864637e-06,1.3284954565864637e-06,1.0000095455082187,0.0356980312355578,0.3918019687644422,0.3918019687644422
W,0.43,1.3416314173723097e-06,1.3416431850665728e-06,1.3416431850665728e-06,1.0000104080748113,0.03608991734469313,0.39391008265530686,0.39391008265530686
W,0.4325,1.3548578508395548e-06,1.3548707788353882e-06,1.3548707788353882e-06,1.000011336836162,0.03648449871330492,0.3960155012866951,0.3960155012866951
W,0.435,1.3681643625598202e-06,1.3681785502065856e-06,1.3681785502065856e-06,1.0000123359236954,0.036881782249795096,0.3981182177502049,0.3981182177502049
W,0.4375,1.3815515357468341e-06,1.3815670874844317e-06,1.3815670874844317e-06,1.0000134099315112,0.03728178403173274,0.4002182159682673,0.4002182159682673
W,0.44,1.3950194200370898e-06,1.395036452301499e-06,1.395036452301499e-06,1.0000145631667878,0.03768450230091802,0.402315497699082,0.402315497699082
W,0.4425,1.4085682856614641e-06,1.4085869206113576e-06,1.4085869206113576e-06,1.0000158003208954,0.03808994242075077,0.4044100575792492,0.4044100575792492
W,0.445,1.4221984361860588e-06,1.4222188044535526e-06,1.4222188044535526e-06,1.0000171263268143,0.03849811086099313,0.40650188913900687,0.40650188913900687
W,0.4475,1.4359101747178076e-06,1.4359324158769735e-06,1.4359324158769735e-06,1.0000185463308102,0.0389090139831553,0.4085909860168447,0.4085909860168447
W,0.45,1.4497038667862961e-06,1.449728125943593e-06,1.449728125943593e-06,1.0000200657726979,0.03932266000834738,0.4106773399916526,0.4106773399916526
W,0.4525,1.4635799222550372e-06,1.4636063623546193e-06,1.4636063623546193e-06,1.0000216904066446,0.039739058922532516,0.41276094107746747,0.41276094107746747
W,0.455,1.477538459685562e-06,1.4775672501225827e-06,1.4775672501225827e-06,1.0000234258215297,0.040158210511791956,0.41484178948820805,0.41484178948820805
W,0.4575,1.4915797799386748e-06,1.4916111011076028e-06,1.4916111011076028e-06,1.0000252780657453,0.04058012069471865,0.41691987930528135,0.41691987930528135
W,0.46,1.5057041833507727e-06,1.505738227208439e-06,1.505738227208439e-06,1.0000272534255632,0.04100479528101255,0.41899520471898744,0.41899520471898744
W,0.4625,1.5199119697212839e-06,1.5199489403698007e-06,1.5199489403698007e-06,1.0000293584298527,0.04143223997145212,0.4210677600285479,0.4210677600285479
W,0.465,1.5342034383000615e-06,1.5342435525898622e-06,1.5342435525898622e-06,1.0000315998547011,0.041862460357898305,0.4231375396421017,0.4231375396421017
W,0.4675,1.5485788877747152e-06,1.5486223759279731e-06,1.5486223759279731e-06,1.000033984727933,0.04229546192333065,0.42520453807666936,0.42520453807666936
W,0.47000000000000003,1.5630386162578822e-06,1.563085722512527e-06,1.563085722512527e-06,1.0000365203335178,0.042731250041914796,0.4272687499580852,0.4272687499580852
W,0.47250000000000003,1.5775829212744375e-06,1.577633904548989e-06,1.577633904548989e-06,1.0000392142158627,0.04316982997910132,0.42933017002089874,0.42933017002089874
W,0.47500000000000003,1.5922121904446236e-06,1.5922673155497666e-06,1.5922673155497666e-06,1.0000420743494434,0.04361120955484834,0.43138879044515166,0.43138879044515166
W,0.47750000000000004,1.6069266236041131e-06,1.6069861898455807e-06,1.6069861898455807e-06,1.0000451086676865,0.044055391248211166,0.4334446087517888,0.4334446087517888
W,0.48,1.6217265066367548e-06,1.6217908210818898e-06,1.6217908210818898e-06,1.0000483254805057,0.04450237938316338,0.4354976206168366,0.4354976206168366
W,0.4825,1.6366121342655644e-06,1.6366815215200203e-06,1.6366815215200203e-06,1.0000517334098453,0.044952178783710314,0.43754782121628966,0.43754782121628966
W,0.485,1.6515838005570534e-06,1.6516586035349653e-06,1.6516586035349653e-06,1.000055341357163,0.04540479416609288,0.4395952058339071,0.4395952058339071
W,0.4875,1.6666417989079277e-06,1.6667223796236897e-06,1.6667223796236897e-06,1.000059158506864,0.04586023013905975,0.4416397698609403,0.4416397698609403
W,0.49,1.6817864220316987e-06,1.6818731624134198e-06,1.6818731624134198e-06,1.000063194329572,0.04631849120416611,0.44368150879583385,0.44368150879583385
W,0.4925,1.6970179619451904e-06,1.6971112646698792e-06,1.6971112646698792e-06,1.0000674585852305,0.04677958175609798,0.445720418243902,0.445720418243902
W,0.495,1.712336709954947e-06,1.712436999305438e-06,1.712436999305438e-06,1.0000719613260345,0.04724350608302122,0.44775649391697875,0.44775649391697875
W,0.4975,1.727742956643537e-06,1.7278506793871734e-06,1.7278506793871734e-06,1.0000767128991785,0.04771026836695468,0.4497897316330453,0.4497897316330453
W,0.5,1.743236991855738e-06,1.7433526181447772e-06,1.7433526181447772e-06,1.000081723949427,0.04817987268416635,0.45182012731583365,0.45182012731583365
W,0.5025000000000001,1.7588191046846153e-06,1.7589431289783054e-06,1.7589431289783054e-06,1.0000870054214892,0.048652323005591615,0.4538476769944084,0.4538476769944084
W,0.505,1.7744895834574714e-06,1.7746225421421846e-06,1.7746225421421846e-06,1.000092568617026,0.04912762373077807,0.45587237626922195,0.45587237626922195
W,0.5075000000000001,1.790248830913031e-06,1.790391264974355e-06,1.790391264974355e-06,1.00009842541215,0.04960578160458083,0.4578942183954192,0.4578942183954192
W,0.51,1.8060970471916585e-06,1.8062495212247474e-06,1.8062495212247474e-06,1.0001045873863845,0.05008679738775909,0.4599132026122409,0.4599132026122409
W,0.5125,1.8220345097164738e-06,1.8221976254510811e-06,1.8221976254510811e-06,1.0001110667143154,0.05057067464256418,0.46192932535743575,0.46192932535743575
W,0.515,1.838061503981292e-06,1.8382358924232789e-06,1.8382358924232789e-06,1.0001178758799598,0.051057416828301366,0.4639425831716986,0.4639425831716986
W,0.5175,1.854178314646197e-06,1.8543646371297175e-06,1.8543646371297175e-06,1.0001250276779392,0.051547027301862516,0.46595297269813746,0.46595297269813746
W,0.52,1.870385225522718e-06,1.870584174783111e-06,1.870584174783111e-06,1.000132535214438,0.05203950931827446,0.4679604906817255,0.4679604906817255
W,0.5225,1.8866825195588396e-06,1.886894820825957e-06,1.886894820825957e-06,1.000140411907942,0.05253486603126186,0.4699651339687381,0.4699651339687381
W,0.525,1.903070478823861e-06,1.9032968909355295e-06,1.9032968909355295e-06,1.000148671489756,0.05303310049382319,0.4719668995061768,0.4719668995061768
W,0.5275,1.919549384493074e-06,1.9197907010283797e-06,1.9197907010283797e-06,1.0001573280042997,0.053534215658819224,0.4739657843411808,0.4739657843411808
W,0.53,1.936119720880517e-06,1.9363768263110845e-06,1.9363768263110845e-06,1.0001663970045467,0.05403822247339969,0.47596177752660035,0.47596177752660035
W,0.5325,1.952781684950489e-06,1.9530553981115273e-06,1.9530553981115273e-06,1.0001758923957689,0.054545117861788346,0.47795488213821163,0.47795488213821163
W,0.535,1.9695354569014267e-06,1.9698266833754737e-06,1.9698266833754737e-06,1.0001858289527967,0.055054902916340055,0.47994509708365996,0.47994509708365996
W,0.5375,1.9863813145876845e-06,1.9866909994860098e-06,1.9866909994860098e-06,1.000196221987345,0.0555675802034907,0.48193241979650936,0.48193241979650936
W,0.54,2.0033195348950617e-06,2.0036486640878514e-06,2.0036486640878514e-06,1.0002070871230129,0.056083152192635384,0.4839168478073647,0.4839168478073647
W,0.5425,2.020350446682487e-06,2.020700123116591e-06,2.020700123116591e-06,1.0002184409814163,0.05660162520620407,0.48589837479379583,0.48589837479379583
W,0.545,2.0374746533509175e-06,2.037845883794175e-06,2.037845883794175e-06,1.000230300914607,0.0571230073052814,0.4878769926947187,0.4878769926947187
W,0.5475,2.0546920727963355e-06,2.055085974044012e-06,2.055085974044012e-06,1.0002426819782269,0.05764729167853255,0.48985270832146743,0.48985270832146743
W,0.55,2.0720029782992417e-06,2.072420713077193e-06,2.072420713077193e-06,1.0002556010503107,0.058174480421716857,0.4918255195782832,0.4918255195782832
W,0.5525,2.089407642092526e-06,2.089850420373065e-06,2.089850420373065e-06,1.0002690753138783,0.05870457553681298,0.4937954244631871,0.4937954244631871
W,0.555,2.1069067390711487e-06,2.1073759285869602e-06,2.1073759285869602e-06,1.000283125426135,0.059237594542652074,0.49576240545734795,0.49576240545734795
W,0.5575,2.124500284733566e-06,2.124997100349208e-06,2.124997100349208e-06,1.0002977665347736,0.05977352524136584,0.4977264747586342,0.4977264747586342
W,0.56,2.142188426515959e-06,2.1427142294801123e-06,2.1427142294801123e-06,1.0003130165841008,0.06031236854168311,0.49968763145831696,0.49968763145831696
W,0.5625,2.1599714608723816e-06,2.160527790402674e-06,2.160527790402674e-06,1.0003288950021896,0.06085413071352327,0.5016458692864767,0.5016458692864767
W,0.5650000000000001,2.1778502221374175e-06,2.178438439930772e-06,2.178438439930772e-06,1.000345422873139,0.06139882336268282,0.5036011766373172,0.5036011766373172
W,0.5675,2.1958244099590905e-06,2.196446041466601e-06,2.196446041466601e-06,1.0003626162186374,0.06194643407122082,0.5055535659287792,0.5055535659287792
W,0.5700000000000001,2.2138942896853577e-06,2.21455091742356e-06,2.21455091742356e-06,1.0003804943335666,0.06249696421938221,0.5075030357806178,0.5075030357806178
W,0.5725,2.232060653123838e-06,2.2327540877782607e-06,2.2327540877782607e-06,1.000399081960052,0.06305043590343345,0.5094495640965665,0.5094495640965665
W,0.5750000000000001,2.2503234356626164e-06,2.2510552332043213e-06,2.2510552332043213e-06,1.0004183944743477,0.06360683103395846,0.5113931689660416,0.5113931689660416
W,0.5775,2.2686827296642436e-06,2.269454654594664e-06,2.269454654594664e-06,1.0004384518699663,0.0641661500525011,0.513333849947499,0.513333849947499
W,0.58,2.287139391160983e-06,2.287953474563452e-06,2.287953474563452e-06,1.0004592809317263,0.06472841761486901,0.5152715823851309,0.5152715823851309
W,0.5825,2.3056932967042825e-06,2.306551256550689e-06,2.306551256550689e-06,1.0004808966230696,0.06529361202556848,0.5172063879744315,0.5172063879744315
W,0.585,2.3243445321747388e-06,2.3252485438306617e-06,2.3252485438306617e-06,1.0005033217502382,0.06586174057562548,0.5191382594243745,0.5191382594243745
W,0.5875,2.3430941978061467e-06,2.344046106930542e-06,2.344046106930542e-06,1.000526581487834,0.06643281704232759,0.5210671829576725,0.5210671829576725
W,0.59,2.3619417331872365e-06,2.3629436393980723e-06,2.3629436393980723e-06,1.000550692223282,0.06700682348818092,0.5229931765118191,0.5229931765118191
W,0.5925,2.3808877970974753e-06,2.3819421362127298e-06,2.3819421362127298e-06,1.0005756816859759,0.06758378002323016,0.5249162199767698,0.5249162199767698
W,0.595,2.3999327798110583e-06,2.4010415681554072e-06,2.4010415681554072e-06,1.0006015690660148,0.06816367668176569,0.5268363233182343,0.5268363233182343
W,0.5975,2.4190764513346022e-06,2.4202422949527474e-06,2.4202422949527474e-06,1.00062837711433,0.06874651480499777,0.5287534851950023,0.5287534851950023
W,0.6,2.438320016356419e-06,2.4395450667560374e-06,2.4395450667560374e-06,1.0006561325569858,0.06933230689514337,0.5306676931048566,0.5306676931048566
W,0.6025,2.45766278608754e-06,2.458949553938068e-06,2.458949553938068e-06,1.0006848522198162,0.0699210341601291,0.5325789658398709,0.5325789658398709
W,0.605,2.477105786467391e-06,2.4784571143281873e-06,2.4784571143281873e-06,1.0007145693032595,0.07051272634577285,0.5344872736542271,0.5344872736542271
W,0.6075,2.4966488023360385e-06,2.4980670509177174e-06,2.4980670509177174e-06,1.000745297339843,0.07110735400676944,0.5363926459932306,0.5363926459932306
W,0.61,2.516292425603888e-06,2.5177807102901655e-06,2.5177807102901655e-06,1.0007770702479786,0.07170494621472204,0.538295053785278,0.538295053785278
W,0.6125,2.5360368077527634e-06,2.5375975920859148e-06,2.5375975920859148e-06,1.0008099036272569,0.07230547913359042,0.5401945208664096,0.5401945208664096
W,0.615,2.555882260709028e-06,2.5575188743571368e-06,2.5575188743571368e-06,1.0008438305174634,0.07290897666430998,0.54209102333569,0.54209102333569
W,0.6175,2.575829123328026e-06,2.5775441694846976e-06,2.5775441694846976e-06,1.0008788678150407,0.07351541813952303,0.543984581860477,0.543984581860477
W,0.62,2.595877609864422e-06,2.597674646483459e-06,2.597674646483459e-06,1.0009150492578482,0.07412482685485734,0.5458751731451427,0.5458751731451427
W,0.6225,2.6160280609792554e-06,2.6179098310637622e-06,2.6179098310637622e-06,1.0009523909115616,0.07473717965910552,0.5477628203408945,0.5477628203408945
W,0.625,2.6362807819327875e-06,2.6382510867368924e-06,2.6382510867368924e-06,1.000990929461664,0.07535250496046136,0.5496474950395387,0.5496474950395387
W,0.6275000000000001,2.65663592318623e-06,2.658697753844758e-06,2.658697753844758e-06,1.0010306789518844,0.07597077438555977,0.5515292256144404,0.5515292256144404
W,0.63,2.6770940761873267e-06,2.679251275101006e-06,2.679251275101006e-06,1.001071677784803,0.07659201818371708,0.5534079818162829,0.5534079818162829
W,0.6325000000000001,2.6976550026127636e-06,2.6999111386833478e-06,2.6999111386833478e-06,1.0011139417645905,0.07721621207830356,0.5552837879216965,0.5552837879216965
W,0.635,2.718319781927272e-06,2.7206783112020646e-06,2.7206783112020646e-06,1.001157504354323,0.07784337276931098,0.557156627230689,0.557156627230689
W,0.6375000000000001,2.739087790315927e-06,2.741552986283107e-06,2.741552986283107e-06,1.0012023899852764,0.07847349543009294,0.5590265045699072,0.5590265045699072
W,0.64,2.7599601780790163e-06,2.7625353139566707e-06,2.7625353139566707e-06,1.0012486225675674,0.07910657401641813,0.5608934259835818,0.5608934259835818
W,0.6425,2.7809366173105766e-06,2.783626427475691e-06,2.783626427475691e-06,1.0012962386735738,0.07974262930358911,0.5627573706964109,0.5627573706964109
W,0.645,2.8020175327822274e-06,2.804825865812547e-06,2.804825865812547e-06,1.0013452547235469,0.08038163837182105,0.564618361628179,0.564618361628179
W,0.6475,2.8232035887524907e-06,2.826134611796081e-06,2.826134611796081e-06,1.0013957058483827,0.08102361763255628,0.5664763823674436,0.5664763823674436
W,0.65,2.8444944133134822e-06,2.8475529736789185e-06,2.8475529736789185e-06,1.0014476186628256,0.08166856499121868,0.5683314350087814,0.5683314350087814
W,0.6525,2.8658909576127585e-06,2.869080940029013e-06,2.869080940029013e-06,1.0015010154721358,0.0823164696982003,0.5701835303017996,0.5701835303017996
W,0.655,2.8873931920030476e-06,2.8907196494419654e-06,2.8907196494419654e-06,1.0015559344191562,0.08296735188693874,0.5720326481130613,0.5720326481130613
W,0.6575,2.9090011189088456e-06,2.9124690535055003e-06,2.9124690535055003e-06,1.0016123975707603,0.08362119963979153,0.5738788003602084,0.5738788003602084
W,0.66,2.930715785709341e-06,2.9343293583150658e-06,2.9343293583150658e-06,1.0016704304148205,0.08427800789051268,0.5757219921094873,0.5757219921094873
W,0.6625,2.952536908410323e-06,2.95630160634045e-06,2.95630160634045e-06,1.0017300705686554,0.08493779373340056,0.5775622062665994,0.5775622062665994
W,0.665,2.9744646455347036e-06,2.978385891503055e-06,2.978385891503055e-06,1.0017913422628792,0.08560054889039834,0.5793994511096017,0.5793994511096017
W,0.6675,2.996499907925479e-06,3.0005823901192453e-06,3.0005823901192453e-06,1.0018542708194405,0.08626626728360162,0.5812337327163983,0.5812337327163983
W,0.67,3.0186426191256623e-06,3.0228917801665272e-06,3.0228917801665272e-06,1.0019188890766466,0.08693495599384213,0.5830650440061579,0.5830650440061579
W,0.6725,3.0408928644071606e-06,3.0453148294567873e-06,3.0453148294567873e-06,1.0019852315480453,0.08760662426886237,0.5848933757311376,0.5848933757311376
W,0.675,3.0632511737148367e-06,3.0678514210415014e-06,3.0678514210415014e-06,1.0020533193425376,0.08828125811205328,0.5867187418879467,0.5867187418879467
W,0.6775,3.0857181630713527e-06,3.090502007945735e-06,3.090502007945735e-06,1.0021231822092251,0.08895885842711207,0.588541141572888,0.588541141572888
W,0.68,3.1082936036678488e-06,3.1132673217975737e-06,3.1132673217975737e-06,1.0021948544426125,0.08963943322118631,0.5903605667788138,0.5903605667788138
W,0.6825,3.130977806928567e-06,3.13614794792529e-06,3.13614794792529e-06,1.002268368274341,0.09032298654041078,0.5921770134595893,0.5921770134595893
W,0.685,3.1537713339685045e-06,3.1591439196410825e-06,3.1591439196410825e-06,1.0023437470913172,0.09100950813364338,0.5939904918663567,0.5939904918663567
W,0.6875,3.176674645357257e-06,3.182255697691254e-06,3.182255697691254e-06,1.0024210211011133,0.09169899873826269,0.5958010012617373,0.5958010012617373
W,0.6900000000000001,3.1996876332024396e-06,3.2054837448417385e-06,3.2054837448417385e-06,1.002500220614101,0.09239145905194301,0.597608540948057,0.597608540948057
W,0.6925,3.222810608226228e-06,3.228828926758989e-06,3.228828926758989e-06,1.0025813828301473,0.09308689989575146,0.5994131001042486,0.5994131001042486
W,0.6950000000000001,3.246043881042388e-06,3.2522914577883844e-06,3.2522914577883844e-06,1.0026645341452414,0.093785315400027,0.6012146845999731,0.6012146845999731
W,0.6975,3.269388154338505e-06,3.275871634190532e-06,3.275871634190532e-06,1.002749702232083,0.0944867017610756,0.6030132982389244,0.6030132982389244
W,0.7000000000000001,3.2928434835942156e-06,3.299569926119678e-06,3.299569926119678e-06,1.002836917719679,0.09519105951033405,0.604808940489666,0.604808940489666
W,0.7025,3.3164100198472216e-06,3.3233868056651086e-06,3.3233868056651086e-06,1.0029262113050552,0.0958983891393557,0.6066016108606443,0.6066016108606443
W,0.705,3.340088072829547e-06,3.347322746832806e-06,3.347322746832806e-06,1.0030176137463065,0.09660869109972295,0.608391308900277,0.608391308900277
W,0.7075,3.363877952122309e-06,3.3713783503895577e-06,3.3713783503895577e-06,1.0031111581137577,0.09732196889620347,0.6101780311037965,0.6101780311037965
W,0.71,3.3877799671473798e-06,3.395554218658029e-06,3.395554218658029e-06,1.003206877609385,0.09803822593845667,0.6119617740615433,0.6119617740615433
W,0.7125,3.4117946600272243e-06,3.4198505540794365e-06,3.4198505540794365e-06,1.0033047981536205,0.09875745567218583,0.6137425443278142,0.6137425443278142
W,0.715,3.435922249843619e-06,3.4442678374860727e-06,3.4442678374860727e-06,1.003404950650734,0.09947965838008575,0.6155203416199142,0.6155203416199142
W,0.7175,3.460162878282581e-06,3.4688065515034678e-06,3.4688065515034678e-06,1.0035073660303562,0.10020483430407782,0.6172951656959221,0.6172951656959221
W,0.72,3.484516853643903e-06,3.4934671805241894e-06,3.4934671805241894e-06,1.0036120752403972,0.10093298364509937,0.6190670163549006,0.6190670163549006
W,0.7225,3.508984484019404e-06,3.518250210680338e-06,3.518250210680338e-06,1.0037191092399513,0.10166410656287421,0.6208358934371259,0.6208358934371259
W,0.725,3.5335660772833452e-06,3.5431561298146604e-06,3.5431561298146604e-06,1.003828498992195,0.10239820317566238,0.6226017968243376,0.6226017968243376
W,0.7275,3.5582619410826626e-06,3.568185427450321e-06,3.568185427450321e-06,1.0039402754572777,0.10313527355999108,0.624364726440009,0.624364726440009
W,0.73,3.583072382826975e-06,3.5933385947592604e-06,3.5933385947592604e-06,1.0040544695852112,0.10387531775036539,0.6261246822496346,0.6261246822496346
W,0.7325,3.6079977096783824e-06,3.6186161245291512e-06,3.6186161245291512e-06,1.0041711123087569,0.10461833573896015,0.6278816642610399,0.6278816642610399
W,0.735,3.63303822854104e-06,3.644018511128918e-06,3.644018511128918e-06,1.0042902345363203,0.10536432747529212,0.6296356725247079,0.6296356725247079
W,0.7375,3.658194246050526e-06,3.6695462504728214e-06,3.6695462504728214e-06,1.0044118671448472,0.10611329286587395,0.631386707134126,0.631386707134126
W,0.74,3.683466068562954e-06,3.695199839983042e-06,3.695199839983042e-06,1.0045360409727313,0.10686523177384827,0.6331347682261518,0.6331347682261518
W,0.7425,3.70885400214391e-06,3.7209797785508054e-06,3.7209797785508054e-06,1.0046627868127331,0.10762014401860437,0.6348798559813956,0.6348798559813956
W,0.745,3.7343583525571074e-06,3.7468865664959643e-06,3.7468865664959643e-06,1.004792135404913,0.1083780293753757,0.6366219706246243,0.6366219706246243
W,0.7475,3.759979425252843e-06,3.772920705525072e-06,3.772920705525072e-06,1.0049241174295813,0.1091388875748197,0.6383611124251803,0.6383611124251803
W,0.75,3.785717525356215e-06,3.7990826986878758e-06,3.7990826986878758e-06,1.0050587635002697,0.10990271830257961,0.6400972816974203,0.6400972816974203
W,0.7525000000000001,3.8115729576550924e-06,3.8253730503322615e-06,3.8253730503322615e-06,1.0051961041567234,0.11066952119882903,0.641830478801171,0.641830478801171
W,0.755,3.837546026587856e-06,3.851792266057572e-06,3.851792266057572e-06,1.00533616985792,0.11143929585779895,0.643560704142201,0.643560704142201
W,0.7575000000000001,3.8636370362308875e-06,3.878340852666323e-06,3.878340852666323e-06,1.0054789909751147,0.11221204182728783,0.6452879581727122,0.6452879581727122
W,0.76,3.889846290285832e-06,3.905019318114273e-06,3.905019318114273e-06,1.0056245977849185,0.11298775860815535,0.6470122413918447,0.6470122413918447
W,0.7625000000000001,3.916174092066581e-06,3.931828171458827e-06,3.931828171458827e-06,1.0057730204624067,0.11376644565379969,0.6487335543462004,0.6487335543462004
W,0.765,3.942620744486041e-06,3.958767922805742e-06,3.958767922805742e-06,1.0059242890742635,0.1145481023696186,0.6504518976303814,0.6504518976303814
W,0.7675000000000001,3.969186550042629e-06,3.985839083254149e-06,3.985839083254149e-06,1.0060784335719655,0.11533272811245564,0.6521672718875444,0.6521672718875444
W,0.77,3.995871810806505e-06,4.0130426534456105e-06,4.0130426534456105e-06,1.0062354946168515,0.11612033313755844,0.6538796668624416,0.6538796668624416
W,0.7725,4.022676828405573e-06,4.040378712764279e-06,4.040378712764279e-06,1.0063954924434715,0.11691090689145932,0.6555890931085406,0.6555890931085406
W,0.775,4.0496019040112e-06,4.067847768034154e-06,4.067847768034154e-06,1.0065584564818921,0.11770444841274948,0.6572955515872505,0.6572955515872505
W,0.7775,4.076647338323666e-06,4.095450334789282e-06,4.095450334789282e-06,1.0067244161952547,0.11850095686769066,0.6589990431323093,0.6589990431323093
W,0.78,4.103813431557381e-06,4.123186929276369e-06,4.123186929276369e-06,1.0068934008984172,0.11930043137107285,0.6606995686289272,0.6606995686289272
W,0.7825,4.131100483425789e-06,4.151058068389376e-06,4.151058068389376e-06,1.0070654397513998,0.12010287098557407,0.6623971290144259,0.6623971290144259
W,0.785,4.158509103449925e-06,4.179064729387542e-06,4.179064729387542e-06,1.0072405723079723,0.12090828476850582,0.6640917152314942,0.6640917152314942
W,0.7875,4.1860394777339085e-06,4.207207327098396e-06,4.207207327098396e-06,1.0074188251938212,0.12171666930120106,0.6657833306987989,0.6657833306987989
W,0.79,4.213691744400338e-06,4.235486077686924e-06,4.235486077686924e-06,1.0076002201814978,0.12252801683693518,0.6674719831630649,0.6674719831630649
W,0.7925,4.241466201543517e-06,4.263901501115412e-06,4.263901501115412e-06,1.0077847857891808,0.12334232623320514,0.6691576737667948,0.6691576737667948
W,0.795,4.269363146683066e-06,4.292454117660693e-06,4.292454117660693e-06,1.0079725503485937,0.12415959629208558,0.6708404037079144,0.6708404037079144
W,0.7975,4.297382876747244e-06,4.321145354255863e-06,4.321145354255863e-06,1.0081635633475186,0.12497984515212067,0.6725201548478793,0.6725201548478793
W,0.8,4.325525959946169e-06,4.349974984603642e-06,4.349974984603642e-06,1.0083578353631764,0.12580305533464364,0.6741969446653565,0.6741969446653565
W,0.8025,4.353792869345352e-06,4.37894343004317e-06,4.37894343004317e-06,1.0085553918149228,0.12662922331795817,0.6758707766820418,0.6758707766820418
W,0.805,4.382183491663027e-06,4.4080512128172706e-06,4.4080512128172706e-06,1.008756260275643,0.12745834768996112,0.6775416523100389,0.6775416523100389
W,0.8075,4.410698121864267e-06,4.437300068799724e-06,4.437300068799724e-06,1.0089604972156085,0.12829045250660745,0.6792095474933926,0.6792095474933926
W,0.81,4.439337054241157e-06,4.4666893692114624e-06,4.4666893692114624e-06,1.0091681024319652,0.12912551179748344,0.6808744882025166,0.6808744882025166
W,0.8125,4.468101106437926e-06,4.496219636983334e-06,4.496219636983334e-06,1.009379102869423,0.1299635239772175,0.6825364760227824,0.6825364760227824
W,0.8150000000000001,4.496990432254628e-06,4.525892219356601e-06,4.525892219356601e-06,1.0095935452664315,0.13080450452266656,0.6841954954773335,0.6841954954773335
W,0.8175,4.526004982584481e-06,4.555707428764883e-06,4.555707428764883e-06,1.0098114512279461,0.13164844715551394,0.6858515528444861,0.6858515528444861
W,0.8200000000000001,4.555145049445293e-06,4.585665240754885e-06,4.585665240754885e-06,1.010032833781903,0.13249533869194263,0.6875046613080574,0.6875046613080574
W,0.8225,4.584411494949103e-06,4.6157670064899e-06,4.6157670064899e-06,1.0102577393047727,0.1333451942921546,0.6891548057078455,0.6891548057078455
W,0.8250000000000001,4.613804531954766e-06,4.64601320200537e-06,4.64601320200537e-06,1.0104861926638722,0.13419801089728656,0.6908019891027135,0.6908019891027135
W,0.8275,4.643324002851402e-06,4.676403638413589e-06,4.676403638413589e-06,1.01071820199618,0.13505377191136222,0.6924462280886378,0.6924462280886378
W,0.8300000000000001,4.672970197119469e-06,4.706940091557744e-06,4.706940091557744e-06,1.0109538237192714,0.13591250069733854,0.6940874993026616,0.6940874993026616
W,0.8325,4.702744567546329e-06,4.737622368127384e-06,4.737622368127384e-06,1.0111930653786416,0.13677418044374975,0.6957258195562501,0.6957258195562501
W,0.835,4.732646301350205e-06,4.768450746910135e-06,4.768450746910135e-06,1.0114359458079485,0.13763880402775402,0.697361195972246,0.697361195972246
W,0.8375,4.76267567018489e-06,4.799427212535358e-06,4.799427212535358e-06,1.0116825262715965,0.13850639842524395,0.6989936015747561,0.6989936015747561
W,0.84,4.792833946467839e-06,4.830550677286806e-06,4.830550677286806e-06,1.0119327909782092,0.1393769289618594,0.7006230710381406,0.7006230710381406
W,0.8425,4.8231207945468515e-06,4.861823038998198e-06,4.861823038998198e-06,1.0121867986539366,0.14025042059737905,0.702249579402621,0.702249579402621
W,0.845,4.853536184983015e-06,4.893244168339668e-06,4.893244168339668e-06,1.012444556915669,0.14112685779503914,0.7038731422049609,0.7038731422049609
W,0.8475,4.884081514932765e-06,4.924814735063243e-06,4.924814735063243e-06,1.0127060931670588,0.14200624090112623,0.7054937590988738,0.7054937590988738
W,0.85,4.914756320049681e-06,4.956535891035275e-06,4.956535891035275e-06,1.012971446847885,0.14288857957183448,0.7071114204281655,0.7071114204281655
W,0.8525,4.945560571596304e-06,4.988407206670282e-06,4.988407206670282e-06,1.013240616977351,0.1437738524549135,0.7087261475450866,0.7087261475450866
W,0.855,4.976496105295396e-06,5.02043075560148e-06,5.02043075560148e-06,1.0135136660041688,0.14466208695535157,0.7103379130446484,0.7103379130446484
W,0.8575,5.007561700450043e-06,5.0526053762674106e-06,5.0526053762674106e-06,1.0137905736426465,0.14555324753241727,0.7119467524675828,0.7119467524675828
W,0.86,5.038758281435944e-06,5.084933687633203e-06,5.084933687633203e-06,1.014071415938246,0.14644737175233397,0.7135526282476661,0.7135526282476661
W,0.8625,5.070086532928767e-06,5.117414180834475e-06,5.117414180834475e-06,1.0143561629827422,0.14734441754017427,0.7151555824598258,0.7151555824598258
W,0.865,5.101545740142673e-06,5.150049626063297e-06,5.150049626063297e-06,1.0146448944009614,0.14824442489071887,0.716755575109281,0.716755575109281
W,0.8675,5.1331378078999205e-06,5.182838569811615e-06,5.182838569811615e-06,1.0149375809540615,0.1491473529950637,0.7183526470049363,0.7183526470049363
W,0.87,5.1648615929407765e-06,5.215783521037029e-06,5.215783521037029e-06,1.0152342952171671,0.15005323639709137,0.7199467636029087,0.7199467636029087
W,0.8725,5.196718266240017e-06,5.2488835029302416e-06,5.2488835029302416e-06,1.0155350195285389,0.15096204350171163,0.7215379564982884,0.7215379564982884
W,0.875,5.228707935463529e-06,5.282140331687482e-06,5.282140331687482e-06,1.0158398081668634,0.15187379537408674,0.7231262046259133,0.7231262046259133
W,0.8775000000000001,5.260830648987455e-06,5.315553947943718e-06,5.315553947943718e-06,1.0161486665767872,0.15278847772986703,0.724711522270133,0.724711522270133
W,0.88,5.293087506848704e-06,5.349125023809089e-06,5.349125023809089e-06,1.0164616188706532,0.1537060899777927,0.7262939100222073,0.7262939100222073
W,0.8825000000000001,5.325477696990841e-06,5.382854878254901e-06,5.382854878254901e-06,1.0167787057556092,0.1546266433918018,0.7278733566081983,0.7278733566081983
W,0.885,5.3580030458262376e-06,5.416742725786881e-06,5.416742725786881e-06,1.01709991281512,0.15555011030224955,0.7294498896977505,0.7294498896977505
W,0.8875000000000001,5.390662150545119e-06,5.450791270437518e-06,5.450791270437518e-06,1.017425316399892,0.1564765272197861,0.731023472780214,0.731023472780214
W,0.89,5.42345729034751e-06,5.484999316108271e-06,5.484999316108271e-06,1.0177548907497285,0.15740585895566553,0.7325941410443344,0.7325941410443344
W,0.8925000000000001,5.4563867490153864e-06,5.519368101648311e-06,5.519368101648311e-06,1.0180886734189292,0.15833811494369057,0.7341618850563095,0.7341618850563095
W,0.895,5.4894529772021865e-06,5.553898965915587e-06,5.553898965915587e-06,1.0184267043766886,0.15927330617291358,0.7357266938270866,0.7357266938270866
W,0.8975,5.52265423044817e-06,5.588591219276514e-06,5.588591219276514e-06,1.0187689701109903,0.16021140692213268,0.7372885930778673,0.7372885930778673
W,0.9,5.555992841622452e-06,5.623446654027029e-06,5.623446654027029e-06,1.0191155219432289,0.16115243617766198,0.738847563822338,0.738847563822338
W,0.9025,5.589467331170056e-06,5.658465711466173e-06,5.658465711466173e-06,1.0194663754730533,0.16209638847302305,0.7404036115269769,0.7404036115269769
W,0.905,5.623079616874503e-06,5.69364821614639e-06,5.69364821614639e-06,1.019821529759744,0.16304324741237158,0.7419567525876285,0.7419567525876285
W,0.9075,5.6568287853734495e-06,5.7289958447724766e-06,5.7289958447724766e-06,1.0201810323243903,0.1639930294402068,0.7435069705597932,0.7435069705597932
W,0.91,5.690716033837059e-06,5.764509150881358e-06,5.764509150881358e-06,1.0205449008625718,0.16494573091368134,0.7450542690863186,0.7450542690863186
W,0.9125,5.724741324689319e-06,5.800187972533472e-06,5.800187972533472e-06,1.0209131339021904,0.16590133565364504,0.7465986643463549,0.7465986643463549
W,0.915,5.7589048205667575e-06,5.83603332435212e-06,5.83603332435212e-06,1.0212857607001369,0.16685984812632132,0.7481401518736789,0.7481401518736789
W,0.9175,5.793207677746741e-06,5.872046952834323e-06,5.872046952834323e-06,1.02166282957899,0.16782128528929097,0.749678714710709,0.749678714710709
W,0.92,5.827648878210105e-06,5.9082281736517e-06,5.9082281736517e-06,1.0220443244038577,0.16878562182324286,0.7512143781767572,0.7512143781767572
W,0.9225,5.862230569719077e-06,5.944577693066536e-06,5.944577693066536e-06,1.0224302654536543,0.16975285660533565,0.7527471433946644,0.7527471433946644
W,0.925,5.896951532253727e-06,5.981096792055576e-06,5.981096792055576e-06,1.0228206879210324,0.17072299824127096,0.7542770017587291,0.7542770017587291
W,0.9275,5.931812721856604e-06,6.017786504931707e-06,6.017786504931707e-06,1.0232156202093132,0.1716960508957183,0.7558039491042817,0.7558039491042817
W,0.93,5.966814891980055e-06,6.054646602909949e-06,6.054646602909949e-06,1.0236150570448705,0.17267199719568027,0.7573280028043198,0.7573280028043198
W,0.9325,6.001957295204193e-06,6.091677796477356e-06,6.091677796477356e-06,1.0240190176973567,0.1736508357893887,0.7588491642106113,0.7588491642106113
W,0.935,6.037241674150595e-06,6.128880797293961e-06,6.128880797293961e-06,1.0244275211881855,0.17463256526853943,0.7603674347314606,0.7603674347314606
W,0.9375,6.072667484427034e-06,6.1662574097889245e-06,6.1662574097889245e-06,1.0248406151511587,0.1756172023681523,0.7618827976318476,0.7618827976318476
W,0.9400000000000001,6.108234669286658e-06,6.203807376501178e-06,6.203807376501178e-06,1.0252582924176428,0.1766047291985798,0.7633952708014202,0.7633952708014202
W,0.9425,6.143945253652105e-06,6.241531245476151e-06,6.241531245476151e-06,1.0256805668388123,0.17759514139589627,0.7649048586041037,0.7649048586041037
W,0.9450000000000001,6.179798047016253e-06,6.2794297313483854e-06,6.2794297313483854e-06,1.0261074563911998,0.17858843731187257,0.7664115626881275,0.7664115626881275
W,0.9475,6.21579335925844e-06,6.317503549623667e-06,6.317503549623667e-06,1.0265389787949704,0.17958461523909724,0.7679153847609027,0.7679153847609027
W,0.9500000000000001,6.251933156135168e-06,6.35575341661918e-06,6.35575341661918e-06,1.0269751515124628,0.18058367341046974,0.7694163265895303,0.7694163265895303
W,0.9525,6.288216279720702e-06,6.394180959823165e-06,6.394180959823165e-06,1.0274160157765488,0.18158562475558704,0.770914375244413,0.770914375244413
W,0.9550000000000001,6.324643069043956e-06,6.432785941318792e-06,6.432785941318792e-06,1.0278615632835009,0.18259045176391078,0.7724095482360893,0.7724095482360893
W,0.9575,6.361215075276104e-06,6.471569070399738e-06,6.471569070399738e-06,1.0283118104723905,0.18359815235069796,0.7739018476493021,0.7739018476493021
W,0.96,6.39793187953815e-06,6.510531064697382e-06,6.510531064697382e-06,1.0287667737250796,0.18460872449656685,0.7753912755034331,0.7753912755034331
W,0.9625,6.434793498702475e-06,6.5496726423133105e-06,6.5496726423133105e-06,1.0292264691590283,0.18562216611999674,0.7768778338800033,0.7768778338800033
W,0.965,6.471800699570143e-06,6.5889945217516145e-06,6.5889945217516145e-06,1.0296909126261364,0.1866384750768624,0.7783615249231376,0.7783615249231376
W,0.9675,6.508954537366977e-06,6.628497421849906e-06,6.628497421849906e-06,1.0301601197116372,0.18765764915997743,0.7798423508400226,0.7798423508400226
W,0.97,6.546254341262919e-06,6.668182061708942e-06,6.668182061708942e-06,1.0306341057330366,0.18867968609864388,0.781320313901356,0.781320313901356
W,0.9725,6.583700503899846e-06,6.7080491606209315e-06,6.7080491606209315e-06,1.0311128857391,0.18970458355821143,0.7827954164417886,0.7827954164417886
W,0.975,6.62129393474739e-06,6.748099437996402e-06,6.748099437996402e-06,1.0315964745088866,0.1907323391396428,0.7842676608603572,0.7842676608603572
W,0.9775,6.659035279423329e-06,6.788333613289726e-06,6.788333613289726e-06,1.0320848865508299,0.1917629503790895,0.7857370496209105,0.7857370496209105
W,0.98,6.6969241367424215e-06,6.828752405923145e-06,6.828752405923145e-06,1.0325781361018644,0.19279641474747436,0.7872035852525257,0.7872035852525257
W,0.9825,6.734960900736062e-06,6.869356550524674e-06,6.869356550524674e-06,1.0330762375270799,0.19383272988450878,0.7886672701154913,0.7886672701154913
W,0.985,6.773145982112487e-06,6.9101467997225015e-06,6.9101467997225015e-06,1.0335792053917867,0.1948718936364446,0.7901281063635553,0.7901281063635553
W,0.9875,6.811480891664194e-06,6.9511237512434785e-06,6.9511237512434785e-06,1.0340870499489003,0.19591390142907741,0.7915860985709225,0.7915860985709225
W,0.99,6.8499648639957226e-06,6.992288132803054e-06,6.992288132803054e-06,1.0345997845880919,0.19695875062327664,0.7930412493767234,0.7930412493767234
W,0.9925,6.8885982943790485e-06,7.033640796845558e-06,7.033640796845558e-06,1.0351174256807567,0.19800644038916174,0.7944935596108383,0.7944935596108383
W,0.995,6.927381578475267e-06,7.07518238964827e-06,7.07518238964827e-06,1.0356399839594572,0.1990569667175241,0.795943033282476,0.795943033282476
W,0.9975,6.9663151123266145e-06,7.116913628157082e-06,7.116913628157082e-06,1.036167471739971,0.2001103266117827,0.7973896733882174,0.7973896733882174
W,1.0,7.005400110715993e-06,7.1588352286238096e-06,7.1588352286238096e-06,1.0366999010611972,0.201166517007126,0.798833482992874,0.798833482992874
W,1.0025,7.044636276663206e-06,7.200947906516307e-06,7.200947906516307e-06,1.037237283684678,0.20222553477018188,0.800274465229818,0.800274465229818
W,1.0050000000000001,7.084023851499407e-06,7.243252376426822e-06,7.243252376426822e-06,1.0377796310941583,0.20328737669869634,0.8017126233013039,0.8017126233013039
W,1.0075,7.12356323227523e-06,7.28574935197867e-06,7.28574935197867e-06,1.0383269544951894,0.20435203952122377,0.8031479604787762,0.8031479604787762
W,1.01,7.163254816376596e-06,7.32843954573117e-06,7.32843954573117e-06,1.0388792648147696,0.20541951989682808,0.8045804801031718,0.8045804801031718
W,1.0125,7.2030990015159335e-06,7.371323669082789e-06,7.371323669082789e-06,1.0394365727010246,0.20648981441479375,0.8060101855852061,0.8060101855852061
W,1.0150000000000001,7.24309634985883e-06,7.414402432172497e-06,7.414402432172497e-06,1.0399988885229279,0.20756291959434917,0.807437080405651,0.807437080405651
W,1.0175,7.283247651229298e-06,7.457676543779242e-06,7.457676543779242e-06,1.0405662223700567,0.20863883188439966,0.8088611681156004,0.8088611681156004
W,1.02,7.323552714585941e-06,7.501146711219637e-06,7.501146711219637e-06,1.0411385840523864,0.20971754766327394,0.8102824523367261,0.8102824523367261
W,1.0225,7.364011938396628e-06,7.5448138526713e-06,7.5448138526713e-06,1.0417159885290255,0.21079906624619751,0.8117009337538024,0.8117009337538024
W,1.025,7.4046257214057125e-06,7.5886794835605335e-06,7.5886794835605335e-06,1.042298465717684,0.21188339525333016,0.8131166047466698,0.8131166047466698
W,1.0275,7.445394462624463e-06,7.632743383607037e-06,7.632743383607037e-06,1.042886000950575,0.21297051769954045,0.8145294823004596,0.8145294823004596
W,1.03,7.486318561321369e-06,7.677006255341486e-06,7.677006255341486e-06,1.0434786029533725,0.21406042968682618,0.8159395703131738,0.8159395703131738
W,1.0325,7.527398417012328e-06,7.721468799327379e-06,7.721468799327379e-06,1.0440762801716132,0.21515312724547178,0.8173468727545283,0.8173468727545283
W,1.035,7.568634429450683e-06,7.766131714047304e-06,7.766131714047304e-06,1.0446790407706958,0.2162486063338614,0.8187513936661385,0.8187513936661385
W,1.0375,7.610026998617131e-06,7.810996102732455e-06,7.810996102732455e-06,1.0452869029198073,0.21734686843128148,0.8201531315687186,0.8201531315687186
W,1.04,7.65157652470949e-06,7.856063648648903e-06,7.856063648648903e-06,1.045899899108471,0.2184479227911522,0.8215520772088478,0.8215520772088478
W,1.0425,7.693283408132356e-06,7.901333760771895e-06,7.901333760771895e-06,1.0465180041612674,0.21955174741277395,0.8229482525872259,0.8229482525872259
W,1.045,7.735148286408988e-06,7.946807130421074e-06,7.946807130421074e-06,1.047141225158902,0.2206583379733789,0.8243416620266211,0.8243416620266211
W,1.0475,7.777171334237771e-06,7.992484446273877e-06,7.992484446273877e-06,1.0477695689023716,0.22176769007750544,0.8257323099224947,0.8257323099224947
W,1.05,7.819352901655107e-06,8.038367846845584e-06,8.038367846845584e-06,1.0484030782432159,0.2228798187263388,0.8271201812736613,0.8271201812736613
W,1.0525,7.861693389270005e-06,8.084457428481623e-06,8.084457428481623e-06,1.0490417445362412,0.22399471124910225,0.8285052887508978,0.8285052887508978
W,1.055,7.904193197839631e-06,8.130753130126903e-06,8.130753130126903e-06,1.0496855551420232,0.22511235302126878,0.8298876469787311,0.8298876469787311
W,1.0575,7.946852728258078e-06,8.177255631136522e-06,8.177255631136522e-06,1.0503345157798138,0.22623273936341806,0.8312672606365822,0.8312672606365822
W,1.06,7.989672381545006e-06,8.223967677287427e-06,8.223967677287427e-06,1.0509886831963369,0.22735589270864426,0.8326441072913559,0.8326441072913559
W,1.0625,8.032652558834163e-06,8.270888555285193e-06,8.270888555285193e-06,1.0516480279057643,0.2284817896869591,0.8340182103130408,0.8340182103130408
W,1.065,8.075793661361705e-06,8.318018384995558e-06,8.318018384995558e-06,1.0523125411119534,0.22961041811794447,0.8353895818820556,0.8353895818820556
W,1.0675000000000001,8.11909609045445e-06,8.365358937514097e-06,8.365358937514097e-06,1.0529822546089351,0.23074178730712094,0.8367582126928792,0.8367582126928792
W,1.07,8.162560247517912e-06,8.41291175332617e-06,8.41291175332617e-06,1.053657194068038,0.23187590325916949,0.8381240967408305,0.8381240967408305
W,1.0725,8.206186534024262e-06,8.460675655586998e-06,8.460675655586998e-06,1.0543373181966034,0.23301273693205488,0.8394872630679452,0.8394872630679452
W,1.075,8.249975351500083e-06,8.508652224227479e-06,8.508652224227479e-06,1.0550226533444202,0.2341522948810662,0.8408477051189338,0.8408477051189338
W,1.0775000000000001,8.293927101514021e-06,8.55684370284623e-06,8.55684370284623e-06,1.0557132416284352,0.23529459179622722,0.8422054082037729,0.8422054082037729
W,1.08,8.338042321223156e-06,8.605248382183587e-06,8.605248382183587e-06,1.0564090284722651,0.23643959208426446,0.8435604079157357,0.8435604079157357
W,1.0825,8.382321503405015e-06,8.653868486853087e-06,8.653868486853087e-06,1.0571100551495933,0.23758731012493378,0.8449126898750662,0.8449126898750662
W,1.085,8.426764870725897e-06,8.702705309026306e-06,8.702705309026306e-06,1.0578163397927054,0.2387377482091974,0.8462622517908025,0.8462622517908025
W,1.0875000000000001,8.471372825382826e-06,8.751757422714275e-06,8.751757422714275e-06,1.0585278346149711,0.2398908747015312,0.8476091252984691,0.8476091252984691
W,1.09,8.516145769556149e-06,8.801028588025394e-06,8.801028588025394e-06,1.0592446170386194,0.24104672257475376,0.8489532774252463,0.8489532774252463
W,1.0925,8.561084105396365e-06,8.850517382055935e-06,8.850517382055935e-06,1.0599666390684561,0.24220526024807676,0.8502947397519233,0.8502947397519233
W,1.095,8.606188235010704e-06,8.900224720352008e-06,8.900224720352008e-06,1.0606939091036676,0.24336648528668395,0.851633514713316,0.851633514713316
W,1.0975,8.651458560449646e-06,8.95015328125721e-06,8.95015328125721e-06,1.0614264773977886,0.24453041659904395,0.852969583400956,0.852969583400956
W,1.1,8.696895483693234e-06,9.000300614354988e-06,9.000300614354988e-06,1.0621642713741826,0.24569701049527076,0.8543029895047293,0.8543029895047293
W,1.1025,8.742499406637232e-06,9.05067160563386e-06,9.05067160563386e-06,1.0629073933901452,0.24686631241179927,0.8556336875882008,0.8556336875882008
W,1.105,8.788270731079168e-06,9.101263187366252e-06,9.101263187366252e-06,1.0636557561026991,0.24803827139705817,0.8569617286029418,0.8569617286029418
W,1.1075,8.834209858704177e-06,9.152078831589619e-06,9.152078831589619e-06,1.0644094275284823,0.24921291539605941,0.8582870846039405,0.8582870846039405
W,1.11,8.880317842557097e-06,9.203117714058261e-06,9.203117714058261e-06,1.065168373542022,0.2503902206625389,0.8596097793374612,0.8596097793374612
W,1.1125,8.926594718561125e-06,9.254381424101972e-06,9.254381424101972e-06,1.0659326170085504,0.2515701923140779,0.8609298076859221,0.8609298076859221
W,1.115,8.973040656901894e-06,9.305870644729622e-06,9.305870644729622e-06,1.066702159131965,0.2527528245541097,0.8622471754458904,0.8622471754458904
W,1.1175,9.019656059322023e-06,9.357585834115353e-06,9.357585834115353e-06,1.0674769957567207,0.25393810898139196,0.863561891018608,0.863561891018608
W,1.12,9.066441327384472e-06,9.40952841404639e-06,9.40952841404639e-06,1.0682571450524496,0.2551260483884337,0.8648739516115663,0.8648739516115663
W,1.1225,9.113396862457518e-06,9.461698495838555e-06,9.461698495838555e-06,1.0690425944485604,0.2563166302681308,0.8661833697318693,0.8661833697318693
W,1.125,9.160523065699519e-06,9.514097438282565e-06,9.514097438282565e-06,1.069833360242407,0.25750985653805264,0.8674901434619474,0.8674901434619474
W,1.1275,9.207821354766176e-06,9.566725823942905e-06,9.566725823942905e-06,1.0706294405280763,0.2587057201008873,0.8687942798991126,0.8687942798991126
W,1.1300000000000001,9.25529139301788e-06,9.619584112459494e-06,9.619584112459494e-06,1.0714308304193119,0.2599042124335604,0.8700957875664397,0.8700957875664397
W,1.1325,9.302933360835586e-06,9.672674210657838e-06,9.672674210657838e-06,1.07223755822756,0.26110534146515235,0.8713946585348477,0.8713946585348477
W,1.135,9.350747659073968e-06,9.7259948073805e-06,9.7259948073805e-06,1.0730495780992748,0.2623090785663398,0.8726909214336602,0.8726909214336602
W,1.1375,9.398734688305376e-06,9.779550022760118e-06,9.779550022760118e-06,1.073866968587958,0.2635154564083097,0.8739845435916902,0.8739845435916902
W,1.1400000000000001,9.446895385876646e-06,9.833336527560754e-06,9.833336527560754e-06,1.0746896376573554,0.26472442385327777,0.8752755761467224,0.8752755761467224
W,1.1425,9.495230636440022e-06,9.8873595984531e-06,9.8873595984531e-06,1.0755176894796907,0.2659360260431938,0.8765639739568064,0.8765639739568064
W,1.145,9.543739880437799e-06,9.941616393121347e-06,9.941616393121347e-06,1.076351043240196,0.2671502175729994,0.8778497824270007,0.8778497824270007
W,1.1475,9.59242351787017e-06,9.996109244132016e-06,9.996109244132016e-06,1.0771897356238491,0.2683670105522033,0.8791329894477968,0.8791329894477968
W,1.1500000000000001,9.641281948378796e-06,1.0050839721551188e-05,1.0050839721551188e-05,1.0780337856460291,0.26958640841680687,0.8804135915831933,0.8804135915831933
W,1.1525,9.690316781860231e-06,1.0105805943777836e-05,1.0105805943777836e-05,1.0788831345840653,0.2708083769222439,0.8816916230777563,0.8816916230777563
W,1.155,9.739527832707241e-06,1.016101277549127e-05,1.016101277549127e-05,1.079737875029597,0.2720329552030079,0.8829670447969922,0.8829670447969922
W,1.1575,9.788914939198442e-06,1.02164578391811e-05,1.02164578391811e-05,1.0805979370449383,0.27326010371764303,0.8842398962823569,0.8842398962823569
W,1.16,9.838478500120636e-06,1.0272141777491498e-05,1.0272141777491498e-05,1.0814633184503797,0.2744898158316244,0.8855101841683757,0.8855101841683757
W,1.1625,9.888219960604077e-06,1.0328069055654078e-05,1.0328069055654078e-05,1.0823341015927268,0.2757221255251327,0.8867778744748674,0.8867778744748674
W,1.165,9.938139686857911e-06,1.0384236538150789e-05,1.0384236538150789e-05,1.0832101999892094,0.276956985633895,0.888043014366105,0.888043014366105
W,1.1675,9.988237129917573e-06,1.0440645759808804e-05,1.0440645759808804e-05,1.084091630802322,0.278194398900003,0.8893056010999969,0.8893056010999969
W,1.17,1.0038512687483231e-05,1.0497300589589602e-05,1.0497300589589602e-05,1.084978462046938,0.27943439228051226,0.8905656077194877,0.8905656077194877
W,1.1725,1.0088968396674384e-05,1.0554198309241787e-05,1.0554198309241787e-05,1.0858706168218026,0.28067692354501217,0.8918230764549879,0.8918230764549879
W,1.175,1.0139603671375565e-05,1.0611339833236744e-05,1.0611339833236744e-05,1.0867680981854606,0.28192198876138636,0.8930780112386136,0.8930780112386136
W,1.1775,1.0190418322145994e-05,1.066872977110488e-05,1.066872977110488e-05,1.087670989266939,0.28316962194933026,0.8943303780506696,0.8943303780506696
W,1.18,1.0241413303246144e-05,1.0726365525756204e-05,1.0726365525756204e-05,1.0885792160816672,0.28441978256055483,0.8955802174394452,0.8955802174394452
W,1.1825,1.0292590363672672e-05,1.0784247769794724e-05,1.0784247769794724e-05,1.0894927759764215,0.28567246401287766,0.8968275359871225,0.8968275359871225
W,1.185,1.0343948061231069e-05,1.0842378860566771e-05,1.0842378860566771e-05,1.090411702434668,0.28692767677247233,0.8980723232275276,0.8980723232275276
W,1.1875,1.0395486791338624e-05,1.0900760420879746e-05,1.0900760420879746e-05,1.0913360126702705,0.28818542356430765,0.8993145764356923,0.8993145764356923
W,1.19,1.0447209472142826e-05,1.0959391151653534e-05,1.0959391151653534e-05,1.0922656611410386,0.2894456776526656,0.9005543223473343,0.9005543223473343
W,1.1925000000000001,1.049911417341909e-05,1.1018271969174764e-05,1.1018271969174764e-05,1.0932006499323912,0.29070843478202824,0.901791565217972,0.901791565217972
W,1.195,1.0551201166368644e-05,1.107740506379883e-05,1.107740506379883e-05,1.0941410080177585,0.2919737032635724,0.9030262967364278,0.9030262967364278
W,1.1975,1.0603473285932176e-05,1.1136792011650807e-05,1.1136792011650807e-05,1.0950867509025513,0.2932414850509394,0.9042585149490607,0.9042585149490607
W,1.2,1.0655928950278595e-05,1.1196431720776301e-05,1.1196431720776301e-05,1.0960378375348976,0.29451175576884187,0.905488244231158,0.905488244231158
W,1.2025000000000001,1.0708568164077314e-05,1.1256325107301857e-05,1.1256325107301857e-05,1.0969942694622226,0.2957845109811899,0.9067154890188102,0.9067154890188102
W,1.205,1.0761394115577726e-05,1.1316473087601188e-05,1.1316473087601188e-05,1.0979560481049933,0.29705974620840536,0.9079402537915947,0.9079402537915947
W,1.2075,1.081440470381581e-05,1.1376878464015446e-05,1.1376878464015446e-05,1.0989232140979415,0.298337475100693,0.909162524899307,0.909162524899307
W,1.21,1.0867600486338941e-05,1.1437541083777294e-05,1.1437541083777294e-05,1.0998957459894771,0.2996176825556967,0.9103823174443033,0.9103823174443033
W,1.2125000000000001,1.0920984290506892e-05,1.149846095997849e-05,1.149846095997849e-05,1.100873625926976,0.30090035522436503,0.9115996447756352,0.9115996447756352
W,1.215,1.0974553763944873e-05,1.1559639007438102e-05,1.1559639007438102e-05,1.1018568548061243,0.30218548845024723,0.9128145115497528,0.9128145115497528
W,1.2175,1.102831075944287e-05,1.1621076140895786e-05,1.1621076140895786e-05,1.1028454333989086,0.3034730775343261,0.914026922465674,0.914026922465674
W,1.22,1.108225615645672e-05,1.168277327494863e-05,1.168277327494863e-05,1.1038393623542577,0.3047631177352053,0.9152368822647945,0.9152368822647945
W,1.2225,1.1136388475877097e-05,1.1744732779899298e-05,1.1744732779899298e-05,1.104838671956242,0.30605561784645513,0.9164443821535448,0.9164443821535448
W,1.225,1.1190711120991717e-05,1.1806954699319957e-05,1.1806954699319957e-05,1.105843344579051,0.30735056475141836,0.9176494352485817,0.9176494352485817
W,1.2275,1.1245222072811114e-05,1.1869439260998734e-05,1.1869439260998734e-05,1.1068533664588431,0.30864794716716715,0.9188520528328328,0.9188520528328328
W,1.23,1.129992251145612e-05,1.1932187376150032e-05,1.1932187376150032e-05,1.1078687377352283,0.3099477601805253,0.9200522398194747,0.9200522398194747
W,1.2325,1.1354813943499513e-05,1.1995199955479808e-05,1.1995199955479808e-05,1.1088894584279194,0.31124999883700816,0.9212500011629917,0.9212500011629917
W,1.235,1.1409894409854795e-05,1.2058477909114776e-05,1.2058477909114776e-05,1.109915528437351,0.312554658141041,0.9224453418589592,0.9224453418589592
W,1.2375,1.1465167951394204e-05,1.2122022146530214e-05,1.2122022146530214e-05,1.1109469475452933,0.31386173305617765,0.9236382669438225,0.9236382669438225
W,1.24,1.1520631608643914e-05,1.2185833576476626e-05,1.2185833576476626e-05,1.111983715415461,0.3151712185053282,0.9248287814946717,0.9248287814946717
W,1.2425,1.1576287967302682e-05,1.224991310690494e-05,1.224991310690494e-05,1.1130258315941182,0.31648310937098767,0.9260168906290122,0.9260168906290122
W,1.245,1.1632136666112956e-05,1.23142616448904e-05,1.23142616448904e-05,1.1140732955106758,0.3177974004954708,0.9272025995045294,0.9272025995045294
W,1.2475,1.1688177869126687e-05,1.2378880713200018e-05,1.2378880713200018e-05,1.1151261186517674,0.319114092122874,0.928385907877126,0.928385907877126
W,1.25,1.1744413461506289e-05,1.2443770799521513e-05,1.2443770799521513e-05,1.1161842918770253,0.32043317526339066,0.9295668247366092,0.9295668247366092
W,1.2525,1.1800841541594953e-05,1.2508932483692946e-05,1.2508932483692946e-05,1.117247807873272,0.3217546417824952,0.9307453582175047,0.9307453582175047
W,1.2550000000000001,1.185746588072452e-05,1.2574366665979807e-05,1.2574366665979807e-05,1.1183166655847308,0.32307848636061337,0.9319215136393868,0.9319215136393868
W,1.2575,1.191428307587376e-05,1.264007424533266e-05,1.264007424533266e-05,1.1193908638416374,0.3244047036392903,0.9330952963607099,0.9330952963607099
W,1.26,1.1971297816048215e-05,1.270605611930203e-05,1.270605611930203e-05,1.1204704013607993,0.3257332882214525,0.9342667117785475,0.9342667117785475
W,1.2625,1.2028506469062048e-05,1.2772313183951599e-05,1.2772313183951599e-05,1.1215552767461396,0.3270642346716704,0.9354357653283296,0.9354357653283296
W,1.2650000000000001,1.2085913165855884e-05,1.2838846333769874e-05,1.2838846333769874e-05,1.122645488489239,0.32839753751642653,0.9366024624835737,0.9366024624835737
W,1.2675,1.2143515130688228e-05,1.2905656461580351e-05,1.2905656461580351e-05,1.123741034969865,0.32973319124438744,0.9377668087556126,0.9377668087556126
W,1.27,1.2201315834335909e-05,1.2972744458450046e-05,1.2972744458450046e-05,1.1248419144564978,0.33107119030667953,0.9389288096933204,0.9389288096933204
W,1.2725,1.2259312965466257e-05,1.3040111213596402e-05,1.3040111213596402e-05,1.1259481251068395,0.3324115291171682,0.940088470882832,0.940088470882832
W,1.2750000000000001,1.231750973119264e-05,1.3107757614292507e-05,1.3107757614292507e-05,1.1270596649683224,0.33375420205274076,0.9412457979472594,0.9412457979472594
W,1.2775,1.2375903883439471e-05,1.3175684545770719e-05,1.3175684545770719e-05,1.128176531978601,0.3350992034535939,0.9424007965464063,0.9424007965464063
W,1.28,1.2434498771346348e-05,1.3243892891124526e-05,1.3243892891124526e-05,1.129298723966038,0.3364465276235239,0.943553472376476,0.943553472376476
W,1.2825,1.2493291799677e-05,1.3312383812996361e-05,1.3312383812996361e-05,1.130426243944307,0.3377961711300783,0.9447038288699219,0.9447038288699219
W,1.285,1.255228687462705e-05,1.3381158802344333e-05,1.3381158802344333e-05,1.1315591009319963,0.3391481331360618,0.9458518668639381,0.9458518668639381
W,1.2875,1.2611480633964035e-05,1.345021800477174e-05,1.345021800477174e-05,1.1326972786258211,0.34050240181970026,0.9469975981802998,0.9469975981802998
W,1.29,1.2670877965462215e-05,1.351956229689422e-05,1.351956229689422e-05,1.1338407744460066,0.3418589713447886,0.9481410286552114,0.9481410286552114
W,1.2925,1.273047486337872e-05,1.3589192552717015e-05,1.3589192552717015e-05,1.1349895857058325,0.3432178358401557,0.9492821641598443,0.9492821641598443
W,1.295,1.2790275972558084e-05,1.365910964352662e-05,1.365910964352662e-05,1.136143709612056,0.3445789893999729,0.9504210106000271,0.9504210106000271
W,1.2975,1.285027827117015e-05,1.37293144377806e-05,1.37293144377806e-05,1.137303143265322,0.34594242608406917,0.9515575739159309,0.9515575739159309
W,1.3,1.2910484828574726e-05,1.3799807800995533e-05,1.3799807800995533e-05,1.1384678836605628,0.3473081399182486,0.9526918600817514,0.9526918600817514
W,1.3025,1.2970894609421427e-05,1.3870590595632901e-05,1.3870590595632901e-05,1.139637927687384,0.3486761248946102,0.9538238751053897,0.9538238751053897
W,1.305,1.3031508469794623e-05,1.3941663680983081e-05,1.3941663680983081e-05,1.1408132721304374,0.3500463749718723,0.9549536250281276,0.9549536250281276
W,1.3075,1.309232781863785e-05,1.4013028062184615e-05,1.4013028062184615e-05,1.141993916373388,0.3514188852262905,0.9560811147737097,0.9560811147737097
W,1.31,1.3153350835784778e-05,1.408468710182598e-05,1.408468710182598e-05,1.1431799022951987,0.3527936687820401,0.9572063312179601,0.9572063312179601
W,1.3125,1.3214581842478699e-05,1.415663918512026e-05,1.415663918512026e-05,1.1443711814979005,0.3541707003544433,0.9583292996455568,0.9583292996455568
W,1.315,1.3276017262544609e-05,1.422888516103306e-05,1.422888516103306e-05,1.1455677503751198,0.3555499737738889,0.9594500262261111,0.9594500262261111
W,1.3175000000000001,1.333766062740993e-05,1.4301425874799871e-05,1.4301425874799871e-05,1.1467696052173173,0.3569314828389713,0.9605685171610288,0.9605685171610288
W,1.32,1.3399510883289784e-05,1.4374262167798164e-05,1.4374262167798164e-05,1.1479767422120828,0.3583152213168304,0.9616847786831697,0.9616847786831697
W,1.3225,1.346156812235017e-05,1.4447394877417281e-05,1.4447394877417281e-05,1.1491891574444144,0.35970118294349535,0.9627988170565047,0.9627988170565047
W,1.325,1.3523835314580135e-05,1.452082821025581e-05,1.452082821025581e-05,1.1504069065250238,0.3610893864318114,0.9639106135681886,0.9639106135681886
W,1.3275000000000001,1.3586309644092146e-05,1.4594560339757519e-05,1.4594560339757519e-05,1.1516299378968882,0.36247980544047187,0.9650201945595283,0.9650201945595283
W,1.33,1.3648994511057277e-05,1.4668591592448614e-05,1.4668591592448614e-05,1.1528582384585206,0.36387242987228785,0.9661275701277122,0.9661275701277122
W,1.3325,1.3711888972794e-05,1.474292279234123e-05,1.474292279234123e-05,1.1540918039132466,0.3652672533437109,0.9672327466562891,0.9672327466562891
W,1.335,1.3774992428943972e-05,1.4817554758831807e-05,1.4817554758831807e-05,1.1553306298631247,0.3666642694417591,0.9683357305582407,0.9683357305582407
W,1.3375000000000001,1.3838309133334132e-05,1.4892492958678483e-05,1.4892492958678483e-05,1.156574792575057,0.3680635052422855,0.9694364947577147,0.9694364947577147
W,1.34,1.3901835718545237e-05,1.4967733957833436e-05,1.4967733957833436e-05,1.1578242131311485,0.36946492327637037,0.9705350767236297,0.9705350767236297
W,1.3425,1.3965574086425046e-05,1.504327839072452e-05,1.504327839072452e-05,1.159078883818413,0.37086851578193814,0.9716314842180619,0.9716314842180619
W,1.345,1.4029526126965295e-05,1.5119127061022528e-05,1.5119127061022528e-05,1.160338799862503,0.37227427623288367,0.9727257237671162,0.9727257237671162
W,1.3475,1.4093689707432014e-05,1.5195285079696302e-05,1.5195285079696302e-05,1.1616040301951303,0.3736822284471426,0.9738177715528574,0.9738177715528574
W,1.35,1.4158067408807715e-05,1.527175047743687e-05,1.527175047743687e-05,1.1628745219011842,0.37509234595345176,0.9749076540465483,0.9749076540465483
W,1.3525,1.4222659667427825e-05,1.5348522744593488e-05,1.5348522744593488e-05,1.1641502475765597,0.37650461292377196,0.975995387076228,0.975995387076228
W,1.355,1.428746513220831e-05,1.5425602848514475e-05,1.5425602848514475e-05,1.1654312051453677,0.37791902398015637,0.9770809760198437,0.9770809760198437
W,1.3575,1.4352486590397758e-05,1.5502997662815515e-05,1.5502997662815515e-05,1.1667174921166898,0.37933561437661484,0.9781643856233851,0.9781643856233851
W,1.36,1.4417723965900996e-05,1.5580701951623797e-05,1.5580701951623797e-05,1.16800900092834,0.38075433552157073,0.9792456644784294,0.9792456644784294
W,1.3625,1.448317622077608e-05,1.5658716487402067e-05,1.5658716487402067e-05,1.1693057261617585,0.38217518070379486,0.9803248192962053,0.9803248192962053
W,1.365,1.4548845859719919e-05,1.573704650988228e-05,1.573704650988228e-05,1.1706077369652577,0.38359817345538605,0.9814018265446139,0.9814018265446139
W,1.3675,1.4614733267216287e-05,1.581569118828393e-05,1.581569118828393e-05,1.1719150004109375,0.38502329575710553,0.9824767042428943,0.9824767042428943
W,1.37,1.4680837234117485e-05,1.5894648674277515e-05,1.5894648674277515e-05,1.1732274671436955,0.38645052308030103,0.9835494769196991,0.9835494769196991
W,1.3725,1.4747159477424948e-05,1.597392348160554e-05,1.597392348160554e-05,1.1745451935097642,0.3878798736408965,0.9846201263591036,0.9846201263591036
W,1.375,1.4813701847746418e-05,1.6053516852955383e-05,1.6053516852955383e-05,1.1758681810981966,0.3893113434314106,0.9856886565685895,0.9856886565685895
W,1.3775,1.4880462464165675e-05,1.613342555846379e-05,1.613342555846379e-05,1.1771963581087392,0.3907448990129215,0.9867551009870786,0.9867551009870786
W,1.3800000000000001,1.4947441898587219e-05,1.6213654920650107e-05,1.6213654920650107e-05,1.178529793435467,0.3921805634960665,0.9878194365039337,0.9878194365039337
W,1.3825,1.5014644013232251e-05,1.6294205215585824e-05,1.6294205215585824e-05,1.1798684727016338,0.393618326480696,0.9888816735193041,0.9888816735193041
W,1.385,1.5082066231613307e-05,1.63750733339473e-05,1.63750733339473e-05,1.181212326797833,0.39505815581960485,0.9899418441803952,0.9899418441803952
W,1.3875,1.5149708963755395e-05,1.6456267028059535e-05,1.6456267028059535e-05,1.1825614631018397,0.39650008976122386,0.9909999102387761,0.9909999102387761
W,1.3900000000000001,1.5217574096546611e-05,1.6537782395959233e-05,1.6537782395959233e-05,1.1839157996192369,0.3979440910422881,0.9920559089577119,0.9920559089577119
W,1.3925,1.5285662883657362e-05,1.661961933059263e-05,1.661961933059263e-05,1.1852753164317456,0.39939014726863603,0.993109852731364,0.993109852731364
W,1.395,1.5353973886561246e-05,1.67017858408228e-05,1.67017858408228e-05,1.1866401235860586,0.40083829742063753,0.9941617025793624,0.9941617025793624
W,1.3975,1.5422507683219383e-05,1.67842743408322e-05,1.67842743408322e-05,1.1880100809757936,0.4022884815214544,0.9952115184785456,0.9952115184785456
W,1.4000000000000001,1.549126679167929e-05,1.686709198402448e-05,1.686709198402448e-05,1.189385284520527,0.40374073288475243,0.9962592671152476,0.9962592671152476
W,1.4025,1.5560251051883685e-05,1.6950237208275522e-05,1.6950237208275522e-05,1.1907656907178,0.40519502976988103,0.997304970230119,0.997304970230119
W,1.405,1.562945981643129e-05,1.7033709132415167e-05,1.7033709132415167e-05,1.1921512674360144,0.4066513550552309,0.998348644944769,0.998348644944769
W,1.4075,1.5698893666688388e-05,1.7117514928653552e-05,1.7117514928653552e-05,1.1935421094094187,0.40810974125268107,0.9993902587473188,0.9993902587473188
W,1.41,1.576855486572794e-05,1.7201646767283925e-05,1.7201646767283925e-05,1.1949380751050036,0.4095701284839417,1.0004298715160582,1.0004298715160582
W,1.4125,1.5838443603385517e-05,1.7286115780101367e-05,1.7286115780101367e-05,1.1963393207831925,0.4110325731362676,1.0014674268637325,1.0014674268637325
W,1.415,1.5908559145596524e-05,1.7370913678676447e-05,1.7370913678676447e-05,1.1977456984437744,0.4124970130099827,1.0025029869900175,1.0025029869900175
W,1.4175,1.5978902077049904e-05,1.7456048026046478e-05,1.7456048026046478e-05,1.1991573077750355,0.4139634822968988,1.0035365177031013,1.0035365177031013
W,1.42,1.6049473480679934e-05,1.754151577717354e-05,1.754151577717354e-05,1.2005740831303169,0.41543195096778796,1.004568049032212,1.004568049032212
W,1.4225,1.612027573761444e-05,1.7627319912758396e-05,1.7627319912758396e-05,1.2019960525283333,0.41690242532833255,1.0055975746716677,1.0055975746716677
W,1.425,1.619130711057538e-05,1.7713461287138395e-05,1.7713461287138395e-05,1.2034232108325318,0.41837489880976225,1.0066251011902378,1.0066251011902378
W,1.4275,1.626256818748799e-05,1.7799939666813717e-05,1.7799939666813717e-05,1.2048555363973825,0.41984935854952166,1.0076506414504784,1.0076506414504784
W,1.43,1.6334059557179385e-05,1.7886758411600717e-05,1.7886758411600717e-05,1.2062930624296766,0.4213258127177912,1.0086741872822087,1.0086741872822087
W,1.4325,1.6405782759361102e-05,1.7973915492474512e-05,1.7973915492474512e-05,1.2077357399501718,0.4228042380123489,1.0096957619876512,1.0096957619876512
W,1.435,1.6477739051318473e-05,1.806141532958222e-05,1.806141532958222e-05,1.2091836180147546,0.42428464861099535,1.0107153513890046,1.0107153513890046
W,1.4375,1.6549927372694693e-05,1.8149255568977414e-05,1.8149255568977414e-05,1.2106366429704751,0.42576701950939533,1.0117329804906046,1.0117329804906046
W,1.44,1.662234831544331e-05,1.8237440193331115e-05,1.8237440193331115e-05,1.2120948568962089,0.4272513621535129,1.012748637846487,1.012748637846487
W,1.4425000000000001,1.6695002472396035e-05,1.832596804773104e-05,1.832596804773104e-05,1.2135582244592569,0.4287376585817415,1.0137623414182586,1.0137623414182586
W,1.445,1.6767890437258508e-05,1.8414841125463568e-05,1.8414841125463568e-05,1.2150267575989178,0.4302259087623147,1.0147740912376852,1.0147740912376852
W,1.4475,1.6841015099744948e-05,1.8504061049418936e-05,1.8504061049418936e-05,1.216500462635364,0.4317161105267933,1.0157838894732067,1.0157838894732067
W,1.45,1.6914374757521318e-05,1.859362621600905e-05,1.859362621600905e-05,1.2179792978644723,0.433208243615041,1.016791756384959,1.016791756384959
W,1.4525000000000001,1.698796997133207e-05,1.8683542661005603e-05,1.8683542661005603e-05,1.219463334935496,0.43470233040613415,1.017797669593866,1.017797669593866
W,1.455,1.706180133787237e-05,1.8773803519357233e-05,1.8773803519357233e-05,1.2209524546507242,0.43619832165786243,1.0188016783421376,1.0188016783421376
W,1.4575,1.7135869454685953e-05,1.8864420932642615e-05,1.8864420932642615e-05,1.222446818013442,0.43769627305339387,1.019803726946606,1.019803726946606
W,1.46,1.721017492016056e-05,1.8955384082092852e-05,1.8955384082092852e-05,1.2239462483953012,0.4391961140807062,1.0208038859192938,1.0208038859192938
W,1.4625000000000001,1.728471991610806e-05,1.9046703874472454e-05,1.9046703874472454e-05,1.2254508877385653,0.44069789308213675,1.0218021069178633,1.0218021069178633
W,1.465,1.735950387572969e-05,1.9138374776227978e-05,1.9138374776227978e-05,1.2269606375802702,0.4422015688920555,1.0227984311079446,1.0227984311079446
W,1.4675,1.7434526942875886e-05,1.9230399453326638e-05,1.9230399453326638e-05,1.2284755191935233,0.44370714489375906,1.023792855106241,1.023792855106241
W,1.47,1.750978971877802e-05,1.9322782544539885e-05,1.9322782544539885e-05,1.2299955820304682,0.4452146347989125,1.0247853652010874,1.0247853652010874
W,1.4725,1.7585292805484315e-05,1.9415517256395407e-05,1.9415517256395407e-05,1.231520710605176,0.4467239914837427,1.0257760085162573,1.0257760085162573
W,1.475,1.7661036805854994e-05,1.950861529863025e-05,1.950861529863025e-05,1.2330510557356595,0.4482352658980563,1.026764734101944,1.026764734101944
W,1.4775,1.7737022323557333e-05,1.9602068977309927e-05,1.9602068977309927e-05,1.2345864894811989,0.4497484064765949,1.0277515935234052,1.0277515935234052
W,1.48,1.7813250324042734e-05,1.96958808984921e-05,1.96958808984921e-05,1.2361270318913764,0.45126341609346454,1.0287365839065354,1.0287365839065354
W,1.4825,1.788972232914028e-05,1.9790057963627627e-05,1.9790057963627627e-05,1.237672763622339,0.45278031963434595,1.029719680365654,1.029719680365654
W,1.485,1.796643762226233e-05,1.9884592553321228e-05,1.9884592553321228e-05,1.2392235591696306,0.4542990668037576,1.0307009331962427,1.0307009331962427
W,1.4875,1.8043396809740492e-05,1.9979492008219146e-05,1.9979492008219146e-05,1.2407795051201982,0.4558196845844125,1.0316803154155876,1.0316803154155876
W,1.49,1.8120600498684194e-05,2.0074756744468895e-05,2.0074756744468895e-05,1.242340589837007,0.45734216416566814,1.032657835834332,1.032657835834332
W,1.4925,1.8198049296975428e-05,2.0170382567585926e-05,2.0170382567585926e-05,1.243906737294434,0.4588664735394775,1.0336335264605223,1.0336335264605223
W,1.495,1.8275743813263383e-05,2.026637812021885e-05,2.026637812021885e-05,1.2454780512360255,0.46039264561978127,1.0346073543802188,1.0346073543802188
W,1.4975,1.8353684656959035e-05,2.0362740837871476e-05,2.0362740837871476e-05,1.2470544784720718,0.4619206566603612,1.035579343339639,1.035579343339639
W,1.5,1.8431872438229794e-05,2.045946821035084e-05,2.045946821035084e-05,1.248635967162866,0.46345048356370516,1.0365495164362948,1.0365495164362948
W,1.5025,1.8510307767993925e-05,2.0556568322392244e-05,2.0556568322392244e-05,1.25022261221187,0.46498215580119234,1.0375178441988078,1.0375178441988078
W,1.5050000000000001,1.8588991257915068e-05,2.0654039321200158e-05,2.0654039321200158e-05,1.2518143707127452,0.46651565344241985,1.0384843465575802,1.0384843465575802
W,1.5075,1.866792430549757e-05,2.075187854689654e-05,2.075187854689654e-05,1.2534111891724853,0.4680509529276229,1.039449047072377,1.039449047072377
W,1.51,1.8747107003413642e-05,2.085009156819897e-05,2.085009156819897e-05,1.2550131270942324,0.46958807092067706,1.0404119290793228,1.0404119290793228
W,1.5125,1.8826539649605783e-05,2.0948681131557725e-05,2.0948681131557725e-05,1.2566202048137112,0.47112701004181495,1.041372989958185,1.041372989958185
W,1.5150000000000001,1.8906222858103748e-05,2.1047642496335686e-05,2.1047642496335686e-05,1.2582323407856533,0.47266773690395214,1.042332263096048,1.042332263096048
W,1.5175,1.8986157243649986e-05,2.114697688489542e-05,2.114697688489542e-05,1.2598495350814096,0.4742102471034487,1.0432897528965515,1.0432897528965515
W,1.52,1.9066343421693616e-05,2.1246695043845973e-05,2.1246695043845973e-05,1.261471916068452,0.4757545812447266,1.0442454187552737,1.0442454187552737
W,1.5225,1.9146782008384507e-05,2.1346788809369343e-05,2.1346788809369343e-05,1.2630993564966408,0.4773006900371595,1.0451993099628403,1.0451993099628403
W,1.5250000000000001,1.9227473620567218e-05,2.1447259176480197e-05,2.1447259176480197e-05,1.264731853275718,0.47884856795920566,1.0461514320407943,1.0461514320407943
W,1.5275,1.9308418875774865e-05,2.154810964775535e-05,2.154810964775535e-05,1.2663694367710836,0.48039822114365127,1.0471017788563488,1.0471017788563488
W,1.53,1.938961839222301e-05,2.1649346044959837e-05,2.1649346044959837e-05,1.2680121677911982,0.4819496661935268,1.048050333806473,1.048050333806473
W,1.5325,1.9471072788803424e-05,2.1750962619980682e-05,2.1750962619980682e-05,1.269659952975383,0.4835028660921596,1.0489971339078406,1.0489971339078406
W,1.5350000000000001,1.9552782685077782e-05,2.185296060105383e-05,2.185296060105383e-05,1.2713127922711842,0.4850578163790027,1.0499421836209974,1.0499421836209974
W,1.5375,1.963474870127131e-05,2.1955342545876005e-05,2.1955342545876005e-05,1.2729707030984228,0.48661451861103466,1.0508854813889656,1.0508854813889656
W,1.54,1.9716971458266446e-05,2.205811551864015e-05,2.205811551864015e-05,1.2746337617869121,0.4881729945342942,1.0518270054657057,1.0518270054657057
W,1.5425,1.9799451577596265e-05,2.2161273471501e-05,2.2161273471501e-05,1.2763018721277013,0.4897332064745976,1.0527667935254024,1.0527667935254024
W,1.545,1.9882189681438068e-05,2.2264817635160778e-05,2.2264817635160778e-05,1.2779750339985843,0.49129514994240553,1.0537048500575943,1.0537048500575943
W,1.5475,1.99651863926067e-05,2.236874924141352e-05,2.236874924141352e-05,1.2796532472634305,0.49285882044130236,1.0546411795586978,1.0546411795586978
W,1.55,2.0048442334547878e-05,2.2473073988098468e-05,2.2473073988098468e-05,1.2813365696165164,0.4944242331433717,1.0555757668566286,1.0555757668566286
W,1.5525,2.013195813133155e-05,2.2577791828922693e-05,2.2577791828922693e-05,1.2830249838363423,0.495991377606596,1.056508622393404,1.056508622393404
W,1.555,2.0215734407645072e-05,2.268290068127639e-05,2.268290068127639e-05,1.284718446655891,0.4975602346279732,1.0574397653720267,1.0574397653720267
W,1.5575,2.029977178878632e-05,2.2788401778266648e-05,2.2788401778266648e-05,1.286416957867763,0.4991307996852012,1.0583692003147989,1.0583692003147989
W,1.56,2.0384070900656802e-05,2.2894296353836106e-05,2.2894296353836106e-05,1.2881205172503305,0.5007030682498315,1.0592969317501686,1.0592969317501686
W,1.5625,2.0468632369754713e-05,2.3000587621395045e-05,2.3000587621395045e-05,1.2898291497923677,0.502277044254915,1.0602229557450848,1.0602229557450848
W,1.565,2.0553456823167823e-05,2.310727958521358e-05,2.310727958521358e-05,1.2915428902068382,0.503852734803764,1.061147265196236,1.061147265196236
W,1.5675000000000001,2.06385448885664e-05,2.321436858607228e-05,2.321436858607228e-05,1.2932616756526,0.5054301142976609,1.0620698857023392,1.0620698857023392
W,1.57,2.0723897194196027e-05,2.332185585797036e-05,2.332185585797036e-05,1.2949855058345054,0.5070091781853514,1.0629908218146489,1.0629908218146489
W,1.5725,2.0809514368870346e-05,2.3429742635462594e-05,2.3429742635462594e-05,1.296714380442698,0.5085899219101607,1.0639100780898392,1.0639100780898392
W,1.575,2.0895397041963745e-05,2.3538030153607456e-05,2.3538030153607456e-05,1.2984482991525246,0.5101723409101321,1.064827659089868,1.064827659089868
W,1.5775000000000001,2.0981545843403982e-05,2.3646719647914448e-05,2.3646719647914448e-05,1.3001872616244363,0.5117564306181623,1.0657435693818378,1.0657435693818378
W,1.58,2.1067961403664704e-05,2.375581699850873e-05,2.375581699850873e-05,1.3019313254159754,0.5133422055437984,1.0666577944562017,1.0666577944562017
W,1.5825,2.1154644353757997e-05,2.3865319534612046e-05,2.3865319534612046e-05,1.303680441062445,0.5149296448277042,1.067570355172296,1.067570355172296
W,1.585,2.1241595325226682e-05,2.3975227585213014e-05,2.3975227585213014e-05,1.305434596849168,0.5165187401516155,1.0684812598483844,1.0684812598483844
W,1.5875000000000001,2.1328814950136786e-05,2.4085542383999483e-05,2.4085542383999483e-05,1.3071937923589045,0.5181094869298308,1.0693905130701693,1.0693905130701693
W,1.59,2.141630386106972e-05,2.4196265164794944e-05,2.4196265164794944e-05,1.3089580271587962,0.5197018805722163,1.0702981194277839,1.0702981194277839
W,1.5925,2.1504062691114482e-05,2.4307397161500176e-05,2.4307397161500176e-05,1.310727300800232,0.5212959164843437,1.0712040835156564,1.0712040835156564
W,1.595,2.1592092073859868e-05,2.441893960803369e-05,2.441893960803369e-05,1.312501612818704,0.522891590067624,1.072108409932376,1.072108409932376
W,1.5975000000000001,2.1680392643386425e-05,2.453089373827141e-05,2.453089373827141e-05,1.3142809627336582,0.524488896719443,1.0730111032805572,1.0730111032805572
W,1.6,2.17689650342585e-05,2.4643260785985164e-05,2.4643260785985164e-05,1.3160653500483384,0.5260878318332957,1.0739121681667043,1.0739121681667043
W,1.6025,2.185781028693148e-05,2.4756044976742147e-05,2.4756044976742147e-05,1.3178548105272827,0.5276884024629446,1.0748115975370556,1.0748115975370556
W,1.605,2.1946929554192733e-05,2.4869245024297715e-05,2.4869245024297715e-05,1.3196493128561104,0.5292905940294408,1.0757094059705594,1.0757094059705594
W,1.6075,2.2036322624908716e-05,2.4982861487619542e-05,2.4982861487619542e-05,1.3214488483135252,0.5308943992867593,1.0766056007132405,1.0766056007132405
W,1.61,2.2125990136229075e-05,2.5096895595963108e-05,2.5096895595963108e-05,1.3232534163177272,0.5324998136150595,1.0775001863849407,1.0775001863849407
W,1.6125,2.2215932725751185e-05,2.5211348578115045e-05,2.5211348578115045e-05,1.3250630162696655,0.534106832391305,1.078393167608695,1.078393167608695
W,1.615,2.230615103151169e-05,2.532622166232525e-05,2.532622166232525e-05,1.3268776475528408,0.5357154509893987,1.0792845490106013,1.0792845490106013
W,1.6175,2.2396645691978025e-05,2.544151607623788e-05,2.544151607623788e-05,1.328697309533099,0.5373256647803136,1.0801743352196864,1.0801743352196864
W,1.62,2.248741734603984e-05,2.555723304682132e-05,2.555723304682132e-05,1.3305220015584212,0.5389374691322237,1.0810625308677764,1.0810625308677764
W,1.6225,2.257846663300032e-05,2.5673373800297027e-05,2.5673373800297027e-05,1.332351722958703,0.5405508594106351,1.0819491405893649,1.0819491405893649
W,1.625,2.2669794192567484e-05,2.5789939562067257e-05,2.5789939562067257e-05,1.3341864730455304,0.5421658309785167,1.0828341690214833,1.0828341690214833
W,1.6275,2.2761400664845358e-05,2.5906931556641805e-05,2.5906931556641805e-05,1.3360262511119472,0.5437823791964301,1.08371762080357,1.08371762080357
W,1.6300000000000001,2.285328741384675e-05,2.6024351007563452e-05,2.6024351007563452e-05,1.337871056432215,0.5454004994226594,1.0845995005773408,1.0845995005773408
W,1.6325,2.2945455752407135e-05,2.614219913733235e-05,2.614219913733235e-05,1.3397208882615665,0.5470201870133399,1.0854798129866603,1.0854798129866603
W,1.635,2.303790500979154e-05,2.6260477167329276e-05,2.6260477167329276e-05,1.3415757458359547,0.5486414373225871,1.0863585626774128,1.0863585626774128
W,1.6375,2.3130635828385806e-05,2.6379186317737734e-05,2.6379186317737734e-05,1.3434356283717885,0.5502642457026253,1.0872357542973747,1.0872357542973747
W,1.6400000000000001,2.3223648850932044e-05,2.649832780746475e-05,2.649832780746475e-05,1.3453005350656673,0.5518886075039148,1.0881113924960855,1.0881113924960855
W,1.6425,2.331694472051934e-05,2.66179028540606e-05,2.66179028540606e-05,1.3471704650941068,0.5535145180752784,1.0889854819247218,1.0889854819247218
W,1.645,2.3410524080574454e-05,2.673791267363731e-05,2.673791267363731e-05,1.3490454176132547,0.55514197276403,1.08985802723597,1.08985802723597
W,1.6475,2.3504387574852383e-05,2.6858358480785884e-05,2.6858358480785884e-05,1.3509253917586055,0.5567709669161,1.0907290330839001,1.0907290330839001
W,1.6500000000000001,2.3598536705795207e-05,2.6979241488492306e-05,2.6979241488492306e-05,1.3528103866446999,0.5584014958761603,1.0915985041238399,1.0915985041238399
W,1.6525,2.369297312556456e-05,2.7100562908052285e-05,2.7100562908052285e-05,1.354700401364824,0.5600335549877505,1.0924664450122494,1.0924664450122494
W,1.655,2.378769570223102e-05,2.722232394898479e-05,2.722232394898479e-05,1.3565954349906975,0.561667139593403,1.093332860406597,1.093332860406597
W,1.6575,2.388270508159633e-05,2.734452581894419e-05,2.734452581894419e-05,1.358495486572155,0.5633022450347654,1.0941977549652344,1.0941977549652344
W,1.6600000000000001,2.3978001909747913e-05,2.746716972363124e-05,2.746716972363124e-05,1.3604005551368223,0.5649388666527271,1.095061133347273,1.095061133347273
W,1.6625,2.40735868330489e-05,2.7590256866702552e-05,2.7590256866702552e-05,1.3623106396897815,0.5665769997875391,1.095923000212461,1.095923000212461
W,1.665,2.4169460498128316e-05,2.7713788449678925e-05,2.7713788449678925e-05,1.3642257392132298,0.5682166397789397,1.0967833602210604,1.0967833602210604
W,1.6675,2.426562562527768e-05,2.7837765671852243e-05,2.7837765671852243e-05,1.366145852666135,0.5698577819662743,1.0976422180337257,1.0976422180337257
W,1.67,2.436208199582945e-05,2.7962189730190988e-05,2.7962189730190988e-05,1.3680709789838763,0.5715004216886185,1.0984995783113813,1.0984995783113813
W,1.6725,2.4458829144555195e-05,2.8087061819244447e-05,2.8087061819244447e-05,1.3700011170778845,0.5731445542848983,1.0993554457151018,1.0993554457151018
W,1.675,2.4555867719913478e-05,2.8212383131045366e-05,2.8212383131045366e-05,1.3719362658352683,0.5747901750940106,1.1002098249059895,1.1002098249059895
W,1.6775,2.4653198370583526e-05,2.8338154855011445e-05,2.8338154855011445e-05,1.3738764241184394,0.5764372794549428,1.1010627205450572,1.1010627205450572
W,1.68,2.4750821745454823e-05,2.8464378640139232e-05,2.8464378640139232e-05,1.3758215958768858,0.5780858642119744,1.1019141357880256,1.1019141357880256
W,1.6825,2.484874143472592e-05,2.859105935801037e-05,2.859105935801037e-05,1.3777718205372316,0.5797359366124722,1.102764063387528,1.102764063387528
W,1.685,2.494695597928339e-05,2.8718194371204538e-05,2.8718194371204538e-05,1.3797270545058047,0.5813874794727637,1.1036125205272365,1.1036125205272365
W,1.6875,2.5045465295714577e-05,2.8845784862715166e-05,2.8845784862715166e-05,1.3816872965672764,0.5830404881316681,1.104459511868332,1.104459511868332
W,1.69,2.5144270034544694e-05,2.897383201246623e-05,2.897383201246623e-05,1.3836525454798614,0.5846949579286621,1.1053050420713377,1.1053050420713377
W,1.6925000000000001,2.524337084646178e-05,2.9102336997205562e-05,2.9102336997205562e-05,1.3856227999748982,0.5863508842039964,1.1061491157960037,1.1061491157960037
W,1.695,2.5342770522113052e-05,2.9231300990396397e-05,2.9231300990396397e-05,1.3875980587564172,0.5880082622988112,1.1069917377011889,1.1069917377011889
W,1.6975,2.5442469622452645e-05,2.9360725162107517e-05,2.9360725162107517e-05,1.3895783205007046,0.5896670875552521,1.107832912444748,1.107832912444748
W,1.7,2.5542466852753742e-05,2.9490610678901812e-05,2.9490610678901812e-05,1.391563583855855,0.5913273553165849,1.1086726446834148,1.1086726446834148
W,1.7025000000000001,2.564276286517457e-05,2.962095870372329e-05,2.962095870372329e-05,1.3935538474413214,0.5929890609273095,1.1095109390726907,1.1095109390726907
W,1.705,2.574335831198687e-05,2.975177568698267e-05,2.975177568698267e-05,1.3955491667255802,0.5946522159897799,1.1103477840102203,1.1103477840102203
W,1.7075,2.5844256877181956e-05,2.9883059983140527e-05,2.9883059983140527e-05,1.3975495097517776,0.5963168070039583,1.1111831929960418,1.1111831929960418
W,1.71,2.5945457773900187e-05,3.0014810634919743e-05,3.0014810634919743e-05,1.3995548522840064,0.5979828227817002,1.1120171772182996,1.1120171772182996
W,1.7125000000000001,2.604696017056233e-05,3.0147028795285093e-05,3.0147028795285093e-05,1.4015651928499295,0.5996502586716231,1.1128497413283769,1.1128497413283769
W,1.715,2.6148764720737774e-05,3.0279715613060253e-05,3.0279715613060253e-05,1.403580529946452,0.6013191100241172,1.1136808899758828,1.1136808899758828
W,1.7175,2.6250872812621773e-05,3.041287223280579e-05,3.041287223280579e-05,1.4056008620392255,0.6029893721914564,1.1145106278085435,1.1145106278085435
W,1.72,2.6353288596627536e-05,3.054649979469517e-05,3.054649979469517e-05,1.4076261875621372,0.6046610405279081,1.115338959472092,1.115338959472092
W,1.7225000000000001,2.6456008606731998e-05,3.068060805622254e-05,3.068060805622254e-05,1.409656595817912,0.6063341358291998,1.1161658641708003,1.1161658641708003
W,1.725,2.65590334976637e-05,3.081519107516238e-05,3.081519107516238e-05,1.4116920100276822,0.6080086322465265,1.1169913677534737,1.1169913677534737
W,1.7275,2.6662363924172136e-05,3.0950248848351085e-05,3.0950248848351085e-05,1.4137324165499068,0.6096845217679898,1.1178154782320104,1.1178154782320104
W,1.73,2.6766005339285167e-05,3.1085782503254594e-05,3.1085782503254594e-05,1.4157778137155272,0.611361799754821,1.118638200245179,1.118638200245179
W,1.7325,2.686995423591321e-05,3.122179316237843e-05,3.122179316237843e-05,1.4178281998213549,0.6130404615707644,1.1194595384292354,1.1194595384292354
W,1.735,2.6974210748393244e-05,3.135828449151532e-05,3.135828449151532e-05,1.41988359963701,0.6147205098897672,1.1202794901102329,1.1202794901102329
W,1.7375,2.707877553244818e-05,3.149526441431133e-05,3.149526441431133e-05,1.421944081806742,0.6164019593592442,1.1210980406407558,1.1210980406407558
W,1.74,2.7183654234600804e-05,3.163272512454131e-05,3.163272512454131e-05,1.4240095515065279,0.6180847796148192,1.1219152203851808,1.1219152203851808
W,1.7425,2.72888433330718e-05,3.1770667729963975e-05,3.1770667729963975e-05,1.4260800069217467,0.619768966029145,1.122731033970855,1.122731033970855
W,1.745,2.7394342789632195e-05,3.190909333276651e-05,3.190909333276651e-05,1.4281554462011021,0.6214545139778908,1.1235454860221095,1.1235454860221095
W,1.7475,2.7500153517666733e-05,3.2048006574323526e-05,3.2048006574323526e-05,1.4302359038365022,0.623141428717057,1.1243585712829431,1.1243585712829431
W,1.75,2.7606281724139388e-05,3.218741522612043e-05,3.218741522612043e-05,1.4323214459557336,0.6248297239463277,1.1251702760536724,1.1251702760536724
W,1.7525,2.7712722380308086e-05,3.232731062299137e-05,3.232731062299137e-05,1.4344119702086133,0.626519367695743,1.125980632304257,1.125980632304257
W,1.7550000000000001,2.7819476143501304e-05,3.246769385019825e-05,3.246769385019825e-05,1.4365074746232536,0.6282103553517705,1.1267896446482295,1.1267896446482295
W,1.7575,2.792654604828897e-05,3.2608565986779806e-05,3.2608565986779806e-05,1.4386079571883523,0.629902682304383,1.127597317695617,1.127597317695617
W,1.76,2.803393445254288e-05,3.2749940277797404e-05,3.2749940277797404e-05,1.440713539113771,0.6315963768963999,1.1284036231035999,1.1284036231035999
W,1.7625,2.8141638061034927e-05,3.289180920955399e-05,3.289180920955399e-05,1.442824130617462,0.6332914108314425,1.1292085891685575,1.1292085891685575
W,1.7650000000000001,2.824965753165178e-05,3.3034170755763346e-05,3.3034170755763346e-05,1.444939698190634,0.6349877710841202,1.13001222891588,1.13001222891588
W,1.7675,2.83579992337191e-05,3.317702597621348e-05,3.317702597621348e-05,1.4470602396915484,0.6366854530570375,1.1308145469429627,1.1308145469429627
W,1.77,2.8466659261545635e-05,3.332038758215943e-05,3.332038758215943e-05,1.4491858697620763,0.6383844830015436,1.1316155169984563,1.1316155169984563
W,1.7725,2.8575637253929533e-05,3.346425066940098e-05,3.346425066940098e-05,1.451316525723815,0.6400848401075991,1.1324151598924008,1.1324151598924008
W,1.7750000000000001,2.868493702949107e-05,3.3608611099997564e-05,3.3608611099997564e-05,1.4534521532455602,0.6417865059865978,1.1332134940134022,1.1332134940134022
W,1.7775,2.879456007095559e-05,3.37534699125754e-05,3.37534699125754e-05,1.4555927500469996,0.6434894760551871,1.134010523944813,1.134010523944813
W,1.78,2.8904503183759555e-05,3.389884420102629e-05,3.389884420102629e-05,1.4577384730930145,0.6451937872667644,1.1348062127332357,1.1348062127332357
W,1.7825,2.9014768222707996e-05,3.404472191920329e-05,3.404472191920329e-05,1.4598891894176023,0.6468994006846013,1.1356005993153988,1.1356005993153988
W,1.7850000000000001,2.9125360891903723e-05,3.419110164770529e-05,3.419110164770529e-05,1.4620448723466495,0.6486063053802948,1.1363936946197053,1.1363936946197053
W,1.7875,2.9236275743364715e-05,3.433798983134712e-05,3.433798983134712e-05,1.4642055728883725,0.6503145105906891,1.137185489409311,1.137185489409311
W,1.79,2.9347513436223406e-05,3.4485396877623735e-05,3.4485396877623735e-05,1.466371380369008,0.6520240352428044,1.1379759647571954,1.1379759647571954
W,1.7925,2.9459082202621595e-05,3.463330953348874e-05,3.463330953348874e-05,1.4685421515564623,0.6537348382886126,1.1387651617113874,1.1387651617113874
W,1.795,2.9570975430063934e-05,3.478172879764071e-05,3.478172879764071e-05,1.470717883916258,0.6554469151719836,1.1395530848280166,1.1395530848280166
W,1.7975,2.9683193614055764e-05,3.493067440546756e-05,3.493067440546756e-05,1.4728987574519223,0.6571603079121324,1.1403396920878677,1.1403396920878677
W,1.8,2.9795744555774526e-05,3.508013195428292e-05,3.508013195428292e-05,1.475084618560291,0.658874973101542,1.141125026898458,1.141125026898458
W,1.8025,2.9908622815099724e-05,3.5230099661047386e-05,3.5230099661047386e-05,1.4772754375975656,0.6605908992864715,1.1419091007135282,1.1419091007135282
W,1.805,3.0021828149752146e-05,3.53805929037802e-05,3.53805929037802e-05,1.4794713511386037,0.6623081171185674,1.1426918828814328,1.1426918828814328
W,1.8075,3.013536857726719e-05,3.5531607258638254e-05,3.5531607258638254e-05,1.481672303332539,0.664026608321159,1.143473391678841,1.143473391678841
W,1.81,3.0249238542429822e-05,3.568313528546291e-05,3.568313528546291e-05,1.4838782099609258,0.6657463477095249,1.1442536522904752,1.1442536522904752
W,1.8125,3.0363437705099857e-05,3.583519072819073e-05,3.583519072819073e-05,1.4860891909474987,0.6674673614787519,1.145032638521248,1.145032638521248
W,1.815,3.047797496501313e-05,3.598777374277533e-05,3.598777374277533e-05,1.4883052348630086,0.6691896426457115,1.1458103573542886,1.1458103573542886
W,1.8175000000000001,3.0592843327482765e-05,3.614087390479219e-05,3.614087390479219e-05,1.4905262294547863,0.6709131592229354,1.1465868407770647,1.1465868407770647
W,1.82,3.0708043810940815e-05,3.629450617196214e-05,3.629450617196214e-05,1.4927523053660536,0.672637939815303,1.1473620601846972,1.1473620601846972
W,1.8225,3.082358448766755e-05,3.644866963335611e-05,3.644866963335611e-05,1.494983441078461,0.6743639749848243,1.1481360250151758,1.1481360250151758
W,1.825,3.0939457955876085e-05,3.660335367607773e-05,3.660335367607773e-05,1.4972195234320427,0.6760912328252365,1.1489087671747633,1.1489087671747633
W,1.8275000000000001,3.105566760720082e-05,3.675857744832132e-05,3.675857744832132e-05,1.499460721770216,0.6778197511718348,1.1496802488281652,1.1496802488281652
W,1.83,3.11722179833225e-05,3.691433306952602e-05,0.0007661935483870968,1.5017069487608579,0.6795495044744165,1.1504504955255836,1.1504504955255836
W,1.8325,3.1289103282097045e-05,3.70706126612501e-05,0.0007678064516129032,1.5039581180670007,0.6812804677465127,1.1512195322534875,1.1512195322534875
W,1.835,3.14063295445604e-05,3.7227442672045465e-05,0.0007694193548387095,1.506214466340587,0.6830126948276887,1.1519873051723113,1.1519873051723113
W,1.8375000000000001,3.152389635816403e-05,3.738480208420281e-05,0.0007710322580645162,1.5084757834622298,0.6847461304913217,1.1527538695086785,1.1527538695086785
W,1.84,3.1641800228144705e-05,3.754269484971591e-05,0.0007726451612903225,1.510742094696967,0.6864807770994259,1.1535192229005742,1.1535192229005742
W,1.8425,3.176005058045206e-05,3.770113984027957e-05,0.000774258064516129,1.5130135639751818,0.6882166703123691,1.154283329687631,1.154283329687631
W,1.845,3.187864058509023e-05,3.786011458458688e-05,0.0007758709677419354,1.5152899694161408,0.6899537526676146,1.1550462473323853,1.1550462473323853
W,1.8475000000000001,3.1997572445655553e-05,3.801963830893848e-05,0.000777483870967742,1.5175714779805392,0.691692060483287,1.155807939516713,1.155807939516713
W,1.85,3.211685173820574e-05,3.81797068125599e-05,0.0007790967741935484,1.5198580381987472,0.6934315774196819,1.1565684225803181,1.1565684225803181
W,1.8525,3.223647170228998e-05,3.8340309886021787e-05,0.0007807096774193549,1.5221495437881776,0.6951722743154555,1.1573277256845447,1.1573277256845447
W,1.855,3.235644021137589e-05,3.850147788058019e-05,0.0007823225806451612,1.5244462628199544,0.6969142110556676,1.1580857889443323,1.1580857889443323
W,1.8575,3.2476754105602696e-05,3.8663181290017014e-05,0.0007839354838709676,1.526747911068597,0.698657316221576,1.1588426837784238,1.1588426837784238
W,1.86,3.259741254792978e-05,3.8825440190974175e-05,0.0007855483870967742,1.5290546614054759,0.7004016269521911,1.1595983730478092,1.1595983730478092
W,1.8625,3.2718423542866165e-05,3.8988251198152916e-05,0.0007871612903225806,1.531366470471464,0.7021471290647273,1.1603528709352728,1.1603528709352728
W,1.865,3.283977883338848e-05,3.9151606158272175e-05,0.0007887741935483871,1.5336832519957433,0.7038937985273943,1.1611062014726057,1.1611062014726057
W,1.8675,3.2961486584159336e-05,3.931553046048169e-05,0.0007903870967741934,1.5360052255740064,0.7056416828794955,1.1618583171205046,1.1618583171205046
W,1.87,3.308354363909209e-05,3.947999570187858e-05,0.0007920000000000001,1.5383321205656382,0.7073907150588763,1.1626092849411238,1.1626092849411238
W,1.8725,3.320594981875425e-05,3.964503149061388e-05,0.0007936129032258064,1.540664194197141,0.7091409511550408,1.163359048844959,1.163359048844959
W,1.875,3.3328711825424976e-05,3.98106180458185e-05,0.0007952258064516128,1.543001255025208,0.710892342835966,1.164107657164034,1.164107657164034
W,1.8775,3.345182175954882e-05,3.997676670986466e-05,0.0007968387096774193,1.5453433940546228,0.7126449074256948,1.164855092574305,1.164855092574305
W,1.8800000000000001,3.357529000794314e-05,4.014348023330672e-05,0.0007984516129032258,1.547690624033772,0.7143986439765528,1.1656013560234473,1.1656013560234473
W,1.8825,3.369910957800203e-05,4.031074854550641e-05,0.0008000645161290323,1.5500428427444723,0.7161535252723505,1.1663464747276493,1.1663464747276493
W,1.885,3.382328482112848e-05,4.047859467679643e-05,0.0008016774193548387,1.5524002450479168,0.7179095920915619,1.167090407908438,1.167090407908438
W,1.8875,3.3947817230632184e-05,4.0646989428971646e-05,0.000803290322580645,1.5547625577401825,0.7196667783238373,1.1678332216761627,1.1678332216761627
W,1.8900000000000001,3.4072702918289596e-05,4.081597379160969e-05,0.0008049032258064516,1.5571301353937488,0.7214251608406081,1.168574839159392,1.168574839159392
W,1.8925,3.419795137771293e-05,4.098550899684746e-05,0.000806516129032258,1.559502620408746,0.723184654712595,1.1693153452874052,1.1693153452874052
W,1.895,3.432355289635008e-05,4.115562999405728e-05,0.0008081290322580645,1.561880312257751,0.7249453239333384,1.1700546760666615,1.1700546760666615
W,1.8975,3.444951869816029e-05,4.132631127003322e-05,0.0008097419354838709,1.5642629726308062,0.7267071109938988,1.170792889006101,1.170792889006101
W,1.9000000000000001,3.457584097900452e-05,4.149757569950705e-05,0.0008113548387096775,1.5666507926774365,0.7284700551307557,1.1715299448692444,1.1715299448692444
W,1.9025,3.4702525889427126e-05,4.1669408610593756e-05,0.0008129677419354839,1.5690436309803277,0.7302341208933176,1.1722658791066827,1.1722658791066827
W,1.905,3.4829572158300517e-05,4.1841823320398336e-05,0.0008145806451612902,1.571441593531766,0.7319993282465207,1.1730006717534796,1.1730006717534796
W,1.9075,3.4956979667395006e-05,4.201481340981366e-05,0.0008161935483870967,1.5738446121659808,0.7337656582578869,1.1737343417421129,1.1737343417421129
W,1.9100000000000001,3.508475315676845e-05,4.218838526420306e-05,0.0008178064516129032,1.57625273153136,0.7355331171482377,1.1744668828517626,1.1744668828517626
W,1.9125,3.521288676626382e-05,4.236253805256041e-05,0.0008194193548387097,1.5786659327215171,0.7373016969892906,1.1751983030107094,1.1751983030107094
W,1.915,3.5341390715168504e-05,4.253727393133079e-05,0.0008210322580645161,1.581084223208473,0.7390713957587183,1.1759286042412818,1.1759286042412818
W,1.9175,3.54702543675929e-05,4.2712594915153565e-05,0.0008226451612903226,1.583507608995605,0.7408422110451122,1.176657788954888,1.176657788954888
W,1.92,3.559949159237599e-05,4.2888501712977614e-05,0.0008242580645161289,1.5859360849067523,0.7426141380572289,1.177385861942771,1.177385861942771
W,1.9225,3.572909045058368e-05,4.3064996363176765e-05,0.0008258709677419354,1.5883696571414565,0.7443871744400695,1.1781128255599305,1.1781128255599305
W,1.925,3.5859062565264015e-05,4.324208098891716e-05,0.0008274838709677419,1.5908083327707667,0.7461613180807155,1.1788386819192846,1.1788386819192846
W,1.9275,3.598939988249579e-05,4.3419754749231164e-05,0.0008290967741935483,1.5932520931062049,0.747936561247231,1.179563438752769,1.179563438752769
W,1.93,3.6120110428583656e-05,4.3598024125232667e-05,0.0008307096774193548,1.5957009827352961,0.7497129099250112,1.1802870900749889,1.1802870900749889
W,1.9325,3.6251189464297565e-05,4.377688241062929e-05,0.0008323225806451613,1.5981549326200668,0.7514903455992112,1.1810096544007886,1.1810096544007886
W,1.935,3.638264199484143e-05,4.395634347198904e-05,0.0008339354838709678,1.6006140505144109,0.7532688877460246,1.1817311122539753,1.1817311122539753
W,1.9375,3.6514466014616554e-05,4.413639166702774e-05,0.0008355483870967741,1.6030781911852616,0.7550485016893477,1.1824514983106524,1.1824514983106524
W,1.94,3.664666409417399e-05,4.4317051360843255e-05,0.0008371612903225805,1.60554755159029,0.7568292257609086,1.1831707742390913,1.1831707742390913
W,1.9425000000000001,3.677923636961287e-05,4.449829481799795e-05,0.0008387741935483871,1.608021884064701,0.7586110037728582,1.1838889962271422,1.1838889962271422
W,1.945,3.691218357422031e-05,4.468016010259232e-05,0.0008403870967741935,1.6105015012018293,0.7603938982492092,1.184606101750791,1.184606101750791
W,1.9475,3.704550738284936e-05,4.486260798882871e-05,0.000842,1.6129860588320082,0.7621778330009431,1.185322166999057,1.185322166999057
W,1.95,3.7179207299990986e-05,4.504568198465692e-05,0.0008436129032258064,1.6154759143329906,0.7639628795539966,1.1860371204460034,1.1860371204460034
W,1.9525000000000001,3.731328592515934e-05,4.52293460522949e-05,0.000845225806451613,1.6179707518829631,0.7657489681281056,1.1867510318718948,1.1867510318718948
W,1.955,3.74477421537348e-05,4.541362926850011e-05,0.0008468387096774193,1.6204708057009247,0.7675361440829761,1.1874638559170239,1.1874638559170239
W,1.9575,3.758257888451127e-05,4.5598516507720986e-05,0.0008484516129032257,1.6229759373482997,0.7693243750196969,1.188175624980303,1.188175624980303
W,1.96,3.7717795034802395e-05,4.5784014186978856e-05,0.0008500645161290322,1.6254861897438433,0.7711136663095809,1.1888863336904192,1.1888863336904192
W,1.9625000000000001,3.7853393165870735e-05,4.5970131596467707e-05,0.0008516774193548387,1.6280016296282291,0.7729040281751849,1.1895959718248152,1.1895959718248152
W,1.965,3.798937285950732e-05,4.6156848941627835e-05,0.0008532903225806452,1.630522080608649,0.7746954207740444,1.1903045792259557,1.1903045792259557
W,1.9675,3.81257356910596e-05,4.634420352769332e-05,0.0008549032258064516,1.6330478428272606,0.7764879021613141,1.191012097838686,1.191012097838686
W,1.97,3.826248256098382e-05,4.6532157083537016e-05,0.000856516129032258,1.6355785866051364,0.778281401317361,1.191718598682639,1.191718598682639
W,1.9725000000000001,3.8399613398612105e-05,4.6720744475542384e-05,0.0008581290322580645,1.6381145907414878,0.7800759716131545,1.1924240283868457,1.1924240283868457
W,1.975,3.8537131089042244e-05,4.6909945896346466e-05,0.0008597419354838709,1.640655679972405,0.7818715738689986,1.1931284261310016,1.1931284261310016
W,1.9775,3.867503324362822e-05,4.70997665762628e-05,0.0008613548387096774,1.6432018868456213,0.7836682112351272,1.1938317887648728,1.1938317887648728
W,1.98,3.88133254100209e-05,4.7290222891508476e-05,0.0008629677419354838,1.6457533355382874,0.7854659052489344,1.1945340947510654,1.1945340947510654
W,1.9825000000000002,3.895200219762389e-05,4.748128736851841e-05,0.0008645806451612904,1.6483097889773979,0.7872646047510865,1.1952353952489136,1.1952353952489136
W,1.985,3.909107250663544e-05,4.7673000168949784e-05,0.0008661935483870968,1.6508715663850966,0.7890643702600476,1.1959356297399526,1.1959356297399526
W,1.9875,3.9230527248378165e-05,4.786533027838674e-05,0.0008678064516129032,1.6534384023390727,0.7908651451913872,1.1966348548086128,1.1966348548086128
W,1.99,3.937037937782484e-05,4.805828978371852e-05,0.0008694193548387096,1.656010385242247,0.792666943777008,1.197333056222992,1.197333056222992
W,1.9925,3.951061624416611e-05,4.8251892573108465e-05,0.000871032258064516,1.658587617605302,0.7944697828637788,1.1980302171362212,1.1980302171362212
W,1.995,3.965125303859459e-05,4.8446112792256875e-05,0.0008726451612903226,1.6611698780073845,0.7962736152230052,1.198726384776995,1.198726384776995
W,1.9975,3.9792277292431226e-05,4.864098626191041e-05,0.000874258064516129,1.6637574470694836,0.7980784927448534,1.1994215072551468,1.1994215072551468
W,2.0,3.9933700519856544e-05,4.8836489941714164e-05,0.0008758709677419355,1.6663501268322045,0.7998843730276406,1.2001156269723594,1.2001156269723594
W,2.0025,4.007551586778169e-05,4.903262330173117e-05,0.0008774838709677418,1.6689479026391298,0.8016912498853265,1.2008087501146736,1.2008087501146736
W,2.005,4.0217728868266054e-05,4.922941750226667e-05,0.0008790967741935482,1.6715510155148574,0.8034991668885771,1.2015008331114228,1.2015008331114228
W,2.0075,4.036033902789894e-05,4.942683847284314e-05,0.0008807096774193547,1.6741591798054967,0.8053080650157479,1.2021919349842518,1.2021919349842518
W,2.0100000000000002,4.050334514605526e-05,4.962490737493357e-05,0.0008823225806451613,1.6767725554811492,0.8071179719617615,1.2028820280382388,1.2028820280382388
W,2.0125,4.064675384599644e-05,4.982362968226567e-05,0.0008839354838709678,1.6793911756970306,0.8089288906780846,1.2035711093219157,1.2035711093219157
W,2.015,4.079055643086378e-05,5.0022984396458685e-05,0.0008855483870967742,1.682014861613022,0.8107407833808986,1.2042592166191015,1.2042592166191015
W,2.0175,4.0934767410648806e-05,5.0223002111421135e-05,0.0008871612903225807,1.6846438474593979,0.8125536916549934,1.2049463083450065,1.2049463083450065
W,2.02,4.107937353154425e-05,5.04236690008212e-05,0.000888774193548387,1.6872780120330129,0.8143675888759355,1.2056324111240644,1.2056324111240644
W,2.0225,4.1224386825618124e-05,5.062497396066771e-05,0.0008903870967741934,1.6899172566232918,0.8161824529703042,1.2063175470296956,1.2063175470296956
W,2.025,4.1369800891354764e-05,5.082695367085022e-05,0.0008919999999999999,1.6925618622823257,0.817998333940025,1.207001666059975,1.207001666059975
W,2.0275,4.151561920967636e-05,5.10295816641407e-05,0.0008936129032258063,1.6952116081692805,0.8198151865429748,1.207684813457025,1.207684813457025
W,2.0300000000000002,4.166184498805813e-05,5.12328534174328e-05,0.000895225806451613,1.6978664484160755,0.8216329989311748,1.2083670010688254,1.2083670010688254
W,2.0325,4.1808471696424836e-05,5.143680820901943e-05,0.0008968387096774194,1.7005266828356294,0.823451824093935,1.2090481759060652,1.2090481759060652
W,2.035,4.1955512966035053e-05,5.1641413871025574e-05,0.0008984516129032259,1.7031920469109485,0.8252716090438056,1.2097283909561944,1.2097283909561944
W,2.0375,4.21029561007156e-05,5.1846669007721886e-05,0.0009000645161290323,1.705862519711009,0.8270923467161478,1.2104076532838524,1.2104076532838524
W,2.04,4.225081198426e-05,5.205261186275068e-05,0.0009016774193548386,1.7085383911099925,0.8289140877012492,1.2110859122987512,1.2110859122987512
W,2.0425,4.2399076337274716e-05,5.225921179759807e-05,0.0009032903225806451,1.7112194101489533,0.8307367820521174,1.2117632179478826,1.2117632179478826
W,2.045,4.254774921611233e-05,5.2466466946080023e-05,0.0009049032258064515,1.7139055522942341,0.8325604220885734,1.2124395779114265,1.2124395779114265
W,2.0475,4.269683859395901e-05,5.267441073418362e-05,0.000906516129032258,1.7165970681268214,0.8343850506591629,1.2131149493408369,1.2131149493408369
W,2.05,4.2846334688764634e-05,5.288302158143705e-05,0.0009081290322580643,1.7192937787852243,0.8362106315558623,1.2137893684441377,1.2137893684441377
W,2.0525,4.299625006896989e-05,5.309229340460475e-05,0.0009097419354838711,1.7219956269429983,0.8380371511276457,1.2144628488723548,1.2144628488723548
W,2.055,4.314657696014948e-05,5.330225087446618e-05,0.0009113548387096775,1.724702793861946,0.8398646391826146,1.2151353608173854,1.2151353608173854
W,2.0575,4.3297317974469525e-05,5.3512889305104666e-05,0.0009129677419354839,1.7274152326558134,0.841693083862286,1.2158069161377139,1.2158069161377139
W,2.06,4.344847949617224e-05,5.3724194496307815e-05,0.0009145806451612903,1.7301328233482105,0.8435224602333877,1.2164775397666123,1.2164775397666123
W,2.0625,4.360005262915906e-05,5.39361782668229e-05,0.0009161935483870967,1.7328556471672523,0.845352779809211,1.2171472201907891,1.2171472201907891
W,2.065,4.3752049533238877e-05,5.4148860979046234e-05,0.0009178064516129032,1.7355838504519556,0.8471840656028098,1.21781593439719,1.21781593439719
W,2.0675,4.390446311241174e-05,5.4362216257845126e-05,0.0009194193548387095,1.7383172200349246,0.8490162761314946,1.2184837238685053,1.2184837238685053
W,2.07,4.405729432125183e-05,5.457624606301519e-05,0.000921032258064516,1.7410557611947257,0.8508494092708894,1.2191505907291107,1.2191505907291107
W,2.0725000000000002,4.421055220813035e-05,5.479098252384431e-05,0.0009226451612903227,1.7437997096390216,0.8526835037377684,1.219816496262232,1.219816496262232
W,2.075,4.4364226642972596e-05,5.500640463159529e-05,0.000924258064516129,1.746548894280701,0.8545185258780237,1.2204814741219765,1.2204814741219765
W,2.0775,4.451832718985428e-05,5.522250710184486e-05,0.0009258709677419355,1.749303264905959,0.8563544637084926,1.2211455362915073,1.2211455362915073
W,2.08,4.467285179184592e-05,5.543929975180738e-05,0.0009274838709677419,1.7520628863733343,0.8581913255610011,1.221808674438999,1.221808674438999
W,2.0825,4.482779592309575e-05,5.565680544706757e-05,0.0009290967741935484,1.7548279220318215,0.860029136863947,1.2224708631360528,1.2224708631360528
W,2.085,4.4983174001866266e-05,5.5874997359891914e-05,0.0009307096774193547,1.757598158068115,0.8618678569649282,1.2231321430350717,1.2231321430350717
W,2.0875,4.513897418649801e-05,5.609387747335779e-05,0.0009323225806451612,1.760373599790485,0.8637074837582881,1.2237925162417116,1.2237925162417116
W,2.09,4.5295200582585974e-05,5.631346440162039e-05,0.0009339354838709676,1.7631543778173446,0.8655480368195575,1.224451963180442,1.224451963180442
W,2.0925000000000002,4.5451860725816585e-05,5.653376254576485e-05,0.0009355483870967743,1.7659405149712986,0.8673895168694035,1.2251104831305968,1.2251104831305968
W,2.095,4.56089454029307e-05,5.675475477260471e-05,0.0009371612903225807,1.7687318721955276,0.8692318967565751,1.2257681032434251,1.2257681032434251
W,2.0975,4.5766462873235314e-05,5.697644307827777e-05,0.0009387741935483871,1.7715284548133405,0.871075174386259,1.2264248256137409,1.2264248256137409
W,2.1,4.592441343838697e-05,5.7198848210902717e-05,0.0009403870967741936,1.7743304083765883,0.8729193715960224,1.227080628403978,1.227080628403978
W,2.1025,4.6082791560015346e-05,5.7421969362343383e-05,0.000942,1.777137716520216,0.8747644823848448,1.2277355176151552,1.2277355176151552
W,2.105,4.624160835812304e-05,5.7645792499790945e-05,0.0009436129032258064,1.7799502644216054,0.8766104840989393,1.2283895159010607,1.2283895159010607
W,2.1075,4.640085832368857e-05,5.7870319632006945e-05,0.0009452258064516128,1.782768057416462,0.8784573746545425,1.2290426253454574,1.2290426253454574
W,2.11,4.6560538883919883e-05,5.809556661563027e-05,0.0009468387096774192,1.78559120361226,0.8803051692680665,1.229694830731933,1.229694830731933
W,2.1125,4.672066328610711e-05,5.832154141044801e-05,0.0009484516129032257,1.7884197518867593,0.8821538730060616,1.230346126993938,1.230346126993938
W,2.115,4.688122167251172e-05,5.854822613034906e-05,0.0009500645161290323,1.7912535595885153,0.8840034588067975,1.2309965411932027,1.2309965411932027
W,2.1175,4.7042213835162835e-05,5.877562279625247e-05,0.0009516774193548388,1.794092632062893,0.8858539245977609,1.2316460754022394,1.2316460754022394
W,2.12,4.720365401209272e-05,5.900373497090681e-05,0.0009532903225806452,1.7969369859929492,0.8877052701902098,1.2322947298097906,1.2322947298097906
W,2.1225,4.736552988154858e-05,5.923259410992233e-05,0.0009549032258064516,1.799786843122864,0.8895575293092934,1.2329424706907064,1.2329424706907064
W,2.125,4.752784331169617e-05,5.94621711463034e-05,0.000956516129032258,1.8026419793180641,0.8914106616789423,1.2335893383210579,1.2335893383210579
W,2.1275,4.769060699623505e-05,5.969246811262949e-05,0.0009581290322580644,1.805502399930725,0.893264665238086,1.234235334761914,1.234235334761914
W,2.13,4.7853809452588586e-05,5.992348704504532e-05,0.0009597419354838709,1.8083681103176539,0.8951195379282568,1.2348804620717428,1.2348804620717428
W,2.1325,4.8017452481165916e-05,6.015524271850672e-05,0.0009613548387096772,1.8112392088124016,0.8969752928659398,1.23552470713406,1.23552470713406
W,2.1350000000000002,4.8181548803114246e-05,6.038774285379945e-05,0.000962967741935484,1.8141157416976514,0.8988319345127466,1.2361680654872533,1.2361680654872533
W,2.1375,4.834608699168535e-05,6.062097093294733e-05,0.0009645806451612904,1.8169975785968082,0.9006894385996563,1.236810561400344,1.236810561400344
W,2.14,4.8511068083294316e-05,6.08549290031253e-05,0.0009661935483870968,1.8198847248699133,0.9025478030798707,1.2374521969201295,1.2374521969201295
W,2.1425,4.8676506100881506e-05,6.108961911495372e-05,0.0009678064516129032,1.8227771858808843,0.9044070259092455,1.2380929740907547,1.2380929740907547
W,2.145,4.8842389208295405e-05,6.132505631068012e-05,0.0009694193548387096,1.8256750609558012,0.9062671201180821,1.2387328798819177,1.2387328798819177
W,2.1475,4.900871833464045e-05,6.156124634604827e-05,0.0009710322580645161,1.8285783817099943,0.9081280877223455,1.239371912277654,1.239371912277654
W,2.15,4.9175505660376644e-05,6.179817442388585e-05,0.0009726451612903225,1.8314870313717584,0.9099899070344655,1.2400100929655344,1.2400100929655344
W,2.1525,4.934274291438761e-05,6.20358426051637e-05,0.0009742580645161289,1.834401015304504,0.9118525760221832,1.2406474239778167,1.2406474239778167
W,2.1550000000000002,4.95104293186945e-05,6.227425295416808e-05,0.0009758709677419356,1.8373203388747346,0.9137160926559439,1.2412839073440565,1.2412839073440565
W,2.1575,4.967857435421609e-05,6.251340910106672e-05,0.000977483870967742,1.8402450186537018,0.915580456674906,1.2419195433250942,1.2419195433250942
W,2.16,4.984717502352321e-05,6.27533380689324e-05,0.0009790967741935485,1.843175238540274,0.9174456940946076,1.2425543059053927,1.2425543059053927
W,2.1625,5.001622798993406e-05,6.299401522481701e-05,0.000980709677419355,1.8461108121464618,0.9193117725695024,1.2431882274304977,1.2431882274304977
W,2.165,5.018573915585074e-05,6.323544264262579e-05,0.0009823225806451612,1.849051744834357,0.9211786900821252,1.243821309917875,1.243821309917875
W,2.1675,5.035571254990534e-05,6.347762239943771e-05,0.0009839354838709676,1.8519980419683095,0.9230464446177614,1.2444535553822387,1.2444535553822387
W,2.17,5.052614140328441e-05,6.372055657548285e-05,0.000985548387096774,1.8549497089147906,0.9249150341644554,1.2450849658355445,1.2450849658355445
W,2.1725,5.069702713859354e-05,6.396425129171663e-05,0.0009871612903225805,1.8579067796791564,0.926784461135488,1.245715538864512,1.245715538864512
W,2.1750000000000003,5.0868382607398476e-05,6.420872669507748e-05,0.0009887741935483872,1.8608693873761513,0.9286547431472111,1.246345256852789,1.246345256852789
W,2.1775,5.104019671312875e-05,6.445396255929686e-05,0.0009903870967741936,1.8638373788512477,0.9305258536399087,1.2469741463600914,1.2469741463600914
W,2.18,5.121247052211484e-05,6.469996097330774e-05,0.000992,1.8668107594617098,0.9323977906139447,1.2476022093860555,1.2476022093860555
W,2.1825,5.138521240851613e-05,6.494672402903865e-05,0.0009936129032258065,1.869789534566049,0.934270552072486,1.248229447927514,1.248229447927514
W,2.185,5.1558421172287635e-05,6.519425382138905e-05,0.000995225806451613,1.872773709523872,0.9361441360215117,1.2488558639784886,1.2488558639784886
W,2.1875,5.1732092837848586e-05,6.544255244820312e-05,0.0009968387096774194,1.8757632896957268,0.9380185404698196,1.2494814595301806,1.2494814595301806
W,2.19,5.190622926337723e-05,6.569163530583189e-05,0.0009984516129032258,1.8787583735928373,0.9398937774727862,1.2501062225272135,1.2501062225272135
W,2.1925,5.208084213096663e-05,6.59415016688669e-05,0.001,1.8817589463333884,0.9417698418671153,1.2507301581328845,1.2507301581328845
W,2.195,5.225592111418425e-05,6.619214292851702e-05,0.001,1.8847649380952909,0.9436467203021667,1.251353279697833,1.251353279697833
W,2.1975000000000002,5.243146729250986e-05,6.644356119018928e-05,0.001,1.887776354224084,0.9455244107993056,1.2519755892006947,1.2519755892006947
W,2.2,5.260748703567107e-05,6.669575856206346e-05,0.001,1.8907932000653218,0.9474029113827556,1.2525970886172448,1.2525970886172448
W,2.2025,5.2783982837444194e-05,6.69487371550642e-05,0.001,1.8938154809644177,0.949282220079609,1.253217779920391,1.253217779920391
W,2.205,5.2960949069012006e-05,6.720249908283215e-05,0.001,1.8968432022664758,0.9511623349198348,1.253837665080165,1.253837665080165
W,2.2075,5.313838681741686e-05,6.745704646169487e-05,0.001,1.8998763693161307,0.9530432539362831,1.254456746063717,1.254456746063717
W,2.21,5.3316305588891576e-05,6.771240158359773e-05,0.001,1.9029151268495372,0.954924995609823,1.2550750043901768,1.2550750043901768
W,2.2125,5.349470142939425e-05,6.79685470703209e-05,0.001,1.905959345009619,0.9568075380138829,1.255692461986117,1.255692461986117
W,2.215,5.3673572042218864e-05,6.822548408654543e-05,0.001,1.9090090225088359,0.9586908782183331,1.2563091217816669,1.2563091217816669
W,2.2175000000000002,5.3852918521970505e-05,6.848321475474849e-05,0.001,1.9120641646698622,0.9605750142688477,1.2569249857311526,1.2569249857311526
W,2.22,5.403275208797978e-05,6.874174119990141e-05,0.001,1.9151247768139092,0.9624599442140189,1.2575400557859813,1.2575400557859813
W,2.2225,5.421306517536343e-05,6.900106554943838e-05,0.001,1.9181908642605632,0.9643456661053668,1.2581543338946333,1.2581543338946333
W,2.225,5.439385740590221e-05,6.926118993322349e-05,0.001,1.9212624323276004,0.9662321779973442,1.258767822002656,1.258767822002656
W,2.2275,5.4575129881762096e-05,6.95221164835182e-05,0.001,1.9243394863308165,0.9681194779473445,1.2593805220526555,1.2593805220526555
W,2.23,5.475689406246475e-05,6.978384733494817e-05,0.001,1.9274220315838477,0.970007564015707,1.2599924359842931,1.2599924359842931
W,2.2325,5.4939141708009866e-05,7.004639743384693e-05,0.001,1.930510160559333,0.9718964466586054,1.2606035533413948,1.2606035533413948
W,2.235,5.5121872895787264e-05,7.030976054871387e-05,0.001,1.9336038212779108,0.9737861157014155,1.2612138842985845,1.2612138842985845
W,2.2375000000000003,5.530508873552113e-05,7.057393405061762e-05,0.001,1.936702986544977,0.9756765645811087,1.2618234354188917,1.2618234354188917
W,2.24,5.548879940335731e-05,7.083892007858465e-05,0.001,1.9398076616439333,0.9775677913711057,1.2624322086288946,1.2624322086288946
W,2.2425,5.567299902096475e-05,7.110472077378857e-05,0.001,1.9429178518549655,0.9794597941478074,1.2630402058521928,1.2630402058521928
W,2.245,5.5857686608057184e-05,7.13713382795135e-05,0.001,1.9460335624548573,0.9813525709906001,1.2636474290094002,1.2636474290094002
W,2.2475,5.604286328191247e-05,7.163877474111708e-05,0.001,1.9491547987167994,0.9832461199818614,1.2642538800181384,1.2642538800181384
W,2.25,5.622853635989214e-05,7.190703230599353e-05,0.001,1.9522815659102004,0.9851404392069677,1.2648595607930324,1.2648595607930324
W,2.2525,5.641470546554203e-05,7.217611312353564e-05,0.001,1.9554138693004988,0.9870355267542977,1.2654644732457023,1.2654644732457023
W,2.255,5.660136699602953e-05,7.24460193450964e-05,0.001,1.958551714148967,0.9889313807152399,1.2660686192847597,1.2660686192847597
W,2.2575,5.67885220761804e-05,7.271675312395064e-05,0.001,1.961695105712521,0.9908279991841988,1.2666720008158012,1.2666720008158012
W,2.2600000000000002,5.697617353611557e-05,7.298831661525524e-05,0.001,1.9648440492435204,0.9927253802585982,1.267274619741402,1.267274619741402
W,2.2625,5.7164329747292734e-05,7.326071297016102e-05,0.001,1.9679985566198277,0.9946235229433246,1.2678764770566757,1.2678764770566757
W,2.265,5.7352982866677304e-05,7.353395437256977e-05,0.001,1.9711586998054473,0.9965224344039368,1.2684775655960634,1.2684775655960634
W,2.2675,5.754213402663545e-05,7.380803156671675e-05,0.001,1.9743244077910764,0.9984221023155047,1.2690778976844954,1.2690778976844954
W,2.27,5.773178436152495e-05,7.408294670957868e-05,0.001,1.9774956857871433,1.0003225247888308,1.269677475211169,1.269677475211169
W,2.2725,5.7921940922399535e-05,7.435870195976178e-05,0.001,1.9806725389983666,1.0022236999377672,1.270276300062233,1.270276300062233
W,2.275,5.811260337698881e-05,7.46352994774589e-05,0.001,1.9838549726235457,1.0041256258792173,1.2708743741207826,1.2708743741207826
W,2.2775,5.8303768390979995e-05,7.491274142440632e-05,0.001,1.98704299185536,1.0060283007331454,1.2714716992668544,1.2714716992668544
W,2.2800000000000002,5.849543710626304e-05,7.519102996384001e-05,0.001,1.9902366018801592,1.0079317226225795,1.2720682773774206,1.2720682773774206
W,2.2825,5.8687610666720806e-05,7.547016726045109e-05,0.001,1.9934358078777494,1.0098358896736148,1.2726641103263854,1.2726641103263854
W,2.285,5.888029803016485e-05,7.57501554803412e-05,0.001,1.996640615021192,1.011740800015421,1.2732591999845788,1.2732591999845788
W,2.2875,5.9073494772469734e-05,7.603099679097695e-05,0.001,1.9998510284765825,1.013646451780247,1.273853548219753,1.273853548219753
W,2.29,5.9267199770234745e-05,7.63126933611438e-05,0.001,2.0030670534028405,1.015552843103423,1.274447156896577,1.274447156896577
W,2.2925,5.946141417486434e-05,7.659524736089972e-05,0.001,2.0062886949514933,1.0174599721233686,1.2750400278766312,1.2750400278766312
W,2.295,5.96561391397571e-05,7.687866096152797e-05,0.001,2.0095159582664595,1.0193678369815948,1.2756321630184049,1.2756321630184049
W,2.2975,5.985138311590599e-05,7.716293633548937e-05,0.001,2.0127488484838305,1.02127643582271,1.2762235641772899,1.2762235641772899
W,2.3000000000000003,6.004714239749247e-05,7.744807565637412e-05,0.001,2.015987370731649,1.0231857667944237,1.2768142332055765,1.2768142332055765
W,2.3025,6.02434156753194e-05,7.773408109885278e-05,0.001,2.0192315301296855,1.02509582804755,1.27740417195245,1.27740417195245
W,2.305,6.044020411029378e-05,7.802095483862717e-05,0.001,2.022481331789226,1.0270066177360144,1.2779933822639857,1.2779933822639857
W,2.3075,6.063750886531706e-05,7.830869905237997e-05,0.001,2.0257367808128293,1.028918134016856,1.2785818659831443,1.2785818659831443
W,2.31,6.0835335368713685e-05,7.859731591772428e-05,0.001,2.028997882294114,1.030830375050232,1.2791696249497682,1.2791696249497682
W,2.3125,6.1033685647155334e-05,7.888680761315246e-05,0.001,2.0322646413175294,1.032743338999422,1.279756661000578,1.279756661000578
W,2.315,6.123255570718135e-05,7.917717631798427e-05,0.001,2.03553706295812,1.0346570240308324,1.2803429759691676,1.2803429759691676
W,2.3175,6.143194671918594e-05,7.946842421231414e-05,0.001,2.0388151522812987,1.0365714283139993,1.2809285716860006,1.2809285716860006
W,2.32,6.163185985555776e-05,7.976055347695858e-05,0.001,2.0420989143426107,1.0384865500215934,1.2815134499784064,1.2815134499784064
W,2.3225000000000002,6.183229629068075e-05,8.005356629340217e-05,0.001,2.0453883541875033,1.0404023873294237,1.2820976126705765,1.2820976126705765
W,2.325,6.203326483840923e-05,8.034746484374322e-05,0.001,2.0486834768510827,1.0423189384164397,1.2826810615835604,1.2826810615835604
W,2.3275,6.223476038724814e-05,8.064225131063901e-05,0.001,2.0519842873578864,1.0442362014647377,1.2832637985352624,1.2832637985352624
W,2.33,6.243678272726534e-05,8.09379278772503e-05,0.001,2.0552907907216342,1.0461541746595624,1.283845825340438,1.283845825340438
W,2.3325,6.263933304031795e-05,8.12344967271845e-05,0.001,2.058602991944991,1.04807285618931,1.28442714381069,1.28442714381069
W,2.335,6.284241251025728e-05,8.153196004443958e-05,0.001,2.061920896019327,1.0499922442455354,1.2850077557544646,1.2850077557544646
W,2.3375,6.304602232292964e-05,8.183032001334585e-05,0.001,2.0652445079244637,1.0519123370229504,1.2855876629770495,1.2855876629770495
W,2.34,6.325017114725524e-05,8.212957881850826e-05,0.001,2.0685738326284406,1.05383313271943,1.2861668672805697,1.2861668672805697
W,2.3425000000000002,6.345485376907041e-05,8.242973864474717e-05,0.001,2.0719088750872583,1.0557546295360163,1.286745370463984,1.286745370463984
W,2.345,6.366007025673738e-05,8.273080167703875e-05,0.001,2.0752496402446265,1.057676825676919,1.2873231743230813,1.2873231743230813
W,2.3475,6.386582180355247e-05,8.30327701004552e-05,0.001,2.078596133031724,1.0595997193495212,1.287900280650479,1.287900280650479
W,2.35,6.407210960480538e-05,8.333564610010331e-05,0.001,2.0819483583669314,1.0615233087643812,1.288476691235619,1.288476691235619
W,2.3525,6.427893485777947e-05,8.363943186106322e-05,0.001,2.085306321155591,1.0634475921352358,1.2890524078647645,1.2890524078647645
W,2.355,6.448630237707468e-05,8.394412956832583e-05,0.001,2.0886700262897397,1.0653725676790018,1.289627432320998,1.289627432320998
W,2.3575,6.469421423827058e-05,8.424974140673e-05,0.001,2.0920394786478522,1.0672982336157826,1.2902017663842174,1.2902017663842174
W,2.36,6.490266710477773e-05,8.455626956089861e-05,0.001,2.0954146830945843,1.0692245881688665,1.2907754118311332,1.2907754118311332
W,2.3625000000000003,6.511166218130266e-05,8.48637162151743e-05,0.001,2.098795644480508,1.071151629564733,1.291348370435267,1.291348370435267
W,2.365,6.532120067454344e-05,8.517208355355412e-05,0.001,2.1021823676418485,1.073079356033053,1.2919206439669473,1.2919206439669473
W,2.3675,6.553128379318975e-05,8.548137375962375e-05,0.001,2.105574857400218,1.0750077658066926,1.2924922341933076,1.2924922341933076
W,2.37,6.574191274792334e-05,8.579158901649077e-05,0.001,2.1089731185623526,1.076936857121716,1.293063142878284,1.293063142878284
W,2.3725,6.595309223109843e-05,8.610273150671745e-05,0.001,2.112377155919837,1.0788666282173873,1.2936333717826127,1.2936333717826127
W,2.375,6.616482406834535e-05,8.641480341225231e-05,0.001,2.1157869742488353,1.080797077336173,1.294202922663827,1.294202922663827
W,2.3775,6.637710533089971e-05,8.672780691436151e-05,0.001,2.119202578309823,1.0827282027237448,1.2947717972762551,1.2947717972762551
W,2.38,6.658993723683244e-05,8.704174419355907e-05,0.001,2.122623972847303,1.0846600026289814,1.2953399973710185,1.2953399973710185
W,2.3825,6.680332100620312e-05,8.735661742953637e-05,0.001,2.1260511625895395,1.086592475303971,1.2959075246960285,1.2959075246960285
W,2.3850000000000002,6.701725786106055e-05,8.767242880109123e-05,0.001,2.1294841522482724,1.0885256190040142,1.2964743809959862,1.2964743809959862
W,2.3875,6.723174902544217e-05,8.798918143086661e-05,0.001,2.13292295234187,1.0904594326567505,1.29704056734325,1.29704056734325
W,2.39,6.744679572537453e-05,8.830689100607456e-05,0.001,2.136367650664304,1.0923939240335356,1.2976060759664645,1.2976060759664645
W,2.3925,6.766240437023081e-05,8.862554597816007e-05,0.001,2.1398181671335847,1.0943290816230755,1.2981709183769246,1.2981709183769246
W,2.395,6.787857276643136e-05,8.894514852992799e-05,0.001,2.1432745064234973,1.096264903692291,1.2987350963077091,1.2987350963077091
W,2.3975,6.809530032806258e-05,8.92657008429949e-05,0.001,2.146736673190097,1.0982013885113235,1.2992986114886762,1.2992986114886762
W,2.4,6.831258828849692e-05,8.958720509771332e-05,0.001,2.150204672071418,1.1001385343535401,1.2998614656464595,1.2998614656464595
W,2.4025,6.853043788309164e-05,8.990966347309577e-05,0.001,2.153678507687188,1.102076339495533,1.3004236605044668,1.3004236605044668
W,2.4050000000000002,6.87488503491888e-05,9.02330781467374e-05,0.001,2.1571581846385293,1.104014802217122,1.3009851977828784,1.3009851977828784
W,2.4075,6.896782692611518e-05,9.055745129473824e-05,0.001,2.1606437075076643,1.1059539208013551,1.3015460791986453,1.3015460791986453
W,2.41,6.918736885518189e-05,9.088278509162446e-05,0.001,2.164135080857627,1.1078936935345123,1.3021063064654879,1.3021063064654879
W,2.4125,6.940747751754624e-05,9.12090817102689e-05,0.001,2.1676323092319585,1.1098341187061058,1.302665881293894,1.302665881293894
W,2.415,6.962816014159187e-05,9.153634332181037e-05,0.001,2.1711353971544045,1.1117751946088816,1.3032248053911184,1.3032248053911184
W,2.4175,6.984941178786555e-05,9.186457209557239e-05,0.001,2.1746443491286196,1.113716919538821,1.303783080461179,1.303783080461179
W,2.42,7.007123370497356e-05,9.219377019898104e-05,0.001,2.1781591696378535,1.1156592917951416,1.3043407082048581,1.3043407082048581
W,2.4225,7.029362714350157e-05,9.25239572457707e-05,0.001,2.1816799684603736,1.1176023212162058,1.304897678783794,1.304897678783794
W,2.4250000000000003,7.05165933560145e-05,9.285512553465517e-05,0.001,2.185206690099754,1.1195459994424746,1.3054540005575255,1.3054540005575255
W,2.4275,7.074013359705565e-05,9.318727048869485e-05,0.001,2.1887392982202334,1.1214903202977422,1.3060096797022582,1.3060096797022582
W,2.43,7.0964249123147e-05,9.352039427621622e-05,0.001,2.192277797254269,1.1234352820929456,1.3065647179070545,1.3065647179070545
W,2.4325,7.118894119278821e-05,9.385449906330553e-05,0.001,2.195822191612598,1.1253808831422667,1.3071191168577334,1.3071191168577334
W,2.435,7.14142110664565e-05,9.418958701372153e-05,0.001,2.199372485683911,1.1273271217631304,1.3076728782368696,1.3076728782368696
W,2.4375,7.16400600066061e-05,9.452566028880805e-05,0.001,2.202928683834549,1.1292739962762082,1.308226003723792,1.308226003723792
W,2.44,7.186649354529013e-05,9.486272104740478e-05,0.001,2.206490790408172,1.131221505005417,1.3087784949945829,1.3087784949945829
W,2.4425,7.2093509723843e-05,9.520077144575784e-05,0.001,2.210058809725439,1.1331696462779226,1.309330353722077,1.309330353722077
W,2.445,7.23211086944289e-05,9.553981363742921e-05,0.001,2.2136327460836895,1.1351184184241387,1.3098815815758613,1.3098815815758613
W,2.4475000000000002,7.254929172672142e-05,9.587987498423572e-05,0.001,2.2172127537131687,1.137067835654072,1.3104321643459282,1.3104321643459282
W,2.45,7.27780600923645e-05,9.622093965915715e-05,0.001,2.220798729420189,1.139017884799087,1.3109821152009131,1.3109821152009131
W,2.4525,7.30074150649722e-05,9.656300350420733e-05,0.001,2.224390639858283,1.1409685602021349,1.3115314397978652,1.3115314397978652
W,2.455,7.323735792012777e-05,9.690606867139405e-05,0.001,2.227988489264292,1.142919860205397,1.3120801397946034,1.3120801397946034
W,2.4575,7.346788993538307e-05,9.725013730966084e-05,0.001,2.231592281850329,1.144871783154306,1.3126282168456938,1.3126282168456938
W,2.46,7.3699012390258e-05,9.759521156479082e-05,0.001,2.235202021803433,1.14682432739755,1.3131756726024497,1.3131756726024497
W,2.4625,7.393072656623966e-05,9.794129357930997e-05,0.001,2.238817713285236,1.1487774912870696,1.3137225087129303,1.3137225087129303
W,2.465,7.416303374678166e-05,9.828838549238964e-05,0.001,2.2424393604316237,1.1507312731780597,1.3142687268219404,1.3142687268219404
W,2.4675000000000002,7.43959352173034e-05,9.86365084584789e-05,0.001,2.246067079180091,1.1526856829524073,1.314814317047593,1.314814317047593
W,2.47,7.462943226518919e-05,9.898566523425789e-05,0.001,2.2497008767660396,1.1546407191704755,1.3153592808295245,1.3153592808295245
W,2.4725,7.486352989985844e-05,9.933583931169367e-05,0.001,2.253340647472023,1.1565963688392853,1.315903631160715,1.315903631160715
W,2.475,7.509822607158661e-05,9.968703282630168e-05,0.001,2.256986395365376,1.1585526303258253,1.3164473696741752,1.3164473696741752
W,2.4775,7.533352161104288e-05,0.00010003924790983095,0.001,2.2606381244862,1.1605095020003406,1.3169904979996596,1.3169904979996596
W,2.48,7.556941781272526e-05,0.0001003924866901606,0.001,2.264295838847019,1.1624669822363338,1.3175330177636662,1.3175330177636662
W,2.4825,7.580591597308851e-05,0.00010074675129119564,0.001,2.2679595424324157,1.1644250694105645,1.3180749305894353,1.3180749305894353
W,2.485,7.604301739054302e-05,0.0001011020528908246,0.001,2.2716292919309193,1.1663837672101955,1.3186162327898043,1.3186162327898043
W,2.4875000000000003,7.628072336545392e-05,0.00010145841982570413,0.001,2.275305243442545,1.1683430892200732,1.319156910779927,1.319156910779927
W,2.49,7.651903520014001e-05,0.0001018158200018744,0.001,2.2789872014054455,1.1703030136740058,1.3196969863259944,1.3196969863259944
W,2.4925,7.675795419887284e-05,0.00010217425553763633,0.001,2.282675169728371,1.1722635389605605,1.3202364610394397,1.3202364610394397
W,2.495,7.699748166787562e-05,0.00010253372854687635,0.001,2.2863691522905913,1.1742246634715627,1.3207753365284374,1.3207753365284374
W,2.4975,7.723761891532212e-05,0.00010289424113895563,0.001,2.2900691529415167,1.1761863856020953,1.3213136143979047,1.3213136143979047
W,2.5,7.747836725133555e-05,0.00010325579541859946,0.001,2.2937751755003393,1.1781487037504996,1.3218512962495002,1.3218512962495002
W,2.5025,7.771972798798747e-05,0.0001036184236929714,0.001,2.2974873978702925,1.1801116334309447,1.3223883665690555,1.3223883665690555
W,2.505,7.796170243929683e-05,0.00010398211807178258,0.001,2.3012057655439473,1.1820751671550809,1.3229248328449192,1.3229248328449192
W,2.5075,7.820429192122833e-05,0.00010434686156804951,0.001,2.3049301720910664,1.1840392924595302,1.3234607075404694,1.3234607075404694
W,2.5100000000000002,7.844749775169174e-05,0.00010471265627880189,0.001,2.308660621247404,1.1860040077544487,1.3239959922455513,1.3239959922455513
W,2.5125,7.869132125054026e-05,0.00010507950429596217,0.001,2.3123971167168795,1.1879693114532477,1.3245306885467525,1.3245306885467525
W,2.515,7.893576373956949e-05,0.00010544740770622847,0.001,2.3161396621711936,1.1899352019725966,1.3250647980274037,1.3250647980274037
W,2.5175,7.918082654251612e-05,0.00010581639788160587,0.001,2.319888428670581,1.191901693858434,1.3255983061415664,1.3255983061415664
W,2.52,7.94265109850565e-05,0.00010618647407155782,0.001,2.323643402925602,1.1938687837349007,1.326131216265099,1.326131216265099
W,2.5225,7.967281947423256e-05,0.00010655761308920042,0.001,2.32740444389352,1.1958364560424657,1.326663543957534,1.326663543957534
W,2.525,7.991975324943125e-05,0.00010692981701167213,0.001,2.331171555155944,1.1978047092096122,1.327195290790388,1.327195290790388
W,2.5275,8.016731255298219e-05,0.00010730308791038904,0.001,2.334944740260592,1.1997735416680781,1.3277264583319217,1.3277264583319217
W,2.5300000000000002,8.041549871748047e-05,0.00010767742785092124,0.001,2.338724002720896,1.201742951852857,1.3282570481471432,1.3282570481471432
W,2.5325,8.066431307744946e-05,0.00010805289112173217,0.001,2.342509642059002,1.2037129661449526,1.3287870338550474,1.3287870338550474
W,2.535,8.091375696933921e-05,0.0001084294367224426,0.001,2.34630141670205,1.2056835596355195,1.3293164403644806,1.3293164403644806
W,2.5375,8.116383173152505e-05,0.00010880705879770483,0.001,2.350099285166479,1.207654726511064,1.329845273488936,1.329845273488936
W,2.54,8.14145387043062e-05,0.00010918575940155307,0.001,2.353903250868727,1.2096264652183881,1.330373534781612,1.330373534781612
W,2.5425,8.166587922990351e-05,0.00010956554058164897,0.001,2.357713317189216,1.2115987742075445,1.3309012257924553,1.3309012257924553
W,2.545,8.191785465245878e-05,0.00010994643900115893,0.001,2.361529682378693,1.2135716700247887,1.331428329975211,1.331428329975211
W,2.5475,8.217046631803233e-05,0.00011032845351521378,0.001,2.3653523309857207,1.2155451491908742,1.3319548508091257,1.3319548508091257
W,2.5500000000000003,8.242371557460176e-05,0.00011071155603614648,0.001,2.369181096454951,1.2175191943370134,1.3324808056629869,1.3324808056629869
W,2.5525,8.267760377206007e-05,0.00011109574859840804,0.001,2.373015982064027,1.219493803925061,1.3330061960749395,1.3330061960749395
W,2.555,8.293213226221404e-05,0.00011148103322952701,0.001,2.376856991052795,1.2214689764201188,1.3335310235798816,1.3335310235798816
W,2.5575,8.318730239878237e-05,0.00011186744507379633,0.001,2.380704311826472,1.223444727197854,1.3340552728021462,1.3340552728021462
W,2.56,8.3443115537394e-05,0.00011225499084987361,0.001,2.3845579729754074,1.2254210568541084,1.3345789431458916,1.3345789431458916
W,2.5625,8.369957303558608e-05,0.00011264363611861973,0.001,2.3884177735087833,1.2273979451551353,1.3351020548448647,1.3351020548448647
W,2.565,8.395667625280249e-05,0.00011303338289259754,0.001,2.3922837165577184,1.2293753905778275,1.3356246094221724,1.3356246094221724
W,2.5675,8.421442655039145e-05,0.00011342423317687194,0.001,2.396155805213693,1.2313533916023203,1.3361466083976796,1.3361466083976796
W,2.57,8.447282529160405e-05,0.00011381623764011583,0.001,2.4000343128119317,1.2333319709760036,1.3366680290239963,1.3366680290239963
W,2.5725000000000002,8.473187384159216e-05,0.00011420937700768469,0.001,2.403919123229295,1.2353111162590908,1.3371888837409096,1.3371888837409096
W,2.575,8.499157356740619e-05,0.00011460362729758429,0.001,2.4078100950012504,1.2372908129212545,1.3377091870787456,1.3377091870787456
W,2.5775,8.525192583799365e-05,0.00011499899049807437,0.001,2.4117072311044163,1.2392710594544079,1.3382289405455925,1.3382289405455925
W,2.58,8.551293202419657e-05,0.00011539547087000706,0.001,2.4156105470722378,1.2412518554699825,1.3387481445300178,1.3387481445300178
W,2.5825,8.577459349874972e-05,0.00011579314578393653,0.001,2.4195204616070987,1.2432332361591456,1.3392667638408544,1.3392667638408544
W,2.585,8.603691163627842e-05,0.00011619194101365666,0.001,2.423436556023152,1.245215162527526,1.3397848374724737,1.3397848374724737
W,2.5875,8.629988781329641e-05,0.00011659185852917029,0.001,2.427358833177329,1.2471976330787993,1.3403023669212009,1.3403023669212009
W,2.59,8.656352340820379e-05,0.00011699290029190677,0.001,2.4312872958835503,1.2491806463198722,1.3408193536801274,1.3408193536801274
W,2.5925000000000002,8.682781980128456e-05,0.00011739511757986865,0.001,2.435222217534017,1.2511642243382928,1.3413357756617077,1.3413357756617077
W,2.595,8.709277837470464e-05,0.0001177984992106023,0.001,2.439163527721733,1.2531483590344539,1.3418516409655463,1.3418516409655463
W,2.5975,8.735840051250962e-05,0.00011820301247265234,0.001,2.4431110387211397,1.2551330322680865,1.3423669677319139,1.3423669677319139
W,2.6,8.762468760062214e-05,0.00011860865930719529,0.001,2.4470647532200136,1.257118242557842,1.342881757442158,1.342881757442158
W,2.6025,8.789164102684002e-05,0.00011901546810151687,0.001,2.451024818242502,1.2591040008400718,1.3433959991599282,1.3433959991599282
W,2.605,8.815926218083353e-05,0.00011942347761763418,0.001,2.454991436482926,1.261090322640284,1.343909677359716,1.343909677359716
W,2.6075,8.842755245414328e-05,0.00011983262807614373,0.001,2.4589642732588,1.2630771773751763,1.3444228226248236,1.3444228226248236
W,2.61,8.869651324017744e-05,0.0001202429213963927,0.001,2.4629433311266724,1.2650645635751276,1.3449354364248725,1.3449354364248725
W,2.6125000000000003,8.896614593420969e-05,0.00012065437358594147,0.001,2.4669286891317075,1.2670524862682586,1.3454475137317419,1.3454475137317419
W,2.615,8.923645193337624e-05,0.00012106705248027955,0.001,2.470920706805061,1.26904097410336,1.3459590258966405,1.3459590258966405
W,2.6175,8.950743263667389e-05,0.00012148088158868752,0.001,2.474918960370975,1.2710299893129275,1.3464700106870726,1.3464700106870726
W,2.62,8.977908964661422e-05,0.00012189586280704986,0.001,2.478923452249559,1.273019530439048,1.3469804695609524,1.3469804695609524
W,2.6225,9.005142644529736e-05,0.0001223120107567409,0.001,2.482934253589149,1.2750096017864532,1.3474903982135469,1.3474903982135469
W,2.625,9.03244422919075e-05,0.00012272940051528193,0.001,2.486951761119229,1.2770002347416878,1.3479997652583122,1.3479997652583122
W,2.6275,9.059813859387469e-05,0.00012314794971503095,0.001,2.4909755215150726,1.278991389553692,1.348508610446308,1.348508610446308
W,2.63,9.087251676048197e-05,0.0001235676602267183,0.001,2.4950055370550426,1.2809830647762397,1.3490169352237602,1.3490169352237602
W,2.6325,9.114757820286184e-05,0.00012398855677753844,0.001,2.499041932807927,1.2829752691175895,1.3495247308824103,1.3495247308824103
W,2.6350000000000002,9.142332433399397e-05,0.00012441069886345464,0.001,2.503085019605126,1.2849680264324195,1.350031973567581,1.350031973567581
W,2.6375,9.169975656870191e-05,0.00012483400956784122,0.001,2.507134375839746,1.286961300128774,1.350538699871226,1.350538699871226
W,2.64,9.197687632365102e-05,0.0001252584907345223,0.001,2.5111900036429584,1.2889550887720926,1.3510449112279073,1.3510449112279073
W,2.6425,9.225468501734507e-05,0.0001256841892033687,0.001,2.5152521455993235,1.290949410543349,1.3515505894566513,1.3515505894566513
W,2.645,9.25331840701234e-05,0.00012611112504041662,0.001,2.5193209000023042,1.2929442716112436,1.3520557283887564,1.3520557283887564
W,2.6475,9.281237490415823e-05,0.0001265392386177834,0.001,2.5233959399947588,1.2949396436277985,1.3525603563722013,1.3525603563722013
W,2.65,9.309225894345131e-05,0.0001269685317505728,0.001,2.5274772675550996,1.2969355251700947,1.3530644748299054,1.3530644748299054
W,2.6525,9.33728376138314e-05,0.00012739908592990118,0.001,2.5315653082007756,1.2989319489034925,1.3535680510965074,1.3535680510965074
W,2.6550000000000002,9.365411234295084e-05,0.00012783085688514335,0.001,2.5356598174167315,1.3009288932716987,1.3540711067283013,1.3540711067283013
W,2.6575,9.393608456028244e-05,0.00012826381464139244,0.001,2.539760627936121,1.3029263431980016,1.3545736568019984,1.3545736568019984
W,2.66,9.421875569711675e-05,0.00012869797180420662,0.001,2.54386779888411,1.3049243018384749,1.3550756981615253,1.3550756981615253
W,2.6625,9.450212718655874e-05,0.0001291334251404275,0.001,2.5479818340790508,1.3069228075951138,1.355577192404886,1.355577192404886
W,2.665,9.478620046352421e-05,0.0001295700725062592,0.001,2.552102184122528,1.3089218149643969,1.3560781850356032,1.3560781850356032
W,2.6675,9.507097696473721e-05,0.000130007915666665,0.001,2.5562288507263977,1.3109213225434313,1.3565786774565685,1.3565786774565685
W,2.67,9.535645812872635e-05,0.0001304470232588686,0.001,2.5603621878958287,1.3129213566422926,1.3570786433577076,1.3570786433577076
W,2.6725,9.564264543506079e-05,0.0001308873852505396,0.001,2.5645021337285425,1.3149219105718049,1.357578089428195,1.357578089428195
W,2.6750000000000003,9.592954553514562e-05,0.00013132895022600083,0.001,2.5686484093588073,1.3169229607961743,1.358077039203826,1.358077039203826
W,2.6775,9.62171547816559e-05,0.00013177173137951593,0.001,2.5728010764919236,1.3189245106102685,1.358575489389732,1.358575489389732
W,2.68,9.650547462143896e-05,0.00013221583303939612,0.001,2.5769606740641677,1.320926600275468,1.359073399724532,1.359073399724532
W,2.6825,9.679450650313544e-05,0.0001326611448504259,0.001,2.581126614464613,1.3229291823427467,1.3595708176572534,1.3595708176572534
W,2.685,9.708425187717635e-05,0.00013310766852177452,0.001,2.5852988991215153,1.3249322554291574,1.360067744570843,1.360067744570843
W,2.6875,9.737471219577907e-05,0.00013355549628979346,0.001,2.589478002101089,1.326935854483193,1.3605641455168067,1.3605641455168067
W,2.69,9.76658889129444e-05,0.0001340045799768073,0.001,2.5936636626786336,1.328939957649059,1.361060042350941,1.361060042350941
W,2.6925,9.795778348445243e-05,0.0001344548826447067,0.001,2.597855680211813,1.3309445479717232,1.3615554520282767,1.3615554520282767
W,2.695,9.825039736785927e-05,0.00013490645566221912,0.001,2.6020543144379764,1.332949643755184,1.3620503562448159,1.3620503562448159
W,2.6975000000000002,9.85437320224931e-05,0.00013535933628120426,0.001,2.6062597502470597,1.3349552573333423,1.362544742666658,1.362544742666658
W,2.7,9.883778890945071e-05,0.00013581344297458305,0.001,2.6104715554877327,1.3369613542279974,1.3630386457720027,1.3630386457720027
W,2.7025,9.913256949159354e-05,0.00013626879205210827,0.001,2.61468980726512,1.3389679388038656,1.3635320611961346,1.3635320611961346
W,2.705,9.94280752335438e-05,0.000136725494670162,0.001,2.6189150729918125,1.3409750521659656,1.3640249478340345,1.3640249478340345
W,2.7075,9.972431058714038e-05,0.00013718343042685427,0.001,2.6231467203957695,1.342982645026257,1.364517354973743,1.364517354973743
W,2.71,0.00010002127836604632,0.00013764260094414543,0.001,2.6273847504782717,1.344990716029974,1.3650092839700259,1.3650092839700259
W,2.7125,0.00010031897588183167,0.00013810313627170078,0.001,2.631629826274276,1.3469993130692455,1.3655006869307544,1.3655006869307544
W,2.715,0.00010061740460733826,0.00013856492613379057,0.001,2.6358813699056034,1.34900839134664,1.36599160865336,1.36599160865336
W,2.7175000000000002,0.00010091656601715562,0.00013902795776270222,0.001,2.640139308094864,1.351017943979419,1.3664820560205813,1.3664820560205813
W,2.72,0.0001012164615876164,0.0001394923424259924,0.001,2.6444042049583434,1.3530280111172448,1.3669719888827552,1.3669719888827552
W,2.7225,0.00010151709279679311,0.00013995801143501873,0.001,2.6486756984728634,1.35503856432094,1.3674614356790602,1.3674614356790602
W,2.725,0.00010181846112449345,0.00014042492918213157,0.001,2.652953598176733,1.3570495881138775,1.3679504118861223,1.3679504118861223
W,2.7275,0.00010212056805225655,0.00014089319467571818,0.001,2.6572384033727983,1.3590611175355585,1.3684388824644416,1.3684388824644416
W,2.73,0.00010242341506334837,0.00014136276786773746,0.001,2.6615299000012116,1.3610731352323873,1.3689268647676127,1.3689268647676127
W,2.7325,0.00010272700364275776,0.0001418335967317354,0.001,2.665827814194952,1.3630856197741765,1.3694143802258234,1.3694143802258234
W,2.735,0.00010303133968521001,0.0001423057747560986,0.001,2.670132615272999,1.365098603701093,1.369901396298907,1.369901396298907
W,2.7375000000000003,0.00010333642485778296,0.00014277927715660292,0.001,2.67444416780375,1.3671120755154267,1.3703879244845736,1.3703879244845736
W,2.74,0.00010364225624927781,0.00014325404212312603,0.001,2.6787621490127704,1.369126010452254,1.370873989547746,1.370873989547746
W,2.7425,0.00010394883535281234,0.00014373016458459038,0.001,2.6830870338018933,1.3711404411418338,1.3713595588581662,1.3713595588581662
W,2.745,0.0001042561636632119,0.00014420762120327465,0.001,2.6874186945637213,1.3731553567554784,1.3718446432445215,1.3718446432445215
W,2.7475,0.000104564242677005,0.00014468634723962192,0.001,2.6917567948460066,1.3751707317909225,1.3723292682090773,1.3723292682090773
W,2.75,0.00010487307389241844,0.00014516644625023846,0.001,2.696101851450287,1.3771866015366037,1.3728133984633963,1.3728133984633963
W,2.7525,0.00010518265880937325,0.00014564788207561727,0.001,2.70045367229449,1.3792029506886962,1.3732970493113037,1.3732970493113037
W,2.755,0.00010549299892947957,0.0001461305941252959,0.001,2.704811943222736,1.3812197555836194,1.3737802444163802,1.3737802444163802
W,2.7575,0.00010580409667637348,0.0001466147020026787,0.001,2.709177260016424,1.383237056714811,1.3742629432851892,1.3742629432851892
W,2.7600000000000002,0.00010611596212579993,0.00014710014199654676,0.001,2.7135492922988105,1.3852548292017093,1.3747451707982907,1.3747451707982907
W,2.7625,0.00010642858748933412,0.00014758686497366394,0.001,2.7179277849422427,1.3872730537741496,1.3752269462258508,1.3752269462258508
W,2.765,0.0001067419742766341,0.0001480750142407815,0.001,2.72231345056483,1.3892917786561898,1.37570822134381,1.37570822134381
W,2.7675,0.00010705612399902992,0.00014856448333251497,0.001,2.7267057451273615,1.391310964331361,1.376189035668639,1.376189035668639
W,2.77,0.00010737103816951942,0.00014905524211600876,0.001,2.731104510033245,1.3933305984564153,1.3766694015435845,1.3766694015435845
W,2.7725,0.00010768671830276301,0.000149547465500927,0.001,2.735510613384399,1.3953507394905311,1.3771492605094688,1.3771492605094688
W,2.775,0.00010800316591507887,0.0001500409885816215,0.001,2.7399232205365123,1.3973713282644347,1.3776286717355655,1.3776286717355655
W,2.7775,0.0001083203825244378,0.0001505358381707095,0.001,2.7443424582747005,1.3993923721732355,1.3781076278267645,1.3781076278267645
W,2.7800000000000002,0.0001086383776841324,0.00015103213844490552,0.001,2.748768937945749,1.401413911497403,1.3785860885025976,1.3785860885025976
W,2.7825,0.00010895714876531464,0.00015152974036134842,0.001,2.753201907445368,1.4034358933373727,1.3790641066626275,1.3790641066626275
W,2.785,0.00010927669361452617,0.0001520287185200317,0.001,2.7576417308637144,1.4054583411123676,1.3795416588876326,1.3795416588876326
W,2.7875,0.00010959701375769334,0.00015252911584743106,0.001,2.762088612857793,1.4074812671058634,1.3800187328941367,1.3800187328941367
W,2.79,0.00010991811072237612,0.00015303082139590313,0.001,2.766541993892003,1.4095046320359854,1.3804953679640146,1.3804953679640146
W,2.7925,0.00011023998603776359,0.00015353396140249632,0.001,2.771002492585113,1.411528476172079,1.380971523827921,1.380971523827921
W,2.795,0.00011056264123466816,0.0001540384805832642,0.001,2.775469825823556,1.4135527788941666,1.3814472211058333,1.3814472211058333
W,2.7975,0.0001108860779513774,0.00015454431450316697,0.001,2.7799436669889577,1.415577516995153,1.381922483004847,1.381922483004847
W,2.8000000000000003,0.00011121031059295266,0.00015505164983996612,0.001,2.7844249307927598,1.417602750022963,1.3823972499770372,1.3823972499770372
W,2.8025,0.00011153532793415788,0.00015556031561392788,0.001,2.78891276359517,1.4196284195894575,1.3828715804105427,1.3828715804105427
W,2.805,0.00011186113151368703,0.00015607035631105907,0.001,2.7934073775207344,1.4216545384720114,1.3833454615279888,1.3833454615279888
W,2.8075,0.00011218772287183722,0.00015658186693402566,0.001,2.797909231864034,1.4236811354843215,1.3838188645156788,1.3838188645156788
W,2.81,0.00011251510355050357,0.000157094703974014,0.001,2.802417611928099,1.4257081620674583,1.3842918379325417,1.3842918379325417
W,2.8125,0.00011284327509317344,0.00015760899572496586,0.001,2.8069331405300195,1.427735657764633,1.384764342235367,1.384764342235367
W,2.815,0.00011317223904492076,0.00015812469585204902,0.001,2.8114555811535604,1.4297636055238467,1.385236394476153,1.385236394476153
W,2.8175,0.00011350200974190228,0.00015864172933809876,0.001,2.815984558379378,1.4317919795370457,1.3857080204629542,1.3857080204629542
W,2.82,0.00011383257768162456,0.00015916030559142016,0.001,2.8205210892938384,1.4338208444877587,1.3861791555122411,1.3861791555122411
W,2.8225000000000002,0.00011416394290166346,0.00015968021981284088,0.001,2.8250641629461457,1.435850133257301,1.3866498667426992,1.3866498667426992
W,2.825,0.0001144961069548775,0.00016020156065713956,0.001,2.829614205135623,1.4378798721009913,1.3871201278990088,1.3871201278990088
W,2.8275,0.0001148290713956903,0.00016072436925055407,0.001,2.8341714076545355,1.4399100718488114,1.3875899281511888,1.3875899281511888
W,2.83,0.00011516283778008427,0.0001612485220718374,0.001,2.8387351604088438,1.441940691948175,1.388059308051825,1.388059308051825
W,2.8325,0.00011549741118314456,0.0001617742046468762,0.001,2.843306358438307,1.4439717883035572,1.388528211696443,1.388528211696443
W,2.835,0.00011583280170947172,0.0001623012700712169,0.001,2.847884278309371,1.4460033132027474,1.3889966867972525,1.3889966867972525
W,2.8375,0.0001161689990910729,0.000162829753666006,0.001,2.852469084115819,1.4480352758200703,1.3894647241799296,1.3894647241799296
W,2.84,0.00011650600489164331,0.00016335974478541316,0.001,2.8570612004993814,1.4500677015910435,1.3899322984089564,1.3899322984089564
W,2.8425000000000002,0.00011684382067641407,0.00016389109143547266,0.001,2.861659882761288,1.452100542051713,1.3903994579482872,1.3903994579482872
W,2.845,0.00011718244801214602,0.0001644239739871653,0.001,2.866265995775572,1.4541338503465586,1.3908661496534416,1.3908661496534416
W,2.8475,0.00011752188846712383,0.00016495826455574755,0.001,2.8708789123083576,1.4561675855567326,1.3913324144432675,1.3913324144432675
W,2.85,0.00011786215916586932,0.00016549398553522508,0.001,2.8754987329667423,1.4582017527243767,1.3917982472756234,1.3917982472756234
W,2.8525,0.00011820324748718615,0.00016603123314574782,0.001,2.880125912949484,1.4602363787907997,1.3922636212092,1.3922636212092
W,2.855,0.0001185451538858327,0.000166569847429533,0.001,2.884759673581649,1.46227141394053,1.39272858605947,1.39272858605947
W,2.8575,0.000118887879937711,0.00016711002516943922,0.001,2.8894009534778022,1.464306915043843,1.393193084956157,1.393193084956157
W,2.86,0.00011923142722022203,0.00016765161470120343,0.001,2.8940490147956286,1.4663428349834968,1.3936571650165028,1.3936571650165028
W,2.8625000000000003,0.00011957579731225945,0.0001681946686751664,0.001,2.898704102710681,1.468379187627309,1.3941208123726914,1.3941208123726914
W,2.865,0.00011992100869830523,0.0001687392466044671,0.001,2.903366493658934,1.4704159884982864,1.3945840115017136,1.3945840115017136
W,2.8675,0.00012026704721367049,0.0001692852021759002,0.001,2.908035479118009,1.472453192901394,1.3950468070986062,1.3950468070986062
W,2.87,0.00012061391353667986,0.0001698327712893395,0.001,2.9127121789388077,1.4744908678310655,1.3955091321689346,1.3955091321689346
W,2.8725,0.0001209616092537608,0.0001703817334366536,0.001,2.9173955307095643,1.4765289471548966,1.3959710528451033,1.3959710528451033
W,2.875,0.00012131013595280753,0.0001709322169884566,0.001,2.922086139418595,1.4785674663494455,1.3964325336505545,1.3964325336505545
W,2.8775,0.0001216594996018718,0.00017148419888181153,0.001,2.926783886193332,1.4806064167699182,1.3968935832300817,1.3968935832300817
W,2.88,0.00012200971202536364,0.00017203761201648544,0.001,2.9314884438947653,1.4826457774424529,1.3973542225575473,1.3973542225575473
W,2.8825,0.00012236076046275027,0.000172592626841914,0.001,2.936200614287647,1.4846855951486637,1.3978144048513363,1.3978144048513363
W,2.8850000000000002,0.00012271264650939054,0.00017314903504433177,0.001,2.9409193995842164,1.4867258087465816,1.3982741912534187,1.3982741912534187
W,2.8875,0.00012306537176208306,0.00017370704572823332,0.001,2.9456457837185264,1.488766475714705,1.398733524285295,1.398733524285295
W,2.89,0.00012341893781905945,0.00017426650500152954,0.001,2.950379028534369,1.4908075506644498,1.3991924493355503,1.3991924493355503
W,2.8925,0.00012377336124530787,0.00017482748403213838,0.001,2.955119463216622,1.4928490519129518,1.3996509480870485,1.3996509480870485
W,2.895,0.0001241286339276926,0.00017539000757506505,0.001,2.9598671958879095,1.4948909844379432,1.400109015562057,1.400109015562057
W,2.8975,0.0001244847524859269,0.00017595397032444068,0.001,2.964621721514113,1.4969333172096193,1.4005666827903804,1.4005666827903804
W,2.9,0.00012484171852561305,0.00017651957134882395,0.001,2.969383970289504,1.4989761035463824,1.4010238964536175,1.4010238964536175
W,2.9025,0.00012519953365375806,0.00017708658113940447,0.001,2.9741528525698273,1.5010192782389837,1.4014807217610161,1.4014807217610161
W,2.9050000000000002,0.00012555820935533134,0.00017765522498471842,0.001,2.9789294203796852,1.5030629014903467,1.4019370985096535,1.4019370985096535
W,2.9075,0.0001259177486997333,0.00017822533033524192,0.001,2.9837128538222815,1.505106924137038,1.402393075862962,1.402393075862962
W,2.91,0.00012627814223764404,0.0001787969972219814,0.001,2.988503614791639,1.507151371791639,1.402848628208361,1.402848628208361
W,2.9125,0.00012663939158336359,0.0001793702113485657,0.001,2.993301627340625,1.5091962386630664,1.4033037613369337,1.4033037613369337
W,2.915,0.00012700149835256707,0.00017994491687644548,0.001,2.9981066221479753,1.5112415079932595,1.4037584920067405,1.4037584920067405
W,2.9175,0.00012736447239277982,0.00018052125300528299,0.001,3.0029192416502135,1.5132872153730952,1.404212784626905,1.404212784626905
W,2.92,0.00012772832110154726,0.0001810990129050829,0.001,3.007738511362012,1.5153333036767604,1.4046666963232397,1.4046666963232397
W,2.9225,0.0001280930323721733,0.00018167848420635733,0.001,3.0125657652598963,1.5173798478442941,1.4051201521557057,1.4051201521557057
W,2.9250000000000003,0.00012845860782754445,0.0001822593841044608,0.001,3.0173996760748905,1.5194267708744418,1.4055732291255587,1.4055732291255587
W,2.9275,0.00012882504909189223,0.00018284193392703376,0.001,3.0222412666586878,1.5214741296749434,1.406025870325057,1.406025870325057
W,2.93,0.00012919236794820124,0.00018342598704492474,0.001,3.027089846091597,1.5235218837491564,1.4064781162508437,1.4064781162508437
W,2.9325,0.00012956056900784662,0.00018401163121604296,0.001,3.031945814312378,1.5255700544843995,1.4069299455156008,1.4069299455156008
W,2.935,0.0001299296410479961,0.000184598850782068,0.001,3.0368090897705273,1.52761863593321,1.4073813640667898,1.4073813640667898
W,2.9375,0.00013029958570000657,0.0001851876051947868,0.001,3.041679476660118,1.5296676159130658,1.407832384086934,1.407832384086934
W,2.94,0.00013067040459654772,0.0001857780044432948,0.001,3.0465574754406766,1.5317170210799318,1.4082829789200682,1.4082829789200682
W,2.9425,0.0001310421151626168,0.00018636988505650248,0.001,3.05144232211096,1.5337668076223585,1.4087331923776414,1.4087331923776414
W,2.945,0.0001314147118425551,0.00018696347722697002,0.001,3.0563350713981547,1.53581703286364,1.4091829671363598,1.4091829671363598
W,2.9475000000000002,0.00013178818797152044,0.0001875585170337495,0.001,3.061234497209882,1.5378676276075107,1.4096323723924893,1.4096323723924893
W,2.95,0.0001321625451892183,0.00018815529840154682,0.001,3.066141945902658,1.5399186649796108,1.4100813350203896,1.4100813350203896
W,2.9525,0.00013253778519349904,0.00018875354897805033,0.001,3.0710561548886206,1.5419700741327347,1.4105299258672654,1.4105299258672654
W,2.955,0.00013291393472437122,0.0001893534973046732,0.001,3.0759781671738895,1.5440219111440414,1.4109780888559589,1.4109780888559589
W,2.9575,0.0001332909705755563,0.00018995497187086904,0.001,3.0809071861418333,1.5460741310963528,1.4114258689036472,1.4114258689036472
W,2.96,0.0001336688943937274,0.00019055810334227795,0.001,3.0858438033879527,1.5481267650940187,1.4118732349059813,1.4118732349059813
W,2.9625,0.00013404770782681142,0.00019116281511970205,0.001,3.0907876590219048,1.550179792248272,1.4123202077517278,1.4123202077517278
W,2.965,0.00013442742489120263,0.0001917691459876342,0.001,3.0957389226736898,1.552233220587484,1.4127667794125158,1.4127667794125158
W,2.9675000000000002,0.00013480804886554417,0.00019237710819843633,0.001,3.10069764153105,1.55428705135923,1.41321294864077,1.41321294864077
W,2.97,0.00013518956771900372,0.0001929866547804014,0.001,3.105663593108996,1.556341271403198,1.4136587285968023,1.4136587285968023
W,2.9725,0.00013557198310637806,0.00019359788064637285,0.001,3.1106372016175583,1.55839590222076,1.4141040977792398,1.4141040977792398
W,2.975,0.00013595529822541758,0.00019421065932564426,0.001,3.1156178827170553,1.5604509113407046,1.4145490886592955,1.4145490886592955
W,2.9775,0.0001363395388791933,0.0001948251620672296,0.001,3.120606407172035,1.5625063386451563,1.4149936613548435,1.4149936613548435
W,2.98,0.00013672468135791682,0.0001954411892928301,0.001,3.1256018594625767,1.5645621342202984,1.4154378657797015,1.4154378657797015
W,2.9825,0.00013711072732317992,0.0001960589821281194,0.001,3.130605326023585,1.5666183544654388,1.415881645534561,1.415881645534561
W,2.985,0.00013749767843776594,0.00019667827441480245,0.001,3.1356155912479555,1.5686749338829864,1.4163250661170135,1.4163250661170135
W,2.9875000000000003,0.0001378855573383721,0.00019729937055850644,0.001,3.1406340259359418,1.5707319435353169,1.4167680564646836,1.4167680564646836
W,2.99,0.00013827435218712714,0.00019792195030562783,0.001,3.145659172203488,1.5727893055667195,1.4172106944332807,1.4172106944332807
W,2.9925,0.00013866405750847662,0.00019854635714913787,0.001,3.150692574603575,1.5748470997291517,1.4176529002708484,1.4176529002708484
W,2.995,0.00013905467497189345,0.00019917225773529392,0.001,3.155732719125734,1.5769052456794157,1.4180947543205846,1.4180947543205846
W,2.9975,0.0001394462216488897,0.00019979997175095248,0.001,3.160781039647734,1.578963816941924,1.418536183058076,1.418536183058076
W,3.0,0.00013983869776683857,0.00020042920634602947,0.001,3.1658362079963016,1.581022743310578,1.418977256689422,1.418977256689422
Pt,0.0,0.0,0.0,0.0,1.0,0.0,0.0,0.0
Pt,0.0025,3.922156180291439e-09,3.922156180291439e-09,3.922156180291439e-09,1.0,4.1228420473413065e-05,0.002458771579526587,0.002458771579526587
Pt,0.005,7.877318195360366e-09,7.877318195360366e-09,7.877318195360366e-09,1.0,8.284277402667883e-05,0.004917157225973322,0.004917157225973322
Pt,0.0075,1.1865888000373021e-08,1.1865888000373021e-08,1.1865888000373021e-08,1.0,0.00012484831381562512,0.007375151686184375,0.007375151686184375
Pt,0.01,1.5888067361800946e-08,1.5888067361800946e-08,1.5888067361800946e-08,1.0,0.00016724796186314895,0.009832752038136851,0.009832752038136851
Pt,0.0125,1.994412630873696e-08,1.994412630873696e-08,1.994412630873696e-08,1.0,0.00021004544956313998,0.01228995455043686,0.01228995455043686
Pt,0.015,2.403441125644679e-08,2.403441125644679e-08,2.403441125644679e-08,1.0,0.0002532454185865739,0.014746754581413425,0.014746754581413425
Pt,0.0175,2.8159059130077857e-08,2.8159059130077857e-08,2.8159059130077857e-08,1.0,0.0002968500562747635,0.01720314994372524,0.01720314994372524
Pt,0.02,3.231854508686421e-08,3.231854508686421e-08,3.231854508686421e-08,1.0,0.0003408655463163426,0.01965913445368366,0.01965913445368366
Pt,0.0225,3.6512960005463446e-08,3.6512960005463446e-08,3.6512960005463446e-08,1.0,0.00038529355220565906,0.02211470644779434,0.02211470644779434
Pt,0.025,4.074269582922819e-08,4.074269582922819e-08,4.074269582922819e-08,1.0,0.00043013930202060434,0.024569860697979395,0.024569860697979395
Pt,0.0275,4.500800608345984e-08,4.500800608345984e-08,4.500800608345984e-08,1.0,0.00047540640087000147,0.027024593599130002,0.027024593599130002
Pt,0.03,4.9309122544145666e-08,4.9309122544145666e-08,4.9309122544145666e-08,1.0,0.0005210982053033882,0.029478901794696612,0.029478901794696612
Pt,0.0325,5.3646472719794193e-08,5.3646472719794193e-08,5.3646472719794193e-08,1.0,0.0005672204080292768,0.031932779591970724,0.031932779591970724
Pt,0.035,5.8020170878534024e-08,5.8020170878534024e-08,5.8020170878534024e-08,1.0,0.0006137749917159246,0.034386225008284074,0.034386225008284074
Pt,0.0375,6.243066782889606e-08,6.243066782889606e-08,6.243066782889606e-08,1.0,0.00066076795379525,0.03683923204620475,0.03683923204620475
Pt,0.04,6.68781530538838e-08,6.68781530538838e-08,6.68781530538838e-08,1.0,0.0007082021923578935,0.03929179780764211,0.03929179780764211
Pt,0.0425,7.136293219282628e-08,7.136293219282628e-08,7.136293219282628e-08,1.0,0.0007560820003355217,0.04174391799966448,0.04174391799966448
Pt,0.045,7.588539054702292e-08,7.588539054702292e-08,7.588539054702292e-08,1.0,0.0008044126377927378,0.04419558736220726,0.04419558736220726
Pt,0.0475,8.044567662610792e-08,8.044567662610792e-08,8.044567662610792e-08,1.0,0.0008531965418414264,0.046646803458158574,0.046646803458158574
Pt,0.05,8.504427416823184e-08,8.504427416823184e-08,8.504427416823184e-08,1.0,0.0009024401798476535,0.04909755982015235,0.04909755982015235
Pt,0.0525,8.968134356530446e-08,8.968134356530446e-08,8.968134356530446e-08,1.0,0.0009521461527562168,0.05154785384724378,0.05154785384724378
Pt,0.055,9.435722835865867e-08,9.435722835865867e-08,9.435722835865867e-08,1.0,0.001002319271532199,0.0539976807284678,0.0539976807284678
Pt,0.0575,9.907230960936516e-08,9.907230960936516e-08,9.907230960936516e-08,1.0,0.0010529648149768484,0.056447035185023156,0.056447035185023156
Pt,0.06,1.0382675162778422e-07,1.0382675162778422e-07,1.0382675162778422e-07,1.0,0.0011040854597733276,0.058895914540226676,0.058895914540226676
Pt,0.0625,1.0862105036981174e-07,1.0862105036981174e-07,1.0862105036981174e-07,1.0,0.0011556878997949196,0.06134431210020507,0.06134431210020507
Pt,0.065,1.1345537896286621e-07,1.1345537896286621e-07,1.1345537896286621e-07,1.0,0.001207774940767852,0.06379222505923215,0.06379222505923215
Pt,0.0675,1.1833007582743079e-07,1.1833007582743079e-07,1.1833007582743079e-07,1.0,0.0012603513983649574,0.06623964860163505,0.06623964860163505
Pt,0.07,1.232455629718666e-07,1.232455629718666e-07,1.232455629718666e-07,1.0,0.0013134231189139564,0.06868657688108605,0.06868657688108605
Pt,0.0725,1.2820199848157467e-07,1.2820199848157467e-07,1.2820199848157467e-07,1.0,0.0013669927554126498,0.07113300724458733,0.07113300724458733
Pt,0.075,1.3319986590835256e-07,1.3319986590835256e-07,1.3319986590835256e-07,1.0,0.0014210669315016375,0.07357893306849835,0.07357893306849835
Pt,0.0775,1.3823940066725814e-07,1.3823940066725814e-07,1.3823940066725814e-07,1.0,0.001475649264742781,0.0760243507352572,0.0760243507352572
Pt,0.08,1.4332088510344196e-07,1.4332088510344196e-07,1.4332088510344196e-07,1.0,0.0015307439537489054,0.0784692560462511,0.0784692560462511
Pt,0.0825,1.48444835464446e-07,1.48444835464446e-07,1.48444835464446e-07,1.0,0.0015863580722252691,0.08091364192777473,0.08091364192777473
Pt,0.085,1.5361137755985892e-07,1.5361137755985892e-07,1.5361137755985892e-07,1.0,0.001642493931008002,0.083357506068992,0.083357506068992
Pt,0.08750000000000001,1.588209535315992e-07,1.588209535315992e-07,1.588209535315992e-07,1.0,0.001699157726032541,0.08580084227396748,0.08580084227396748
Pt,0.09,1.640739192950259e-07,1.640739192950259e-07,1.640739192950259e-07,1.0,0.0017563546134123237,0.08824364538658767,0.08824364538658767
Pt,0.0925,1.6937048956903725e-07,1.6937048956903725e-07,1.6937048956903725e-07,1.0,0.0018140880246138194,0.09068591197538618,0.09068591197538618
Pt,0.095,1.7471119233267173e-07,1.7471119233267173e-07,1.7471119233267173e-07,1.0,0.001872365261535967,0.09312763473846404,0.09312763473846404
Pt,0.0975,1.8009623543519124e-07,1.8009623543519124e-07,1.8009623543519124e-07,1.0,0.001931189696823474,0.09556881030317653,0.09556881030317653
Pt,0.1,1.8552593740666803e-07,1.8552593740666803e-07,1.8552593740666803e-07,1.0,0.0019905660771886405,0.09800943392281136,0.09800943392281136
Pt,0.10250000000000001,1.9100084256285095e-07,1.9100084256285095e-07,1.9100084256285095e-07,1.0,0.0020505019597937195,0.1004494980402063,0.1004494980402063
Pt,0.105,1.965210872607419e-07,1.965210872607419e-07,1.965210872607419e-07,1.0,0.002110999865721731,0.10288900013427826,0.10288900013427826
Pt,0.1075,2.0208710658411693e-07,2.0208710658411693e-07,2.0208710658411693e-07,1.0,0.0021720660283896078,0.10532793397161037,0.10532793397161037
Pt,0.11,2.0769933195840192e-07,2.0769933195840192e-07,2.0769933195840192e-07,1.0,0.0022337066555096706,0.10776629334449032,0.10776629334449032
Pt,0.1125,2.1335796551968105e-07,2.1335796551968105e-07,2.1335796551968105e-07,1.0,0.002295925115584814,0.11020407488441519,0.11020407488441519
Pt,0.115,2.1906350175200665e-07,2.1906350175200665e-07,2.1906350175200665e-07,1.0,0.00235872843065854,0.11264127156934146,0.11264127156934146
Pt,0.11750000000000001,2.248162769130936e-07,2.248162769130936e-07,2.248162769130936e-07,1.0,0.002422121667839938,0.11507787833216007,0.11507787833216007
Pt,0.12,2.3061655028351822e-07,2.3061655028351822e-07,2.3061655028351822e-07,1.0,0.0024861089426675017,0.1175138910573325,0.1175138910573325
Pt,0.1225,2.364648657559366e-07,2.364648657559366e-07,2.364648657559366e-07,1.0,0.002550697947149263,0.11994930205285073,0.11994930205285073
Pt,0.125,2.4236148437070634e-07,2.4236148437070634e-07,2.4236148437070634e-07,1.0,0.0026158928473552653,0.12238410715264474,0.12238410715264474
Pt,0.1275,2.4830671281134455e-07,2.4830671281134455e-07,2.4830671281134455e-07,1.0,0.002681698390157843,0.12481830160984214,0.12481830160984214
Pt,0.13,2.5430113317510005e-07,2.5430113317510005e-07,2.5430113317510005e-07,1.0,0.0027481228018850037,0.127251877198115,0.127251877198115
Pt,0.1325,2.6034495362542185e-07,2.6034495362542185e-07,2.6034495362542185e-07,1.0,0.002815169620418865,0.12968483037958115,0.12968483037958115
Pt,0.135,2.6643851731940317e-07,2.6643851731940317e-07,2.6643851731940317e-07,1.0,0.002882844091659292,0.13211715590834075,0.13211715590834075
Pt,0.1375,2.7258243205559215e-07,2.7258243205559215e-07,2.7258243205559215e-07,1.0,0.0029511548222339013,0.1345488451777661,0.1345488451777661
Pt,0.14,2.7877687802265587e-07,2.7877687802265587e-07,2.7877687802265587e-07,1.0,0.0030201050307040065,0.136979894969296,0.136979894969296
Pt,0.14250000000000002,2.850222226486389e-07,2.850222226486389e-07,2.850222226486389e-07,1.0,0.003089700311719203,0.1394102996882808,0.1394102996882808
Pt,0.145,2.913190855390019e-07,2.913190855390019e-07,2.913190855390019e-07,1.0,0.003159949478333005,0.14184005052166698,0.14184005052166698
Pt,0.1475,2.976676465526598e-07,2.976676465526598e-07,2.976676465526598e-07,1.0,0.003230855777564186,0.1442691442224358,0.1442691442224358
Pt,0.15,3.0406828382247954e-07,3.0406828382247954e-07,3.0406828382247954e-07,1.0,0.003302424983112751,0.14669757501688724,0.14669757501688724
Pt,0.1525,3.1052161337845716e-07,3.1052161337845716e-07,3.1052161337845716e-07,1.0,0.0033746659191661076,0.1491253340808339,0.1491253340808339
Pt,0.155,3.1702784532898764e-07,3.1702784532898764e-07,3.1702784532898764e-07,1.0,0.003447582250957514,0.1515524177490425,0.1515524177490425
Pt,0.1575,3.235873534868676e-07,3.2358735348686764e-07,3.2358735348686764e-07,1.0000000000000002,0.0035211797405802457,0.15397882025941978,0.15397882025941978
Pt,0.16,3.302007333340659e-07,3.30200733334066e-07,3.30200733334066e-07,1.0000000000000002,0.003595467004989825,0.15640453299501017,0.15640453299501017
Pt,0.1625,3.36868258943698e-07,3.3686825894369815e-07,3.3686825894369815e-07,1.0000000000000004,0.0036704485626161865,0.1588295514373838,0.1588295514373838
Pt,0.165,3.435902832243482e-07,3.4359028322434847e-07,3.4359028322434847e-07,1.0000000000000009,0.0037461299507052185,0.16125387004929478,0.16125387004929478
Pt,0.1675,3.5036736243948336e-07,3.503673624394839e-07,3.503673624394839e-07,1.0000000000000016,0.003822519335791929,0.1636774806642081,0.1636774806642081
Pt,0.17,3.5719987169095644e-07,3.571998716909574e-07,3.571998716909574e-07,1.0000000000000027,0.0038996225731416545,0.16610037742685835,0.16610037742685835
Pt,0.17250000000000001,3.6408812473380703e-07,3.640881247338088e-07,3.640881247338088e-07,1.0000000000000049,0.003977444737610553,0.16852255526238946,0.16852255526238946
Pt,0.17500000000000002,3.7103261813112713e-07,3.7103261813112994e-07,3.7103261813112994e-07,1.000000000000008,0.004055993275456023,0.170944006724544,0.170944006724544
Pt,0.1775,3.78033868650493e-07,3.780338686504979e-07,3.780338686504979e-07,1.0000000000000138,0.004135275914696391,0.1733647240853036,0.1733647240853036
Pt,0.18,3.850921308672515e-07,3.850921308672599e-07,3.850921308672599e-07,1.0000000000000224,0.00421529700414043,0.17578470299585958,0.17578470299585958
Pt,0.1825,3.922078319300605e-07,3.922078319300744e-07,3.922078319300744e-07,1.0000000000000369,0.004296063136248095,0.17820393686375188,0.17820393686375188
Pt,0.185,3.9938163662218474e-07,3.993816366222076e-07,3.993816366222076e-07,1.000000000000059,0.004377584008954267,0.18062241599104573,0.18062241599104573
Pt,0.1875,4.066137565148488e-07,4.0661375651488574e-07,4.0661375651488574e-07,1.0000000000000941,0.004459863448187329,0.18304013655181267,0.18304013655181267
Pt,0.19,4.1390461375675144e-07,4.139046137568106e-07,4.139046137568106e-07,1.0000000000001477,0.004542908025097367,0.18545709197490265,0.18545709197490265
Pt,0.1925,4.2125476490285534e-07,4.2125476490294857e-07,4.2125476490294857e-07,1.000000000000229,0.004626726079963443,0.18787327392003655,0.18787327392003655
Pt,0.195,4.286646593292554e-07,4.2866465932940083e-07,4.2866465932940083e-07,1.0000000000003513,0.004711324573815384,0.1902886754261846,0.1902886754261846
Pt,0.1975,4.361346126342959e-07,4.361346126345203e-07,4.361346126345203e-07,1.000000000000533,0.004796708730283631,0.1927032912697164,0.1927032912697164
Pt,0.2,4.436650699907715e-07,4.436650699911142e-07,4.436650699911142e-07,1.0000000000008,0.0048828854776441916,0.19511711452235583,0.19511711452235583
Pt,0.2025,4.5125670028012526e-07,4.512567002806434e-07,4.512567002806434e-07,1.0000000000011897,0.0049698646968250795,0.19753013530317493,0.19753013530317493
Pt,0.20500000000000002,4.589097581698166e-07,4.5890975817059206e-07,4.5890975817059206e-07,1.0000000000017517,0.005057650850009419,0.19994234914999057,0.19994234914999057
Pt,0.20750000000000002,4.666246725037703e-07,4.666246725049201e-07,4.666246725049201e-07,1.0000000000025548,0.005146250693568168,0.20235374930643185,0.20235374930643185
Pt,0.21,4.744019440295365e-07,4.744019440312253e-07,4.744019440312253e-07,1.0000000000036928,0.005235671944398897,0.2047643280556011,0.2047643280556011
Pt,0.2125,4.822421837951055e-07,4.822421837975652e-07,4.822421837975652e-07,1.0000000000052924,0.00532592379314763,0.20717407620685235,0.20717407620685235
Pt,0.215,4.901456555653123e-07,4.901456555688637e-07,4.901456555688637e-07,1.0000000000075207,0.005417010861744044,0.20958298913825596,0.20958298913825596
Pt,0.2175,4.981128226740497e-07,4.981128226791347e-07,4.981128226791347e-07,1.0000000000105997,0.005508940414768493,0.2119910595852315,0.2119910595852315
Pt,0.22,5.061442268910956e-07,5.061442268983186e-07,5.061442268983186e-07,1.0000000000148235,0.005601720770466254,0.21439827922953375,0.21439827922953375
Pt,0.2225,5.142404254207572e-07,5.142404254309409e-07,5.142404254309409e-07,1.0000000000205773,0.005695360470596527,0.2168046395294035,0.2168046395294035
Pt,0.225,5.224017258397754e-07,5.224017258540251e-07,5.224017258540251e-07,1.0000000000283535,0.005789864756893913,0.2192101352431061,0.2192101352431061
Pt,0.2275,5.30628601896938e-07,5.306286019167327e-07,5.306286019167327e-07,1.00000000003879,0.00588524108528858,0.22161475891471144,0.22161475891471144
Pt,0.23,5.389215921704927e-07,5.389215921977987e-07,5.389215921977987e-07,1.0000000000527074,0.005981497789026653,0.22401850221097336,0.22401850221097336
Pt,0.2325,5.472812872670835e-07,5.472812873045056e-07,5.472812873045056e-07,1.0000000000711557,0.0060786439129922685,0.22642135608700772,0.22642135608700772
Pt,0.23500000000000001,5.557079955498346e-07,5.557079956007831e-07,5.557079956007831e-07,1.0000000000954405,0.006176684749354577,0.22882331525064545,0.22882331525064545
Pt,0.23750000000000002,5.642022011851888e-07,5.642022012541108e-07,5.642022012541108e-07,1.0000000001272134,0.006275627943996244,0.23122437205600377,0.23122437205600377
Pt,0.24,5.727643909572089e-07,5.727643910498704e-07,5.727643910498704e-07,1.0000000001685387,0.006375481190196953,0.23362451880980303,0.23362451880980303
Pt,0.2425,5.813952830570148e-07,5.813952831808759e-07,5.813952831808759e-07,1.0000000002220322,0.006476255298981835,0.23602374470101817,0.23602374470101817
Pt,0.245,5.90095142677874e-07,5.900951428424857e-07,5.900951428424857e-07,1.0000000002908398,0.006577955021654901,0.2384220449783451,0.2384220449783451
Pt,0.2475,5.988644627188387e-07,5.988644629363782e-07,5.988644629363782e-07,1.0000000003788716,0.006680588169616494,0.2408194118303835,0.2408194118303835
Pt,0.25,6.077037403618915e-07,6.07703740647811e-07,6.07703740647811e-07,1.0000000004909129,0.006784162623461709,0.24321583737653832,0.24321583737653832
Pt,0.2525,6.166135764136776e-07,6.166135767875051e-07,6.166135767875051e-07,1.000000000632847,0.006888687673024667,0.2456113123269753,0.2456113123269753
Pt,0.255,6.255944946198044e-07,6.255944951061334e-07,6.255944951061334e-07,1.000000000811793,0.006994171585255662,0.24800582841474433,0.24800582841474433
Pt,0.2575,6.346468775293923e-07,6.346468781589232e-07,6.346468781589232e-07,1.00000000103625,0.0071006207301932255,0.25039937926980677,0.25039937926980677
Pt,0.26,6.437712326839627e-07,6.437712334949181e-07,6.437712334949181e-07,1.000000001316497,0.007208043172835132,0.25279195682716493,0.25279195682716493
Pt,0.2625,6.529680702257593e-07,6.529680712655159e-07,6.529680712655159e-07,1.0000000016648385,0.007316447024015561,0.25518355297598444,0.25518355297598444
Pt,0.265,6.622380248989361e-07,6.622380262260259e-07,6.622380262260259e-07,1.0000000020961106,0.007425842096138378,0.2575741579038617,0.2575741579038617
Pt,0.2675,6.715815818934146e-07,6.715815835799031e-07,6.715815835799031e-07,1.0000000026277793,0.007536236187282196,0.2599637638127178,0.2599637638127178
Pt,0.27,6.809991667166466e-07,6.809991688506058e-07,6.809991688506058e-07,1.0000000032803733,0.007647636291438176,0.26235236370856185,0.26235236370856185
Pt,0.2725,6.904912997964253e-07,6.904913024852441e-07,6.904913024852441e-07,1.0000000040782093,0.007760050699214441,0.2647399493007856,0.2647399493007856
Pt,0.275,7.000585041414116e-07,7.000585075155323e-07,7.000585075155323e-07,1.000000005049841,0.007873487745797802,0.26712651225420225,0.26712651225420225
Pt,0.2775,7.097013523675358e-07,7.097013565847369e-07,7.097013565847369e-07,1.0000000062288315,0.007987956452848957,0.2695120435471511,0.2695120435471511
Pt,0.28,7.194204802296249e-07,7.194204854808976e-07,7.194204854808976e-07,1.0000000076546276,0.008103466716931773,0.27189653328306823,0.27189653328306823
Pt,0.28250000000000003,7.292162627529395e-07,7.292162692672016e-07,7.292162692672016e-07,1.000000009372132,0.008220024881626445,0.2742799751183736,0.2742799751183736
Pt,0.28500000000000003,7.390892331250067e-07,7.390892411763856e-07,7.390892411763856e-07,1.0000000114338585,0.008337639456096042,0.27666236054390403,0.27666236054390403
Pt,0.28750000000000003,7.490399270861878e-07,7.490399370018558e-07,7.490399370018558e-07,1.000000013900453,0.00845631899253266,0.2790436810074674,0.2790436810074674
Pt,0.29,7.590688829235144e-07,7.590688950926912e-07,7.590688950926912e-07,1.0000000168417387,0.0085760720858201,0.28142392791417986,0.28142392791417986
Pt,0.2925,7.691766882145491e-07,7.691767030984014e-07,7.691767030984014e-07,1.0000000203382453,0.008696908015910835,0.28380309198408915,0.28380309198408915
Pt,0.295,7.793639776319224e-07,7.793639957779278e-07,7.793639957779278e-07,1.0000000244827383,0.008818836720874005,0.28618116327912596,0.28618116327912596
Pt,0.2975,7.8963115725141e-07,7.896311793032416e-07,7.896311793032416e-07,1.0000000293790159,0.008941865001328559,0.28855813499867145,0.28855813499867145
Pt,0.3,7.999787753672478e-07,7.999788020814213e-07,7.999788020814213e-07,1.0000000351463438,0.009066001617647892,0.2909339983823521,0.2909339983823521
Pt,0.3025,8.104073827819651e-07,8.104074150450973e-07,8.104074150450973e-07,1.0000000419201083,0.009191255370998094,0.29330874462900186,0.29330874462900186
Pt,0.305,8.209175327981459e-07,8.209175716464537e-07,8.209175716464537e-07,1.000000049853596,0.009317635102932409,0.29568236489706756,0.29568236489706756
Pt,0.3075,8.315097812098352e-07,8.315098278511102e-07,8.315098278511102e-07,1.0000000591199192,0.009445149694974715,0.2980548503050253,0.2980548503050253
Pt,0.31,8.421847274374811e-07,8.42184783273696e-07,8.42184783273696e-07,1.0000000699149612,0.009573808638082527,0.3004261913619175,0.3004261913619175
Pt,0.3125,8.529430106527561e-07,8.52943077317221e-07,8.52943077317221e-07,1.0000000824600908,0.009703621981652226,0.30279637801834774,0.30279637801834774
Pt,0.315,8.637850718514025e-07,8.63785151228071e-07,8.63785151228071e-07,1.0000000969989011,0.009834597033066725,0.3051654029669333,0.3051654029669333
Pt,0.3175,8.747114765700327e-07,8.747115708326337e-07,8.747115708326337e-07,1.0000001138064036,0.009966742827369902,0.3075332571726301,0.3075332571726301
Pt,0.32,8.857227927855786e-07,8.857229044362109e-07,8.857229044362109e-07,1.0000001331895425,0.010100068437289594,0.3098999315627104,0.3098999315627104
Pt,0.3225,8.968195909044941e-07,8.968197228165272e-07,8.968197228165272e-07,1.0000001554901534,0.010234582972758406,0.3122654170272416,0.3122654170272416
Pt,0.325,9.080024437515805e-07,9.080025992172514e-07,9.080025992172514e-07,1.0000001810881212,0.010370295580424868,0.31462970441957516,0.31462970441957516
Pt,0.3275,9.19271926558442e-07,9.192721093415504e-07,9.192721093415504e-07,1.0000002104047385,0.010507215443155212,0.31699278455684476,0.31699278455684476
Pt,0.33,9.306286169515657e-07,9.306288313456987e-07,9.306288313456987e-07,1.0000002439062714,0.010645351779526045,0.31935464822047394,0.31935464822047394
Pt,0.3325,9.420731271308799e-07,9.420733780115077e-07,9.420733780115077e-07,1.0000002821096554,0.010784714292993769,0.32171528570700625,0.32171528570700625
Pt,0.335,9.536060969000674e-07,9.536063898379575e-07,9.536063898379575e-07,1.000000325587092,0.01092531307686823,0.3240746869231318,0.3240746869231318
Pt,0.3375,9.652280173756472e-07,9.652283586668176e-07,9.652283586668176e-07,1.000000374958445,0.011067156146184988,0.32643284385381505,0.32643284385381505
Pt,0.34,9.769394754792869e-07,9.769398722473916e-07,9.769398722473916e-07,1.0000004309100063,0.011210252854701933,0.32878974714529813,0.32878974714529813
Pt,0.3425,9.887410604590197e-07,9.88741520748581e-07,9.88741520748581e-07,1.000000494194171,0.011354612589174142,0.3311453874108259,0.3311453874108259
Pt,0.34500000000000003,1.0006333638749766e-06,1.0006338967532742e-06,1.0006338967532742e-06,1.0000005656343491,0.011500244768797598,0.3334997552312024,0.3334997552312024
Pt,0.34750000000000003,1.0126169795847229e-06,1.0126175952529592e-06,1.0126175952529592e-06,1.0000006461301199,0.011647158844646082,0.33585284115535396,0.33585284115535396
Pt,0.35000000000000003,1.0246925037282052e-06,1.0246932136425865e-06,1.0246932136425865e-06,1.0000007366626218,0.011795364299101467,0.33820463570089854,0.33820463570089854
Pt,0.3525,1.0368605347122977e-06,1.0368613517157103e-06,1.0368613517157103e-06,1.0000008383001873,0.011944870645277926,0.3405551293547221,0.3405551293547221
Pt,0.355,1.049121673194955e-06,1.049122611659932e-06,1.049122611659932e-06,1.000000952204219,0.01209568742644035,0.34290431257355963,0.34290431257355963
Pt,0.3575,1.0614765220689609e-06,1.0614775980526767e-06,1.0614775980526767e-06,1.000001079635311,0.012247824215417398,0.3452521757845826,0.3452521757845826
Pt,0.36,1.0739256864452795e-06,1.0739269178573226e-06,1.0739269178573226e-06,1.0000012219596128,0.012401290614009611,0.34759870938599036,0.34759870938599036
Pt,0.3625,1.0864697736360009e-06,1.0864711804197164e-06,1.0864711804197164e-06,1.0000013806554382,0.012556096252392911,0.3499439037476071,0.3499439037476071
Pt,0.365,1.0991093931368819e-06,1.099110997465101e-06,1.099110997465101e-06,1.000001557320115,0.012712250788518072,0.3522877492114819,0.3522877492114819
Pt,0.3675,1.1118451566094828e-06,1.1118469830954756e-06,1.1118469830954756e-06,1.000001753677076,0.01286976390750638,0.3546302360924936,0.3546302360924936
Pt,0.37,1.1246776778628899e-06,1.1246797537874208e-06,1.1246797537874208e-06,1.000001971583187,0.013028645321042037,0.35697135467895796,0.35697135467895796
Pt,0.3725,1.1376075728350375e-06,1.1376099283904146e-06,1.1376099283904146e-06,1.000002213036311,0.01318890476676176,0.35931109523323823,0.35931109523323823
Pt,0.375,1.150635459573612e-06,1.1506381281256593e-06,1.1506381281256593e-06,1.0000024801831022,0.013350552007641882,0.3616494479923581,0.3616494479923581
Pt,0.3775,1.163761958216546e-06,1.1637649765854503e-06,1.1637649765854503e-06,1.000002775327028,0.013513596831383522,0.36398640316861647,0.36398640316861647
Pt,0.38,1.1769876909720992e-06,1.1769910997331074e-06,1.1769910997331074e-06,1.0000031009366115,0.013678049049796146,0.36632195095020387,0.36632195095020387
Pt,0.3825,1.1903132820985243e-06,1.190317125903494e-06,1.190317125903494e-06,1.0000034596538905,0.013843918498180065,0.36865608150182,0.36865608150182
Pt,0.385,1.2037393578833156e-06,1.2037436858041485e-06,1.2037436858041485e-06,1.0000038543030867,0.014011215034708167,0.37098878496529186,0.37098878496529186
Pt,0.3875,1.2172665466220449e-06,1.2172714125170476e-06,1.2172714125170476e-06,1.0000042878994773,0.014179948539807464,0.37332005146019254,0.37332005146019254
Pt,0.39,1.2308954785967737e-06,1.2309009415010268e-06,1.2309009415010268e-06,1.0000047636584615,0.014350128915540739,0.37564987108445924,0.37564987108445924
Pt,0.3925,1.2446267860540497e-06,1.2446329105948728e-06,1.2446329105948728e-06,1.0000052850048147,0.014521766084988768,0.37797823391501123,0.37797823391501123
Pt,0.395,1.2584611031824832e-06,1.258467960021114e-06,1.258467960021114e-06,1.0000058555821212,0.014694869991633561,0.38030513000836647,0.38030513000836647
Pt,0.3975,1.2723990660899033e-06,1.2724067323905272e-06,1.2724067323905272e-06,1.000006479262375,0.014869450598742982,0.38263054940125707,0.38263054940125707
Pt,0.4,1.2864413127800896e-06,1.2864498727073673e-06,1.2864498727073673e-06,1.0000071601557412,0.015045517888757121,0.3849544821112429,0.3849544821112429
Pt,0.4025,1.3005884831290852e-06,1.3005980283753573e-06,1.3005980283753573e-06,1.000007902620466,0.015223081862676943,0.38727691813732307,0.38727691813732307
Pt,0.405,1.3148412188610834e-06,1.3148518492044249e-06,1.3148518492044249e-06,1.0000087112729232,0.0154021525394553,0.3895978474605447,0.3895978474605447
Pt,0.40750000000000003,1.3292001635238939e-06,1.3292119874182313e-06,1.3292119874182313e-06,1.0000095909977902,0.015582739955391054,0.391917260044609,0.391917260044609
Pt,0.41000000000000003,1.3436659624639842e-06,1.3436790976624793e-06,1.3436790976624793e-06,1.000010546958337,0.015764854163526344,0.39423514583647373,0.39423514583647373
Pt,0.41250000000000003,1.3582392628010938e-06,1.358253837014019e-06,1.358253837014019e-06,1.0000115846068178,0.015948505233047455,0.3965514947669526,0.3965514947669526
Pt,0.41500000000000004,1.3729207134024254e-06,1.3729368649907705e-06,1.3729368649907705e-06,1.0000127096949551,0.01613370324868969,0.39886629675131036,0.39886629675131036
Pt,0.4175,1.38771096485641e-06,1.3877288435624527e-06,1.3877288435624527e-06,1.0000139282844966,0.01632045831014635,0.4011795416898536,0.4011795416898536
Pt,0.42,1.4026106694460488e-06,1.4026304371621449e-06,1.4026304371621449e-06,1.0000152467578405,0.016508780531482338,0.4034912194685177,0.4034912194685177
Pt,0.4225,1.417620481121823e-06,1.4176423126986622e-06,1.4176423126986622e-06,1.000016671828707,0.016698680040552482,0.4058013199594475,0.4058013199594475
Pt,0.425,1.4327410554741824e-06,1.432765139569771e-06,1.432765139569771e-06,1.0000182105528495,0.016890166978424923,0.40810983302157505,0.40810983302157505
Pt,0.4275,1.4479730497056044e-06,1.4479995896762292e-06,1.4479995896762292e-06,1.0000198703387846,0.0170832514988098,0.4104167485011902,0.4104167485011902
Pt,0.43,1.4633171226022278e-06,1.463346337436655e-06,1.463346337436655e-06,1.0000216589585313,0.017277943767493364,0.41272205623250663,0.41272205623250663
Pt,0.4325,1.4787740312822274e-06,1.4788061593519495e-06,1.4788061593519495e-06,1.0000235846858276,0.017474255387835085,0.41502574461216485,0.41502574461216485
Pt,0.435,1.4943444410579648e-06,1.4943797335952246e-06,1.4943797335952246e-06,1.0000256560714187,0.017672196530185827,0.4173278034698142,0.4173278034698142
Pt,0.4375,1.51002892833134e-06,1.5100676574054097e-06,1.5100676574054097e-06,1.0000278819438408,0.01787177617833256,0.4196282238216675,0.4196282238216675
Pt,0.44,1.5258281582541263e-06,1.5258706157762742e-06,1.5258706157762742e-06,1.0000302716414495,0.018073004545634694,0.4219269954543653,0.4219269954543653
Pt,0.4425,1.5417427974187677e-06,1.541789296312739e-06,1.541789296312739e-06,1.0000328349197816,0.018275891854860754,0.4242241081451393,0.4242241081451393
Pt,0.445,1.557773513827512e-06,1.5578243892507474e-06,1.5578243892507474e-06,1.0000355819620441,0.01848044833765969,0.42651955166234035,0.42651955166234035
Pt,0.4475,1.5739209768611118e-06,1.5739765874779108e-06,1.5739765874779108e-06,1.0000385233895075,0.018686684234038662,0.4288133157659613,0.4288133157659613
Pt,0.45,1.590185857247104e-06,1.59024658655491e-06,1.59024658655491e-06,1.0000416702717858,0.018894609791847167,0.4311053902081528,0.4311053902081528
Pt,0.4525,1.6065689596116958e-06,1.606635223446002e-06,1.606635223446002e-06,1.0000450344035519,0.019104237256339925,0.4333957627436601,0.4333957627436601
Pt,0.455,1.623070990075563e-06,1.6231432214509126e-06,1.6231432214509126e-06,1.0000486278658676,0.01931557721048002,0.43568442278952,0.43568442278952
Pt,0.4575,1.6396924737198813e-06,1.6397711394037835e-06,1.6397711394037835e-06,1.0000524628759662,0.019528637844023766,0.43797136215597626,0.43797136215597626
Pt,0.46,1.6564340866996186e-06,1.656519684180387e-06,1.656519684180387e-06,1.0000565524054907,0.019743429436579245,0.44025657056342077,0.44025657056342077
Pt,0.4625,1.6732965063572556e-06,1.6733895654552064e-06,1.6733895654552064e-06,1.0000609099241533,0.0199599622731956,0.44254003772680445,0.44254003772680445
Pt,0.465,1.6902804111885732e-06,1.6903814957271029e-06,1.6903814957271029e-06,1.0000655494090498,0.02017824664388613,0.4448217533561139,0.4448217533561139
Pt,0.4675,1.7073866318512732e-06,1.707496351981552e-06,1.707496351981552e-06,1.000070485761667,0.02039829516283638,0.4471017048371636,0.4471017048371636
Pt,0.47000000000000003,1.7246159307271083e-06,1.7247349160586035e-06,1.7247349160586035e-06,1.0000757342237303,0.02062011904129107,0.449379880958709,0.449379880958709
Pt,0.47250000000000003,1.741968774892128e-06,1.7420977023292107e-06,1.7420977023292107e-06,1.0000813098592543,0.020843725613663135,0.45165627438633693,0.45165627438633693
Pt,0.47500000000000003,1.7594458475052007e-06,1.759585435300715e-06,1.759585435300715e-06,1.000087228775263,0.021069125191088733,0.4539308748089113,0.4539308748089113
Pt,0.47750000000000004,1.7770478327071738e-06,1.7771988424505056e-06,1.7771988424505056e-06,1.0000935076298725,0.021296328087458384,0.45620367191254163,0.45620367191254163
Pt,0.48,1.7947755818068713e-06,1.7949388368149912e-06,1.7949388368149912e-06,1.0001001642075207,0.02152534723802282,0.4584746527619772,0.4584746527619772
Pt,0.4825,1.8126299107808175e-06,1.8128062540049054e-06,1.8128062540049054e-06,1.0001072166932692,0.021756194424394484,0.4607438055756055,0.4607438055756055
Pt,0.485,1.8306112302906007e-06,1.8308015665461794e-06,1.8308015665461794e-06,1.000114682669764,0.0219888761771256,0.4630111238228744,0.4630111238228744
Pt,0.4875,1.8487202284646618e-06,1.848925514577404e-06,1.848925514577404e-06,1.0001225810897025,0.0222234028231052,0.4652765971768948,0.4652765971768948
Pt,0.49,1.8669575942321666e-06,1.8671788521361659e-06,1.8671788521361659e-06,1.0001309315328244,0.02245978484431903,0.46754021515568095,0.46754021515568095
Pt,0.4925,1.885324535760958e-06,1.8855628395432568e-06,1.8855628395432568e-06,1.000139756076466,0.022698039934283567,0.46980196006571645,0.46980196006571645
Pt,0.495,1.9038212570406182e-06,1.904077724214894e-06,1.904077724214894e-06,1.000149073718219,0.0229381712185805,0.4720618287814195,0.4720618287814195
Pt,0.4975,1.922448439212494e-06,1.9227242595137414e-06,1.9227242595137414e-06,1.0001589058163263,0.023180189031029825,0.4743198109689702,0.4743198109689702
Pt,0.5,1.9412068016213725e-06,1.941503258941256e-06,1.941503258941256e-06,1.0001692745795314,0.02342410451913485,0.47657589548086515,0.47657589548086515
Pt,0.5025000000000001,1.9600975843764733e-06,1.9604159792058556e-06,1.9604159792058556e-06,1.0001802047836938,0.02366993512633132,0.47883006487366875,0.47883006487366875
Pt,0.505,1.9791209297993173e-06,1.9794626543422616e-06,1.9794626543422616e-06,1.0001917175119777,0.02391768360006042,0.48108231639993954,0.48108231639993954
Pt,0.5075000000000001,1.998277532281707e-06,1.9986440515178345e-06,1.9986440515178345e-06,1.0002038366172488,0.024167360275222597,0.4833326397247774,0.4833326397247774
Pt,0.51,2.017568389263969e-06,2.017961287954231e-06,2.017961287954231e-06,1.0002165882519825,0.02441898044207484,0.4855810195579251,0.4855810195579251
Pt,0.5125,2.0369942718553345e-06,2.0374151374728023e-06,2.0374151374728023e-06,1.0002299977046785,0.024672554421499206,0.4878274455785008,0.4878274455785008
Pt,0.515,2.056555522689142e-06,2.057006057662591e-06,2.057006057662591e-06,1.0002440892575104,0.02492808796223098,0.49007191203776906,0.49007191203776906
Pt,0.5175,2.076252938819009e-06,2.0767349826781795e-06,2.0767349826781795e-06,1.0002588901327416,0.025185593574103687,0.49231440642589624,0.49231440642589624
Pt,0.52,2.0960877568995793e-06,2.096603147983384e-06,2.096603147983384e-06,1.0002744299342772,0.025445088009822304,0.4945549119901777,0.4945549119901777
Pt,0.5225,2.116060060663447e-06,2.1166107675687593e-06,2.1166107675687593e-06,1.0002907334290456,0.02570657337790893,0.49679342662209103,0.49679342662209103
Pt,0.525,2.136170580867205e-06,2.136758731061477e-06,2.136758731061477e-06,1.0003078295455854,0.02597006138290074,0.4990299386170992,0.4990299386170992
Pt,0.5275,2.1564207544182483e-06,2.157048464082711e-06,2.157048464082711e-06,1.0003257511276331,0.02623557130931218,0.5012644286906879,0.5012644286906879
Pt,0.53,2.176810536363994e-06,2.1774800710938167e-06,2.1774800710938167e-06,1.0003445239302802,0.026503103541942297,0.5034968964580577,0.5034968964580577
Pt,0.5325,2.1973407361203304e-06,2.1980545479901935e-06,2.1980545479901935e-06,1.0003641795005846,0.02677267112135426,0.5057273288786457,0.5057273288786457
Pt,0.535,2.218012703966955e-06,2.2187732148271182e-06,2.2187732148271182e-06,1.0003847522795248,0.027044291634044926,0.507955708365955,0.507955708365955
Pt,0.5375,2.2388264071763995e-06,2.2396362125637044e-06,2.2396362125637044e-06,1.000406269770573,0.027317965820964914,0.5101820341790351,0.5101820341790351
Pt,0.54,2.2597828901455016e-06,2.260644807246743e-06,2.260644807246743e-06,1.0004287673802432,0.027593710374202777,0.5124062896257973,0.5124062896257973
Pt,0.5425,2.280883107066078e-06,2.281799891748274e-06,2.281799891748274e-06,1.0004522788314951,0.027871536606609574,0.5146284633933904,0.5146284633933904
Pt,0.545,2.3021271895340935e-06,2.303101802317294e-06,2.303101802317294e-06,1.000476834445008,0.028151447866373358,0.5168485521336267,0.5168485521336267
Pt,0.5475,2.323516585128501e-06,2.324552253023449e-06,2.324552253023449e-06,1.0005024751131566,0.028433466995206404,0.5190665330047936,0.5190665330047936
Pt,0.55,2.345051518890478e-06,2.346151360250486e-06,2.346151360250486e-06,1.000529230739871,0.028717594094014306,0.5212824059059856,0.5212824059059856
Pt,0.5525,2.3667327145287785e-06,2.367900236508551e-06,2.367900236508551e-06,1.0005571391236052,0.029003843332932055,0.523496156667068,0.523496156667068
Pt,0.555,2.388561411432159e-06,2.389800011108249e-06,2.389800011108249e-06,1.000586239032617,0.029292229040420576,0.5257077709595795,0.5257077709595795
Pt,0.5575,2.41053753975424e-06,2.4118508706270784e-06,2.4118508706270784e-06,1.0006165622272607,0.0295827521391186,0.5279172478608815,0.5279172478608815
Pt,0.56,2.4326627569977553e-06,2.434054818212982e-06,2.434054818212982e-06,1.0006481559761373,0.029875439170264428,0.5301245608297356,0.5301245608297356
Pt,0.5625,2.4549369989500747e-06,2.456411599586131e-06,2.456411599586131e-06,1.0006810494164726,0.030170284695841685,0.5323297153041583,0.5323297153041583
Pt,0.5650000000000001,2.477361456366106e-06,2.4789229302836185e-06,2.4789229302836185e-06,1.0007152889062318,0.030467311034381987,0.5345326889656181,0.5345326889656181
Pt,0.5675,2.499936732241359e-06,2.501589204784489e-06,2.501589204784489e-06,1.000750910042906,0.03076652178226741,0.5367334782177325,0.5367334782177325
Pt,0.5700000000000001,2.5226634202454255e-06,2.5244115830246373e-06,2.5244115830246373e-06,1.000787955725047,0.03106793126141777,0.5389320687385823,0.5389320687385823
Pt,0.5725,2.5455426531152766e-06,2.547390963819399e-06,2.547390963819399e-06,1.0008264671774527,0.03137155003415641,0.5411284499658436,0.5411284499658436
Pt,0.5750000000000001,2.568574568248608e-06,2.570528100655543e-06,2.570528100655543e-06,1.0008664847576172,0.03167738654867788,0.5433226134513222,0.5433226134513222
Pt,0.5775,2.5917606833940555e-06,2.5938242434381015e-06,2.5938242434381015e-06,1.0009080542258186,0.03198545615009003,0.54551454384991,0.54551454384991
Pt,0.58,2.615100827854656e-06,2.617279897371253e-06,2.617279897371253e-06,1.0009512145817836,0.032295763652081755,0.5477042363479181,0.5477042363479181
Pt,0.5825,2.638596752188403e-06,2.6408965009543207e-06,2.6408965009543207e-06,1.0009960147450876,0.03260832688089457,0.5498916731191055,0.5498916731191055
Pt,0.585,2.6622481333561842e-06,2.6646744787237054e-06,2.6646744787237054e-06,1.0010424938318747,0.03292314937510156,0.5520768506248984,0.5520768506248984
Pt,0.5875,2.6860567948369306e-06,2.6886152855807167e-06,2.6886152855807167e-06,1.001090702234278,0.03324024901799548,0.5542597509820045,0.5542597509820045
Pt,0.59,2.710022424792889e-06,2.712719442914659e-06,2.712719442914659e-06,1.0011406809766066,0.03355963055657621,0.5564403694434238,0.5564403694434238
Pt,0.5925,2.734146751831499e-06,2.7369882396672295e-06,2.7369882396672295e-06,1.001192479899408,0.03388130938058947,0.5586186906194105,0.5586186906194105
Pt,0.595,2.7584296468708916e-06,2.761422481989577e-06,2.761422481989577e-06,1.0012461440717566,0.034205294057288047,0.560794705942712,0.560794705942712
Pt,0.5975,2.782872567728292e-06,2.7860230998350027e-06,2.7860230998350027e-06,1.0013017203936487,0.03453159480152115,0.5629684051984789,0.5629684051984789
Pt,0.6,2.8074757478677637e-06,2.8107913829221137e-06,2.8107913829221137e-06,1.0013592604882344,0.03486022674518846,0.5651397732548116,0.5651397732548116
Pt,0.6025,2.832240190044473e-06,2.8357276979953834e-06,2.8357276979953834e-06,1.0014188055332394,0.035191192111751875,0.5673088078882481,0.5673088078882481
Pt,0.605,2.857166678523047e-06,2.860834028578676e-06,2.860834028578676e-06,1.0014804166162536,0.03552451547916043,0.5694754845208395,0.5694754845208395
Pt,0.6075,2.8822555681401815e-06,2.8861102493081226e-06,2.8861102493081226e-06,1.0015441296053977,0.03586019209438059,0.5716398079056194,0.5716398079056194
Pt,0.61,2.907508390914015e-06,2.9115583985522065e-06,2.9115583985522065e-06,1.0016100075463747,0.03619824709120627,0.5738017529087936,0.5738017529087936
Pt,0.6125,2.9329248974349776e-06,2.9371787906436256e-06,2.9371787906436256e-06,1.001678092344996,0.03653868165483275,0.5759613183451674,0.5759613183451674
Pt,0.615,2.958506837316404e-06,2.962972569854252e-06,2.962972569854252e-06,1.0017484367282492,0.03688150836695091,0.5781184916330491,0.5781184916330491
Pt,0.6175,2.984254238213888e-06,2.988941271015877e-06,2.988941271015877e-06,1.0018210991808894,0.03722674508575334,0.5802732549142467,0.5802732549142467
Pt,0.62,3.010167969049758e-06,3.0150850817969726e-06,3.0150850817969726e-06,1.0018961205971089,0.03757439102991216,0.5824256089700878,0.5824256089700878
Pt,0.6225,3.036249295857692e-06,3.0414059180270537e-06,3.0414059180270537e-06,1.0019735655468105,0.037924469102114944,0.5845755308978852,0.5845755308978852
Pt,0.625,3.062498144147939e-06,3.067904363651469e-06,3.067904363651469e-06,1.0020534809032309,0.03827698379918824,0.5867230162008117,0.5867230162008117
Pt,0.6275000000000001,3.0889160204862882e-06,3.094581137118675e-06,3.094581137118675e-06,1.0021359154345466,0.03863194140049971,0.5888680585995003,0.5888680585995003
Pt,0.63,3.1155033633073566e-06,3.12143840973732e-06,3.12143840973732e-06,1.0022209391016303,0.03898936796360411,0.5910106320363959,0.5910106320363959
Pt,0.6325000000000001,3.142260537808345e-06,3.1484762676706087e-06,3.1484762676706087e-06,1.0023085923354345,0.03934926092459462,0.5931507390754055,0.5931507390754055
Pt,0.635,3.1691892296806688e-06,3.175695736901931e-06,3.175695736901931e-06,1.0023989291311661,0.039711630501654056,0.595288369498346,0.595288369498346
Pt,0.6375000000000001,3.1962894708841524e-06,3.2030989937337088e-06,3.2030989937337088e-06,1.0024920212196256,0.040076502460252655,0.5974234975397473,0.5974234975397473
Pt,0.64,3.2235618576242446e-06,3.2306861219405185e-06,3.2306861219405185e-06,1.0025879092810421,0.04044387397386778,0.5995561260261322,0.5995561260261322
Pt,0.6425,3.2510080263129617e-06,3.258458210795096e-06,3.258458210795096e-06,1.0026866491312336,0.04081375582959386,0.6016862441704062,0.6016862441704062
Pt,0.645,3.2786280538342638e-06,3.286417167973987e-06,3.286417167973987e-06,1.0027883097908135,0.04118616978901409,0.6038138302109859,0.6038138302109859
Pt,0.6475,3.306422543673151e-06,3.3145636158141167e-06,3.3145636158141167e-06,1.0028929405536713,0.04156112008413041,0.6059388799158696,0.6059388799158696
Pt,0.65,3.334392838709801e-06,3.3428984400073434e-06,3.3428984400073434e-06,1.003000594816179,0.041938614440271034,0.608061385559729,0.608061385559729
Pt,0.6525,3.362539543641175e-06,3.3714229810600185e-06,3.3714229810600185e-06,1.0031113334748858,0.042318666624907735,0.6101813333750922,0.6101813333750922
Pt,0.655,3.3908630298479635e-06,3.4001389899009794e-06,3.4001389899009794e-06,1.0032252246256854,0.042701295799507134,0.6122987042004929,0.6122987042004929
Pt,0.6575,3.419364085948792e-06,3.429046857396818e-06,3.429046857396818e-06,1.0033423140972841,0.04308650272281518,0.6144134972771848,0.6144134972771848
Pt,0.66,3.448044360085391e-06,3.4581477650687176e-06,3.4581477650687176e-06,1.003462660769956,0.04347429870612578,0.6165257012938742,0.6165257012938742
Pt,0.6625,3.4769037358711617e-06,3.487443034595428e-06,3.487443034595428e-06,1.0035863261150704,0.04386469682683817,0.6186353031731618,0.6186353031731618
Pt,0.665,3.5059429928024403e-06,3.516934445256402e-06,3.516934445256402e-06,1.0037133798525937,0.044257716146469075,0.6207422838535309,0.6207422838535309
Pt,0.6675,3.5351629107707127e-06,3.546622467994233e-06,3.546622467994233e-06,1.003843869182201,0.04465335813947898,0.622846641860521,0.622846641860521
Pt,0.67,3.5645650591465665e-06,3.576508315241096e-06,3.576508315241096e-06,1.003977854096544,0.04505163409663607,0.624948365903364,0.624948365903364
Pt,0.6725,3.594149417909089e-06,3.6065932073418256e-06,3.6065932073418256e-06,1.0041153948368589,0.04545255530319643,0.6270474446968036,0.6270474446968036
Pt,0.675,3.6239167598507985e-06,3.6368786252860474e-06,3.6368786252860474e-06,1.0042565564897918,0.045856136383796875,0.6291438636162031,0.6291438636162031
Pt,0.6775,3.653867865688679e-06,3.667366005543716e-06,3.667366005543716e-06,1.004401403580912,0.04626239123717899,0.631237608762821,0.631237608762821
Pt,0.68,3.68400371213146e-06,3.698056114599492e-06,3.698056114599492e-06,1.0045499883663032,0.0466713247918979,0.6333286752081021,0.6333286752081021
Pt,0.6825,3.71432536250582e-06,3.72895020354321e-06,3.72895020354321e-06,1.0047023719006736,0.04708294828964455,0.6354170517103555,0.6354170517103555
Pt,0.685,3.7448330984829648e-06,3.760049531323742e-06,3.760049531323742e-06,1.0048586154121988,0.04749727296057267,0.6375027270394273,0.6375027270394273
Pt,0.6875,3.7755277011845178e-06,3.791355364733025e-06,3.791355364733025e-06,1.0050187802873725,0.04791431002201229,0.6395856899779877,0.6395856899779877
Pt,0.6900000000000001,3.8064099519080916e-06,3.822868978386826e-06,3.822868978386826e-06,1.0051829280557694,0.04833407067714489,0.6416659293228552,0.6416659293228552
Pt,0.6925,3.8374806321036685e-06,3.8545921542936685e-06,3.8545921542936685e-06,1.0053511301260964,0.048756572635535414,0.6437434273644645,0.6437434273644645
Pt,0.6950000000000001,3.8687406939010246e-06,3.886525662850804e-06,3.886525662850804e-06,1.0055234382887175,0.049181820255935906,0.6458181797440642,0.6458181797440642
Pt,0.6975,3.90019108764786e-06,3.918670790561105e-06,3.918670790561105e-06,1.0056999141697842,0.04960982454334658,0.6478901754566534,0.6478901754566534
Pt,0.7000000000000001,3.931832230248724e-06,3.951028842018397e-06,3.951028842018397e-06,1.0058806196772476,0.050040596618852726,0.6499594033811473,0.6499594033811473
Pt,0.7025,3.963664902919691e-06,3.983601129465026e-06,3.983601129465026e-06,1.006065616783993,0.05047414758199063,0.6520258524180094,0.6520258524180094
Pt,0.705,3.995689886901502e-06,4.016388972750859e-06,4.016388972750859e-06,1.0062549675122405,0.050910488509184816,0.6540895114908151,0.6540895114908151
Pt,0.7075,4.02790796343494e-06,4.049393699288477e-06,4.049393699288477e-06,1.0064487339179076,0.05134963045214513,0.6561503695478549,0.6561503695478549
Pt,0.71,4.060319913736012e-06,4.082616644004511e-06,4.082616644004511e-06,1.006646978074943,0.051791584436223934,0.6582084155637761,0.6582084155637761
Pt,0.7125,4.0929265189709734e-06,4.116059149287072e-06,4.116059149287072e-06,1.0068497620596404,0.05223636145873396,0.6602636385412661,0.6602636385412661
Pt,0.715,4.125728560231116e-06,4.149722564929152e-06,4.149722564929152e-06,1.0070571479349382,0.05268397248722561,0.6623160275127743,0.6623160275127743
Pt,0.7175,4.158726818507391e-06,4.183608248067967e-06,4.183608248067967e-06,1.0072691977347097,0.053134428457724994,0.664365571542275,0.664365571542275
Pt,0.72,4.191922143741009e-06,4.217717563120109e-06,4.217717563120109e-06,1.007485973448055,0.05358774027293145,0.6664122597270685,0.6664122597270685
Pt,0.7225,4.225315378680348e-06,4.252051881712524e-06,4.252051881712524e-06,1.0077075370036,0.0540439188003763,0.6684560811996237,0.6684560811996237
Pt,0.725,4.258907140522334e-06,4.286612582609127e-06,4.286612582609127e-06,1.0079339502538043,0.05450297487054109,0.6704970251294589,0.6704970251294589
Pt,0.7275,4.292698208913418e-06,4.321401051633065e-06,4.321401051633065e-06,1.0081652749592955,0.05496491927493703,0.6725350807250631,0.6725350807250631
Pt,0.73,4.326689363261163e-06,4.356418681584503e-06,4.356418681584503e-06,1.0084015727732243,0.05542976276414477,0.6745702372358552,0.6745702372358552
Pt,0.7325,4.360881382707449e-06,4.391666872153877e-06,4.391666872153877e-06,1.0086429052256562,0.05589751604581557,0.6766024839541844,0.6766024839541844
Pt,0.735,4.395275046101373e-06,4.427147029830501e-06,4.427147029830501e-06,1.008889333708001,0.0563681897826332,0.6786318102173668,0.6786318102173668
Pt,0.7375,4.429871131971933e-06,4.4628605678065014e-06,4.4628605678065014e-06,1.0091409194574885,0.05684179459023774,0.6806582054097623,0.6806582054097623
Pt,0.74,4.464670418500425e-06,4.498808905875938e-06,4.498808905875938e-06,1.0093977235416967,0.05731834103511105,0.682681658964889,0.682681658964889
Pt,0.7425,4.499673683492572e-06,4.534993470329078e-06,4.534993470329078e-06,1.0096598068431375,0.057797839632424436,0.6847021603675756,0.6847021603675756
Pt,0.745,4.534881704350365e-06,4.571415693841684e-06,4.571415693841684e-06,1.0099272300439073,0.058280300843848776,0.6867196991561513,0.6867196991561513
Pt,0.7475,4.570295258043636e-06,4.608077015359306e-06,4.608077015359306e-06,1.010200053610407,0.058765735075327966,0.6887342649246722,0.6887342649246722
Pt,0.75,4.605915121081305e-06,4.644978879976403e-06,4.644978879976403e-06,1.010478337778139,0.05925415267481532,0.6907458473251846,0.6907458473251846
Pt,0.7525000000000001,4.641742113676492e-06,4.6821227388103045e-06,4.6821227388103045e-06,1.0107621425365856,0.0597455639299746,0.6927544360700255,0.6927544360700255
Pt,0.755,4.6777771975866005e-06,4.719510048869807e-06,4.719510048869807e-06,1.0110515276141734,0.06023997906584467,0.6947600209341553,0.6947600209341553
Pt,0.7575000000000001,4.714020959119555e-06,4.757142795136662e-06,4.757142795136662e-06,1.011346564543509,0.06073741465196795,0.696762585348032,0.696762585348032
Pt,0.76,4.750474173447789e-06,4.795022170018978e-06,4.795022170018978e-06,1.0116473062341107,0.06123787735091159,0.6987621226490883,0.6987621226490883
Pt,0.7625000000000001,4.78713761514396e-06,4.833149470994915e-06,4.833149470994915e-06,1.0119538074954715,0.0617413750075374,0.7007586249924627,0.7007586249924627
Pt,0.765,4.824012058150357e-06,4.871526179227095e-06,4.871526179227095e-06,1.0122661269239055,0.062247917589213456,0.7027520824107866,0.7027520824107866
Pt,0.7675000000000001,4.861098275747942e-06,4.910153781078294e-06,4.910153781078294e-06,1.012584322781625,0.06275751498871467,0.7047424850112854,0.7047424850112854
Pt,0.77,4.898397040524988e-06,4.949033767947323e-06,4.949033767947323e-06,1.0129084529823258,0.0632701770216874,0.7067298229783127,0.7067298229783127
Pt,0.7725,4.935909124345414e-06,4.988168317501435e-06,4.988168317501435e-06,1.013238591218286,0.06378592165225877,0.7087140783477411,0.7087140783477411
Pt,0.775,4.973635298316639e-06,5.027558732906577e-06,5.027558732906577e-06,1.013574790134727,0.06430475608176617,0.7106952439182338,0.7106952439182338
Pt,0.7775,5.011576505151599e-06,5.067206117967153e-06,5.067206117967153e-06,1.013917097045667,0.0648266850056582,0.7126733149943418,0.7126733149943418
Pt,0.78,5.049733869624695e-06,5.107111984768721e-06,5.107111984768721e-06,1.0142655683933213,0.06535171792326808,0.7146482820767319,0.7146482820767319
Pt,0.7825,5.088107682730967e-06,5.147277945306434e-06,5.147277945306434e-06,1.0146202624992853,0.06587986538696768,0.7166201346130323,0.7166201346130323
Pt,0.785,5.126698713122578e-06,5.187706778464298e-06,5.187706778464298e-06,1.0149812652758876,0.06641115168720965,0.7185888483127904,0.7185888483127904
Pt,0.7875,5.165507728539294e-06,5.228398744601908e-06,5.228398744601908e-06,1.015348601647062,0.0669455709011631,0.7205544290988368,0.7205544290988368
Pt,0.79,5.204535495773976e-06,5.269355373807726e-06,5.269355373807726e-06,1.0157223263678945,0.06748313217066584,0.7225168678293342,0.7225168678293342
Pt,0.7925,5.2437831490270435e-06,5.310578686511565e-06,5.310578686511565e-06,1.016102505538473,0.06802385028379532,0.7244761497162047,0.7244761497162047
Pt,0.795,5.283251698953003e-06,5.352071013975664e-06,5.352071013975664e-06,1.0164892123801121,0.06856774347405976,0.7264322565259402,0.7264322565259402
Pt,0.7975,5.322941350378442e-06,5.393832714549684e-06,5.393832714549684e-06,1.0168824716110947,0.06911480657621605,0.7283851934237839,0.7283851934237839
Pt,0.8,5.362852866917742e-06,5.435865333270601e-06,5.435865333270601e-06,1.0172823360927126,0.06966504833176665,0.7303349516682334,0.7303349516682334
Pt,0.8025,5.402987011070187e-06,5.478172399269834e-06,5.478172399269834e-06,1.0176889066906865,0.07021850047689865,0.7322814995231013,0.7322814995231013
Pt,0.805,5.443345464907234e-06,5.520753622617619e-06,5.520753622617619e-06,1.0181021903652583,0.0707751499207471,0.734224850079253,0.734224850079253
Pt,0.8075,5.483928383684982e-06,5.563610560154205e-06,5.563610560154205e-06,1.0185222385017434,0.07133500510146092,0.736164994898539,0.736164994898539
Pt,0.81,5.524736270514615e-06,5.606746979639882e-06,5.606746979639882e-06,1.0189491563282493,0.07189809985978804,0.738101900140212,0.738101900140212
Pt,0.8125,5.565769884076643e-06,5.6501623077684786e-06,5.6501623077684786e-06,1.019382941754471,0.07246441756937891,0.7400355824306211,0.7400355824306211
Pt,0.8150000000000001,5.607031165450379e-06,5.693858860984813e-06,5.693858860984813e-06,1.0198236630966628,0.07303397495708012,0.74196602504292,0.74196602504292
Pt,0.8175,5.648519952502157e-06,5.737839268106174e-06,5.737839268106174e-06,1.020271395892349,0.0736067920685848,0.7438932079314151,0.7438932079314151
Pt,0.8200000000000001,5.690236798284772e-06,5.782103398443689e-06,5.782103398443689e-06,1.0207261468290758,0.07418285716793407,0.745817142832066,0.745817142832066
Pt,0.8225,5.732183040761634e-06,5.826655000864377e-06,5.826655000864377e-06,1.0211880179453612,0.07476220275340519,0.7477377972465948,0.7477377972465948
Pt,0.8250000000000001,5.774359875295964e-06,5.871494168782761e-06,5.871494168782761e-06,1.021657020141741,0.07534481941155051,0.7496551805884496,0.7496551805884496
Pt,0.8275,5.816767094004246e-06,5.916623193343069e-06,5.916623193343069e-06,1.022133218114726,0.07593072264881755,0.7515692773511825,0.7515692773511825
Pt,0.8300000000000001,5.859405826789795e-06,5.962044140683234e-06,5.962044140683234e-06,1.0226166703881694,0.07651992518137984,0.7534800748186202,0.7534800748186202
Pt,0.8325,5.9022778436739e-06,6.007757619151799e-06,6.007757619151799e-06,1.023107398572857,0.07711242315129882,0.7553875768487012,0.7553875768487012
Pt,0.835,5.94538256280389e-06,6.053767120029812e-06,6.053767120029812e-06,1.0236054953621305,0.0777082449587546,0.7572917550412454,0.7572917550412454
Pt,0.8375,5.988721323664401e-06,6.1000721326760665e-06,6.1000721326760665e-06,1.0241109531601498,0.07830737394706401,0.759192626052936,0.759192626052936
Pt,0.84,6.032295643167176e-06,6.1466769901715594e-06,6.1466769901715594e-06,1.0246238843739994,0.07890984747212836,0.7610901525278716,0.7610901525278716
Pt,0.8425,6.076104974763897e-06,6.193580663215937e-06,6.193580663215937e-06,1.0251442670920357,0.07951564292963922,0.7629843570703608,0.7629843570703608
Pt,0.845,6.120151308538361e-06,6.240787705876037e-06,6.240787705876037e-06,1.0256722179632394,0.08012479961439857,0.7648752003856014,0.7648752003856014
Pt,0.8475,6.164435034021968e-06,6.288297208786297e-06,6.288297208786297e-06,1.0262077166765102,0.08073729611690522,0.7667627038830948,0.7667627038830948
Pt,0.85,6.208956181105462e-06,6.336113286939036e-06,6.336113286939036e-06,1.0267508676214507,0.081353166359775,0.768646833640225,0.768646833640225
Pt,0.8525,6.253717529363315e-06,6.384235829567716e-06,6.384235829567716e-06,1.0273016690423253,0.08197239756775368,0.7705276024322464,0.7705276024322464
Pt,0.855,6.298717744864725e-06,6.432667811438579e-06,6.432667811438579e-06,1.0278601955261635,0.08259501068033778,0.7724049893196622,0.7724049893196622
Pt,0.8575,6.343959082497004e-06,6.481410640996351e-06,6.481410640996351e-06,1.0284264818779987,0.0832210092985028,0.7742789907014973,0.7742789907014973
Pt,0.86,6.389441698355854e-06,6.530465408621309e-06,6.530465408621309e-06,1.029000554285513,0.08385039346243518,0.7761496065375648,0.7761496065375648
Pt,0.8625,6.435166316075588e-06,6.579835806480782e-06,6.579835806480782e-06,1.0295825031817731,0.08448319119922487,0.7780168088007752,0.7780168088007752
Pt,0.865,6.481134552353725e-06,6.62952121587144e-06,6.62952121587144e-06,1.0301723107452767,0.08511938377936853,0.7798806162206314,0.7798806162206314
Pt,0.8675,6.527345853023104e-06,6.679525529732955e-06,6.679525529732955e-06,1.030770071022632,0.08575900095014001,0.78174099904986,0.78174099904986
Pt,0.87,6.573802926257261e-06,6.729849558340534e-06,6.729849558340534e-06,1.0313758004783151,0.08640203910952189,0.7835979608904782,0.7835979608904782
Pt,0.8725,6.6205043158385805e-06,6.78049423458862e-06,6.78049423458862e-06,1.031989517990251,0.08704849593417541,0.7854515040658246,0.7854515040658246
Pt,0.875,6.667453438604988e-06,6.831464051549751e-06,6.831464051549751e-06,1.0326113303864517,0.08769840675549036,0.7873015932445097,0.7873015932445097
Pt,0.8775000000000001,6.71464833517687e-06,6.882758470934577e-06,6.882758470934577e-06,1.0332412185316562,0.08835175326389812,0.789148246736102,0.789148246736102
Pt,0.88,6.762092706338082e-06,6.934379218706243e-06,6.934379218706243e-06,1.0338792190214119,0.08900854113046408,0.7909914588695358,0.7909914588695358
Pt,0.8825000000000001,6.809784502585743e-06,6.986330533553982e-06,6.986330533553982e-06,1.0345254301346534,0.0896688021802296,0.7928311978197705,0.7928311978197705
Pt,0.885,6.85772734403629e-06,7.038612209981058e-06,7.038612209981058e-06,1.035179839059771,0.09033252134753941,0.7946674786524607,0.7946674786524607
Pt,0.8875000000000001,6.9059194627582934e-06,7.091225935050765e-06,7.091225935050765e-06,1.0358424793614185,0.09099970337341744,0.7965002966265826,0.7965002966265826
Pt,0.89,6.954363963125658e-06,7.144174758374582e-06,7.144174758374582e-06,1.0365134176418616,0.09167036695779192,0.798329633042208,0.798329633042208
Pt,0.8925000000000001,7.00305981969942e-06,7.197460646925345e-06,7.197460646925345e-06,1.0371926929358517,0.09234451928364457,0.8001554807163556,0.8001554807163556
Pt,0.895,7.0520091710570035e-06,7.2510843383481674e-06,7.2510843383481674e-06,1.0378803132390695,0.09302215471315468,0.8019778452868453,0.8019778452868453
Pt,0.8975,7.1012121824054774e-06,7.305047779373684e-06,7.305047779373684e-06,1.03857631579648,0.09370327998552941,0.8037967200144706,0.8037967200144706
Pt,0.9,7.15066957045406e-06,7.359353798612738e-06,7.359353798612738e-06,1.0392807588607036,0.09438791064607198,0.805612089353928,0.805612089353928
Pt,0.9025,7.200383154695967e-06,7.414004509532578e-06,7.414004509532578e-06,1.039993682300505,0.09507605466001821,0.8074239453399817,0.8074239453399817
Pt,0.905,7.250352035915896e-06,7.469000763038412e-06,7.469000763038412e-06,1.0407150942927064,0.09576770701093766,0.8092322929890623,0.8092322929890623
Pt,0.9075,7.300579334316107e-06,7.524344520615538e-06,7.524344520615538e-06,1.0414450296888944,0.09646287386156312,0.8110371261384368,0.8110371261384368
Pt,0.91,7.3510639605447205e-06,7.5800377475660705e-06,7.5800377475660705e-06,1.0421835227484364,0.0971615612297564,0.8128384387702435,0.8128384387702435
Pt,0.9125,7.401807312006437e-06,7.636082771625258e-06,7.636082771625258e-06,1.0429306158912048,0.09786377857257497,0.814636221427425,0.814636221427425
Pt,0.915,7.452811104511425e-06,7.69248227841044e-06,7.69248227841044e-06,1.0436863595105896,0.0985695386710604,0.8164304613289397,0.8164304613289397
Pt,0.9175,7.504074594993758e-06,7.749237082540643e-06,7.749237082540643e-06,1.044450757694274,0.09927883545789282,0.8182211645421071,0.8182211645421071
Pt,0.92,7.555600050486202e-06,7.806349159648339e-06,7.806349159648339e-06,1.045223842233589,0.09999167433183426,0.8200083256681657,0.8200083256681657
Pt,0.9225,7.607387886718338e-06,7.863820488090515e-06,7.863820488090515e-06,1.0460056443109997,0.10070806053647813,0.8217919394635218,0.8217919394635218
Pt,0.925,7.659438074715084e-06,7.921653048727412e-06,7.921653048727412e-06,1.0467961944972264,0.10142799915826875,0.8235720008417313,0.8235720008417313
Pt,0.9275,7.711752975852494e-06,7.979848824696128e-06,7.979848824696128e-06,1.0475955227484972,0.10215149512454048,0.8253485048754594,0.8253485048754594
Pt,0.93,7.764332692971493e-06,8.038409801179085e-06,8.038409801179085e-06,1.0484036584039347,0.10287855320157967,0.8271214467984204,0.8271214467984204
Pt,0.9325,7.817177421134848e-06,8.097337965167146e-06,8.097337965167146e-06,1.0492206301830729,0.10360917799270757,0.8288908220072925,0.8288908220072925
Pt,0.935,7.870289092560572e-06,8.156635305217421e-06,8.156635305217421e-06,1.050046466183506,0.10434337393638807,0.830656626063612,0.830656626063612
Pt,0.9375,7.923668535904e-06,8.216303888022413e-06,8.216303888022413e-06,1.0508811957146216,0.10508114604123288,0.8324188539587671,0.8324188539587671
Pt,0.9400000000000001,7.977315654571561e-06,8.276345858100961e-06,8.276345858100961e-06,1.0517248492723974,0.10582249986817237,0.8341775001318276,0.8341775001318276
Pt,0.9425,8.03123140134203e-06,8.336762854384611e-06,8.336762854384611e-06,1.0525774446434895,0.10656743596608366,0.8359325640339162,0.8359325640339162
Pt,0.9450000000000001,8.085418422644031e-06,8.397556865510577e-06,8.397556865510577e-06,1.053439007350772,0.10731595807574865,0.8376840419242515,0.8376840419242515
Pt,0.9475,8.139875788023653e-06,8.458729880308547e-06,8.458729880308547e-06,1.0543095622852496,0.10806806976395947,0.8394319302360405,0.8394319302360405
Pt,0.9500000000000001,8.194604401126608e-06,8.520283887522403e-06,8.520283887522403e-06,1.055189133704467,0.10882377442179209,0.8411762255782079,0.8411762255782079
Pt,0.9525,8.249605348349769e-06,8.582220875525649e-06,8.582220875525649e-06,1.0560777452310377,0.10958307526290886,0.8429169247370911,0.8429169247370911
Pt,0.9550000000000001,8.304880820590214e-06,8.64454330609906e-06,8.64454330609906e-06,1.0569754309818848,0.11034597973472657,0.8446540202652735,0.8446540202652735
Pt,0.9575,8.360430215261127e-06,8.707252847039677e-06,8.707252847039677e-06,1.0578822057456878,0.11111248767682531,0.8463875123231747,0.8463875123231747
Pt,0.96,8.416254438955999e-06,8.77035147839308e-06,8.77035147839308e-06,1.0587980910733594,0.11188260169119763,0.8481173983088023,0.8481173983088023
Pt,0.9625,8.472354399160137e-06,8.833841188305675e-06,8.833841188305675e-06,1.0597231081019185,0.11265632428560877,0.8498436757143912,0.8498436757143912
Pt,0.965,8.528731771923724e-06,8.897723963121919e-06,8.897723963121919e-06,1.0606572773278906,0.1134336577824282,0.8515663422175718,0.8515663422175718
Pt,0.9675,8.585387322017202e-06,8.962001787061447e-06,8.962001787061447e-06,1.0616006186065163,0.11421460431712817,0.8532853956828719,0.8532853956828719
Pt,0.97,8.642321290032847e-06,9.026676641888995e-06,9.026676641888995e-06,1.0625531511510662,0.11499916583681796,0.855000834163182,0.855000834163182
Pt,0.9725,8.699534586037141e-06,9.0917505065771e-06,9.0917505065771e-06,1.063514893532261,0.11578734409881636,0.8567126559011837,0.8567126559011837
Pt,0.975,8.757028120903151e-06,9.157225356961262e-06,9.157225356961262e-06,1.0644858636777936,0.11657914066926135,0.8584208593307385,0.8584208593307385
Pt,0.9775,8.814802806294123e-06,9.223103165387597e-06,9.223103165387597e-06,1.065466078871953,0.11737455692175969,0.8601254430782403,0.8601254430782403
Pt,0.98,8.872860465139197e-06,9.289387901178951e-06,9.289387901178951e-06,1.066455601372093,0.11817361184311563,0.8618263881568843,0.8618263881568843
Pt,0.9825,8.9312012479081e-06,9.356079735366503e-06,9.356079735366503e-06,1.06745440597838,0.11897629028106174,0.8635237097189383,0.8635237097189383
Pt,0.985,8.98982586903478e-06,9.423180614631001e-06,9.423180614631001e-06,1.0684625076971628,0.11978259288238256,0.8652174071176174,0.8652174071176174
Pt,0.9875,9.048735242274614e-06,9.490692498848742e-06,9.490692498848742e-06,1.0694799213041528,0.12059252025787051,0.8669074797421296,0.8669074797421296
Pt,0.99,9.10793028207535e-06,9.558617342631019e-06,9.558617342631019e-06,1.0705066609312193,0.12140607281960102,0.868593927180399,0.868593927180399
Pt,0.9925,9.167411903558178e-06,9.626959535751557e-06,9.626959535751557e-06,1.071542794820412,0.12222327200368008,0.8702767279963199,0.8702767279963199
Pt,0.995,9.227181022498398e-06,9.69571924707606e-06,9.69571924707606e-06,1.0725882955873993,0.12304410215956527,0.8719558978404347,0.8719558978404347
Pt,0.9975,9.287238555305643e-06,9.764897965985432e-06,9.764897965985432e-06,1.073643165313292,0.12386855916195114,0.8736314408380489,0.8736314408380489
Pt,1.0,9.347585442405553e-06,9.83449762764185e-06,9.83449762764185e-06,1.074707415624182,0.12469664263719975,0.8753033573628003,0.8753033573628003
Pt,1.0025,9.408223128275866e-06,9.904523294794751e-06,9.904523294794751e-06,1.0757811268739967,0.12552837875292752,0.8769716212470725,0.8769716212470725
Pt,1.0050000000000001,9.469151921327229e-06,9.974974506695869e-06,9.974974506695869e-06,1.0768642561478738,0.12636374611164658,0.8786362538883535,0.8786362538883535
Pt,1.0075,9.530372739320258e-06,1.0045852663142093e-05,1.0045852663142093e-05,1.0779568017025247,0.12720273930058332,0.8802972606994167,0.8802972606994167
Pt,1.01,9.591886500533946e-06,1.0117161761446208e-05,1.0117161761446208e-05,1.0790588183809946,0.12804537470164934,0.8819546252983506,0.8819546252983506
Pt,1.0125,9.653694123743152e-06,1.0188904020864662e-05,1.0188904020864662e-05,1.080170321102193,0.1288916533276408,0.8836083466723591,0.8836083466723591
Pt,1.0150000000000001,9.715796528195628e-06,1.0261079184960539e-05,1.0261079184960539e-05,1.0812912704367943,0.12974155539967128,0.8852584446003289,0.8852584446003289
Pt,1.0175,9.778194633588545e-06,1.0333691669321584e-05,1.0333691669321584e-05,1.0824217284183206,0.13059510008638042,0.8869048999136196,0.8869048999136196
Pt,1.02,9.840889360044603e-06,1.040674344177806e-05,1.040674344177806e-05,1.0835617029957212,0.13145228581426244,0.8885477141857376,0.8885477141857376
Pt,1.0225,9.903881628087646e-06,1.0480234027549906e-05,1.0480234027549906e-05,1.084711149179145,0.13231309084122977,0.8901869091587701,0.8901869091587701
Pt,1.025,9.967172358617772e-06,1.0554169872245362e-05,1.0554169872245362e-05,1.0858701705835654,0.1331775501962243,0.8918224498037757,0.8918224498037757
Pt,1.0275,1.0030762472885975e-05,1.0628549506893676e-05,1.0628549506893676e-05,1.0870387000104942,0.13404563372221992,0.8934543662777802,0.8934543662777802
Pt,1.03,1.0094652892468322e-05,1.0703375899311128e-05,1.0703375899311128e-05,1.0882167653267456,0.13491734757869325,0.8950826524213067,0.8950826524213067
Pt,1.0325,1.0158844539239582e-05,1.0778652979470078e-05,1.0778652979470078e-05,1.0894044140018988,0.1357927053478,0.8967072946521999,0.8967072946521999
Pt,1.035,1.0223338335346391e-05,1.0854378932542492e-05,1.0854378932542492e-05,1.0906015712754888,0.13667167419949683,0.8983283258005033,0.8983283258005033
Pt,1.0375,1.0288135203179909e-05,1.0930561826718343e-05,1.0930561826718343e-05,1.091808370940638,0.1375543004798305,0.8999456995201696,0.8999456995201696
Pt,1.04,1.0353236065347917e-05,1.1007197274454452e-05,1.1007197274454452e-05,1.0930246836059316,0.13844053073286905,0.9015594692671308,0.9015594692671308
Pt,1.0425,1.0418641844646482e-05,1.1084293402763427e-05,1.1084293402763427e-05,1.0942506426005227,0.1393304110581739,0.9031695889418261,0.9031695889418261
Pt,1.045,1.0484353464031002e-05,1.1161846902763063e-05,1.1161846902763063e-05,1.0954861412511037,0.14022389673853825,0.9047761032614617,0.9047761032614617
Pt,1.0475,1.0550372093067184e-05,1.1239865025099743e-05,1.1239865025099743e-05,1.096731292787192,0.14112102618552333,0.9063789738144767,0.9063789738144767
Pt,1.05,1.0616698897448513e-05,1.131834484027178e-05,1.131834484027178e-05,1.0979859984793163,0.14202175780407036,0.9079782421959298,0.9079782421959298
Pt,1.0525,1.0683334391504647e-05,1.1397293964860335e-05,1.1397293964860335e-05,1.0992503773858786,0.14292613211458338,0.9095738678854166,0.9095738678854166
Pt,1.055,1.075027949973025e-05,1.1476708351779117e-05,1.1476708351779117e-05,1.1005243078437377,0.14383409900354582,0.9111659009964541,0.9111659009964541
Pt,1.0575,1.0817535146639625e-05,1.1556597436652829e-05,1.1556597436652829e-05,1.1018079444113493,0.14474571223764285,0.9127542877623572,0.9127542877623572
Pt,1.06,1.088510225673473e-05,1.1636956459633037e-05,1.1636956459633037e-05,1.103101150937728,0.14566091636745235,0.9143390836325478,0.9143390836325478
Pt,1.0625,1.0952981754472575e-05,1.1717792587942197e-05,1.1717792587942197e-05,1.1044040340597194,0.1465797470785677,0.9159202529214323,0.9159202529214323
Pt,1.065,1.1021174564232066e-05,1.179910523460358e-05,1.179910523460358e-05,1.1057165424268638,0.14750218081014652,0.9174978191898533,0.9174978191898533
Pt,1.0675000000000001,1.1089681610280306e-05,1.1880896487959666e-05,1.1880896487959666e-05,1.1070386787618238,0.1484282142872438,0.9190717857127564,0.9190717857127564
Pt,1.07,1.1158504411390256e-05,1.1963171725973035e-05,1.1963171725973035e-05,1.1083705111210467,0.14935786860952535,0.9206421313904748,0.9206421313904748
Pt,1.0725,1.1227644146771971e-05,1.2045928495943604e-05,1.2045928495943604e-05,1.109711950515793,0.15029110624894595,0.9222088937510541,0.9222088937510541
Pt,1.075,1.129710098114792e-05,1.2129172888146342e-05,1.2129172888146342e-05,1.1110630781477233,0.15122795316475884,0.9237720468352412,0.9237720468352412
Pt,1.0775000000000001,1.1366875839307623e-05,1.2212905825622417e-05,1.2212905825622417e-05,1.1124238717947408,0.15216839673794672,0.9253316032620534,0.9253316032620534
Pt,1.08,1.1436969645765464e-05,1.2297127298683426e-05,1.2297127298683426e-05,1.1137942909550476,0.15311241759766883,0.9268875824023313,0.9268875824023313
Pt,1.0825,1.1507383324723585e-05,1.238184357938362e-05,1.238184357938362e-05,1.1151744182455514,0.15406004208991014,0.9284399579100898,0.9284399579100898
Pt,1.085,1.1578118871855428e-05,1.2467054753892893e-05,1.2467054753892893e-05,1.1165642142738008,0.15501125123044515,0.9299887487695547,0.9299887487695547
Pt,1.0875000000000001,1.1649177018795602e-05,1.2552761464552838e-05,1.2552761464552838e-05,1.117963650744986,0.15596603020017316,0.931533969799827,0.931533969799827
Pt,1.09,1.1720557907182058e-05,1.2638968180124846e-05,1.2638968180124846e-05,1.119372773359425,0.1569243915571354,0.9330756084428646,0.9330756084428646
Pt,1.0925,1.1792262460985611e-05,1.2725678067587946e-05,1.2725678067587946e-05,1.120791601769456,0.15788633816049985,0.9346136618395002,0.9346136618395002
Pt,1.095,1.1864291603684908e-05,1.281289048158683e-05,1.281289048158683e-05,1.1222200820545316,0.15885184570968827,0.9361481542903118,0.9361481542903118
Pt,1.0975,1.1936648229382217e-05,1.290060779633262e-05,1.290060779633262e-05,1.1236582184120856,0.15982091137865845,0.9376790886213414,0.9376790886213414
Pt,1.1,1.2009331716544413e-05,1.2988834932254116e-05,1.2988834932254116e-05,1.1251060629587106,0.1607935499348345,0.9392064500651657,0.9392064500651657
Pt,1.1025,1.2082342664952859e-05,1.307757342142643e-05,1.307757342142643e-05,1.1265636026700392,0.16176975212328082,0.9407302478767191,0.9407302478767191
Pt,1.105,1.2155681997176878e-05,1.316682378131735e-05,1.316682378131735e-05,1.1280308053554597,0.16274950166714428,0.9422504983328557,0.9422504983328557
Pt,1.1075,1.222935275041242e-05,1.325658838367697e-05,1.325658838367697e-05,1.1295076737879777,0.16373279513465785,0.9437672048653422,0.9437672048653422
Pt,1.11,1.2303354381285887e-05,1.3346869600173377e-05,1.3346869600173377e-05,1.1309942104020798,0.1647196289467737,0.9452803710532264,0.9452803710532264
Pt,1.1125,1.2377687270164929e-05,1.3437672478522612e-05,1.3437672478522612e-05,1.132490466950859,0.1657100175145492,0.9467899824854509,0.9467899824854509
Pt,1.115,1.2452352828145085e-05,1.3528997284076567e-05,1.3528997284076567e-05,1.1339964056679193,0.16670394247656278,0.9482960575234372,0.9482960575234372
Pt,1.1175,1.2527354034831102e-05,1.362084563257154e-05,1.362084563257154e-05,1.13551201397306,0.16770139469415607,0.9497986053058438,0.9497986053058438
Pt,1.12,1.2602689375119947e-05,1.371321988781585e-05,1.371321988781585e-05,1.1370372929143326,0.1687023699876011,0.9512976300123989,0.9512976300123989
Pt,1.1225,1.2678359768988897e-05,1.3806122412230298e-05,1.3806122412230298e-05,1.1385722432107412,0.16970686403134924,0.9527931359686509,0.9527931359686509
Pt,1.125,1.2754368982145873e-05,1.3899555566588096e-05,1.3899555566588096e-05,1.1401168652541165,0.17071487235438002,0.95428512764562,0.95428512764562
Pt,1.1275,1.2830715682205748e-05,1.399352170974886e-05,1.399352170974886e-05,1.1416711591109812,0.17172639034057602,0.9557736096594239,0.9557736096594239
Pt,1.1300000000000001,1.2907400310555839e-05,1.40880238103863e-05,1.40880238103863e-05,1.1432351355318644,0.17274141721282021,0.9572585827871799,0.9572585827871799
Pt,1.1325,1.2984426648474614e-05,1.4183064668290203e-05,1.4183064668290203e-05,1.1448088017728062,0.1737599508817939,0.9587400491182062,0.9587400491182062
Pt,1.135,1.306179362798378e-05,1.4278645353442097e-05,1.4278645353442097e-05,1.1463921338387915,0.17478197793448766,0.9602180220655122,0.9602180220655122
Pt,1.1375,1.3139501409813488e-05,1.4374768208340272e-05,1.4374768208340272e-05,1.1479851304613575,0.17580749316576133,0.9616925068342385,0.9616925068342385
Pt,1.1400000000000001,1.3217554521710477e-05,1.4471435572034838e-05,1.4471435572034838e-05,1.1495877900557092,0.17683649122780046,0.9631635087721997,0.9631635087721997
Pt,1.1425,1.3295950709259212e-05,1.4568649779821334e-05,1.4568649779821334e-05,1.151200110722467,0.1778689666306498,0.9646310333693502,0.9646310333693502
Pt,1.145,1.3374691447935644e-05,1.4666413162927451e-05,1.4666413162927451e-05,1.1528220902493957,0.17890491374277398,0.9660950862572261,0.9660950862572261
Pt,1.1475,1.3453780146034116e-05,1.4764728048192552e-05,1.4764728048192552e-05,1.1544537261131036,0.1799443267916415,0.9675556732083584,0.9675556732083584
Pt,1.1500000000000001,1.3533214476601229e-05,1.4863596757740062e-05,1.4863596757740062e-05,1.1560950154807186,0.18098719986433517,0.9690128001356649,0.9690128001356649
Pt,1.1525,1.3612998204449355e-05,1.4963021608642361e-05,1.4963021608642361e-05,1.1577459552115315,0.1820335269081871,0.970466473091813,0.970466473091813
Pt,1.155,1.369313111522161e-05,1.5063004912578189e-05,1.5063004912578189e-05,1.1594065418586101,0.18308330173143864,0.9719166982685612,0.9719166982685612
Pt,1.1575,1.3773613389427489e-05,1.5163548975482293e-05,1.5163548975482293e-05,1.1610767716703843,0.18413651800392503,0.973363481996075,0.973363481996075
Pt,1.16,1.3854448998149375e-05,1.5264656097187123e-05,1.5264656097187123e-05,1.1627566405921892,0.18519316925778387,0.9748068307422161,0.9748068307422161
Pt,1.1625,1.3935635065613429e-05,1.536632857105661e-05,1.536632857105661e-05,1.1644461442677805,0.18625324888818928,0.9762467511118109,0.9762467511118109
Pt,1.165,1.4017176655681743e-05,1.5468568683611515e-05,1.5468568683611515e-05,1.166145278040806,0.18731675015410754,0.9776832498458926,0.9776832498458926
Pt,1.1675,1.409907150137386e-05,1.5571379420725524e-05,1.5571379420725524e-05,1.1678540488350027,0.18838367038694756,0.9791163296130525,0.9791163296130525
Pt,1.17,1.418132263696903e-05,1.5674764005085968e-05,1.5674764005085968e-05,1.1695724671480094,0.1894540081265167,0.9805459918734832,0.9805459918734832
Pt,1.1725,1.4263930388666227e-05,1.577872336810982e-05,1.577872336810982e-05,1.17130050485614,0.19052774820965263,0.9819722517903474,0.9819722517903474
Pt,1.175,1.4346895509302347e-05,1.5883259772840232e-05,1.5883259772840232e-05,1.1730381561715597,0.1916048833687866,0.9833951166312135,0.9833951166312135
Pt,1.1775,1.443022029903032e-05,1.598837547361919e-05,1.598837547361919e-05,1.1747854150133628,0.19268540620408123,0.9848145937959187,0.9848145937959187
Pt,1.18,1.4513903857376255e-05,1.609407271566232e-05,1.609407271566232e-05,1.1765422750087986,0.19376930918432456,0.9862306908156754,0.9862306908156754
Pt,1.1825,1.4597949820938893e-05,1.6200353734624163e-05,1.6200353734624163e-05,1.178308729494444,0.19485658464784558,0.9876434153521545,0.9876434153521545
Pt,1.185,1.4682356282526105e-05,1.6307220756153752e-05,1.6307220756153752e-05,1.1800847715173262,0.1959472248034526,0.9890527751965473,0.9890527751965473
Pt,1.1875,1.476712755902041e-05,1.6414679603661116e-05,1.6414679603661116e-05,1.1818704523270054,0.19704124219127153,0.9904587578087285,0.9904587578087285
Pt,1.19,1.48522614019396e-05,1.6522730216782625e-05,1.6522730216782625e-05,1.1836657270298026,0.19813861561189175,0.9918613843881081,0.9918613843881081
Pt,1.1925000000000001,1.493776213325603e-05,1.6631373833725607e-05,1.6631373833725607e-05,1.1854705721750556,0.19923933140187186,0.9932606685981282,0.9932606685981282
Pt,1.195,1.5023627847842279e-05,1.674061264446865e-05,1.674061264446865e-05,1.187284979719343,0.2003433812703798,0.9946566187296203,0.9946566187296203
Pt,1.1975,1.5109862178150072e-05,1.6850448826776014e-05,1.6850448826776014e-05,1.1891089413348834,0.20145075680185603,0.9960492431981439,0.9960492431981439
Pt,1.2,1.5196464266656406e-05,1.696089016724818e-05,1.696089016724818e-05,1.1909425374856883,0.20256148035627786,0.9974385196437221,0.9974385196437221
Pt,1.2025000000000001,1.5283436341873877e-05,1.7071934305549532e-05,1.7071934305549532e-05,1.192785686847863,0.20367551802539988,0.9988244819746003,0.9988244819746003
Pt,1.205,1.5370779318133054e-05,1.7183582702605715e-05,1.7183582702605715e-05,1.1946383693703337,0.20479285723414178,1.0002071427658583,1.0002071427658583
Pt,1.2075,1.545849328538248e-05,1.7295837491977057e-05,1.7295837491977057e-05,1.1965005756548017,0.20591348908642024,1.00158651091358,1.00158651091358
Pt,1.21,1.5546581674456834e-05,1.7408708285322462e-05,1.7408708285322462e-05,1.1983724126043254,0.2070374447275665,1.0029625552724335,1.0029625552724335
Pt,1.2125000000000001,1.563504174274321e-05,1.752219045064655e-05,1.752219045064655e-05,1.2002537642804558,0.20816467835746805,1.0043353216425321,1.0043353216425321
Pt,1.215,1.5723880019322897e-05,1.7636285787798556e-05,1.7636285787798556e-05,1.2021446158414504,0.20929517912241027,1.0057048208775896,1.0057048208775896
Pt,1.2175,1.5813092371769392e-05,1.7751001624903544e-05,1.7751001624903544e-05,1.2040450373609515,0.21042896525643798,1.007071034743562,1.007071034743562
Pt,1.22,1.5902683046985913e-05,1.7866338944223065e-05,1.7866338944223065e-05,1.20595500039293,0.21156602106660038,1.0084339789333996,1.0084339789333996
Pt,1.2225,1.5992652237332258e-05,1.7982296127845086e-05,1.7982296127845086e-05,1.2078744372765522,0.21270631750090885,1.0097936824990912,1.0097936824990912
Pt,1.225,1.6082999461280508e-05,1.8098881025377773e-05,1.8098881025377773e-05,1.209803424746335,0.2138498748398228,1.0111501251601773,1.0111501251601773
Pt,1.2275,1.6173730053220218e-05,1.8216094687203987e-05,1.8216094687203987e-05,1.2117419353661778,0.21499667767836467,1.0125033223216355,1.0125033223216355
Pt,1.23,1.6264840549016948e-05,1.8333934807212018e-05,1.8333934807212018e-05,1.2136898916671635,0.21614669365490613,1.0138533063450939,1.0138533063450939
Pt,1.2325,1.6356334541387757e-05,1.845241276811044e-05,1.845241276811044e-05,1.215647421880632,0.21729996026430606,1.015200039735694,1.015200039735694
Pt,1.235,1.6448213373310105e-05,1.8571523732335582e-05,1.8571523732335582e-05,1.2176144104123572,0.21845643214575683,1.0165435678542434,1.0165435678542434
Pt,1.2375,1.654047567390661e-05,1.8691271052896234e-05,1.8691271052896234e-05,1.2195908648986442,0.21961610580213933,1.0178838941978605,1.0178838941978605
Pt,1.24,1.663312618810732e-05,1.8811662629557805e-05,1.8811662629557805e-05,1.2215768595764271,0.22077900009597987,1.01922099990402,1.01922099990402
Pt,1.2425,1.6726163786354117e-05,1.8932691593954246e-05,1.8932691593954246e-05,1.2235722504851279,0.22194506028206523,1.0205549397179348,1.0205549397179348
Pt,1.245,1.6819588435982808e-05,1.9054372093423724e-05,1.9054372093423724e-05,1.2255772030552887,0.22311433577901937,1.0218856642209808,1.0218856642209808
Pt,1.2475,1.6913405237164543e-05,1.917669579023975e-05,1.917669579023975e-05,1.2275915525027072,0.2242867649108307,1.0232132350891694,1.0232132350891694
Pt,1.25,1.7007612171791078e-05,1.9299672666126636e-05,1.9299672666126636e-05,1.2296154021081087,0.2254623760093734,1.0245376239906265,1.0245376239906265
Pt,1.2525,1.7102209757943406e-05,1.942330070936914e-05,1.942330070936914e-05,1.2316486801461217,0.22664113868666902,1.0258588613133308,1.0258588613133308
Pt,1.2550000000000001,1.7197202620383286e-05,1.9547584827779714e-05,1.9547584827779714e-05,1.2336914153794398,0.22782305617022808,1.027176943829772,1.027176943829772
Pt,1.2575,1.7292589503477096e-05,1.967252676597909e-05,1.967252676597909e-05,1.2357435905697443,0.22900811626193543,1.0284918837380648,1.0284918837380648
Pt,1.26,1.7388370655197253e-05,1.9798128986244424e-05,1.9798128986244424e-05,1.237805198918397,0.23019631024174034,1.0298036897582596,1.0298036897582596
Pt,1.2625,1.7484549359573e-05,1.9924394296110933e-05,1.9924394296110933e-05,1.2398762383379898,0.2313876309017265,1.0311123690982733,1.0311123690982733
Pt,1.2650000000000001,1.7581126843489074e-05,2.005132546649872e-05,2.005132546649872e-05,1.2419567061947714,0.2325820708299429,1.0324179291700573,1.0324179291700573
Pt,1.2675,1.7678102229583396e-05,2.0178923546305304e-05,2.0178923546305304e-05,1.244046575439644,0.23377961451309945,1.0337203854869006,1.0337203854869006
Pt,1.27,1.777547675023785e-05,2.0307194499526887e-05,2.0307194499526887e-05,1.246145888111954,0.23498026919624068,1.0350197308037594,1.0350197308037594
Pt,1.2725,1.7873255335648566e-05,2.0436134662207856e-05,2.0436134662207856e-05,1.2482545512989347,0.23618399767486464,1.0363160023251352,1.0363160023251352
Pt,1.2750000000000001,1.7971435662809086e-05,2.056575621071266e-05,2.056575621071266e-05,1.2503726930165577,0.23739083528747137,1.0376091647125287,1.0376091647125287
Pt,1.2775,1.807001878022274e-05,2.0696049755867737e-05,2.0696049755867737e-05,1.252500141450245,0.23860071902988705,1.038899280970113,1.038899280970113
Pt,1.28,1.8169006198760585e-05,2.0827030607716444e-05,2.0827030607716444e-05,1.2546370667046205,0.23981369776649766,1.0401863022335023,1.0401863022335023
Pt,1.2825,1.8268402209600632e-05,2.0958691184505713e-05,2.0958691184505713e-05,1.2567833229101633,0.24102971709598936,1.0414702829040106,1.0414702829040106
Pt,1.285,1.8368204681588946e-05,2.1091037567816993e-05,2.1091037567816993e-05,1.2589389524242725,0.2422487840433035,1.0427512159566965,1.0427512159566965
Pt,1.2875,1.846841486168617e-05,2.122407593121373e-05,2.122407593121373e-05,1.2611039980518044,0.2434709056262459,1.0440290943737542,1.0440290943737542
Pt,1.29,1.856903399913615e-05,2.135780049043607e-05,2.135780049043607e-05,1.2632783403164642,0.2446960362721032,1.0453039637278967,1.0453039637278967
Pt,1.2925,1.8670065808213214e-05,2.1492223691706187e-05,2.1492223691706187e-05,1.265462106513544,0.24592421022645852,1.0465757897735415,1.0465757897735415
Pt,1.295,1.877150982532314e-05,2.162734240100931e-05,2.162734240100931e-05,1.2676552132976213,0.24715539361248878,1.047844606387511,1.047844606387511
Pt,1.2975,1.887336649693284e-05,2.17631558630208e-05,2.17631558630208e-05,1.2698576102022185,0.24838956328772416,1.049110436712276,1.049110436712276
Pt,1.3,1.8975637080305123e-05,2.1899677523763077e-05,2.1899677523763077e-05,1.2720694357777027,0.24962675669951537,1.0503732433004846,1.0503732433004846
Pt,1.3025,1.9078322834910147e-05,2.203690144281936e-05,2.203690144281936e-05,1.2742905701905953,0.2508669283662643,1.0516330716337356,1.0516330716337356
Pt,1.305,1.918142731574179e-05,2.217482867172285e-05,2.217482867172285e-05,1.276520987347071,0.2521100629636511,1.052889937036349,1.052889937036349
Pt,1.3075,1.92849499992297e-05,2.2313470139952317e-05,2.2313470139952317e-05,1.2787607907386334,0.2533561863733878,1.0541438136266124,1.0541438136266124
Pt,1.31,1.9388891575797496e-05,2.245282405934053e-05,2.245282405934053e-05,1.2810099162884765,0.2546052710245222,1.055394728975478,1.055394728975478
Pt,1.3125,1.9493253312566335e-05,2.2592889838951608e-05,2.2592889838951608e-05,1.2832683163505245,0.2558572946841252,1.0566427053158747,1.0566427053158747
Pt,1.315,1.9598036478781887e-05,2.273367213260401e-05,2.273367213260401e-05,1.2855360117062837,0.2571122568036595,1.0578877431963405,1.0578877431963405
Pt,1.3175000000000001,1.9703242345798893e-05,2.2875180744443203e-05,2.2875180744443203e-05,1.2878130889398687,0.2583701774372098,1.0591298225627903,1.0591298225627903
Pt,1.32,1.9808874145131027e-05,2.3017409752593025e-05,2.3017409752593025e-05,1.2900994316022154,0.25963101261507715,1.060368987384923,1.060368987384923
Pt,1.3225,1.991493152030932e-05,2.3160362079954088e-05,2.3160362079954088e-05,1.2923950378635878,0.26089475456297057,1.0616052454370295,1.0616052454370295
Pt,1.325,2.002141534630692e-05,2.3304041391684194e-05,2.3304041391684194e-05,1.2946999152281407,0.26216139838775543,1.0628386016122444,1.0628386016122444
Pt,1.3275000000000001,2.012832690165673e-05,2.344845817276619e-05,2.344845817276619e-05,1.297014157214021,0.2634309659256403,1.0640690340743597,1.0640690340743597
Pt,1.33,2.0235667466909304e-05,2.35936067850845e-05,2.35936067850845e-05,1.2993376526192804,0.26470341508444806,1.065296584915552,1.065296584915552
Pt,1.3325,2.0343438324615863e-05,2.3739490150935245e-05,2.3739490150935245e-05,1.301670399302982,0.2659787378727873,1.0665212621272127,1.0665212621272127
Pt,1.335,2.0451640759310907e-05,2.3886111193512722e-05,2.3886111193512722e-05,1.3040123950559384,0.2672569262477713,1.0677430737522287,1.0677430737522287
Pt,1.3375000000000001,2.0560276057494602e-05,2.4033473377859693e-05,2.4033473377859693e-05,1.3063636443290678,0.2685379741894947,1.0689620258105055,1.0689620258105055
Pt,1.34,2.0669346771677608e-05,2.418158585016742e-05,2.418158585016742e-05,1.3087242217406412,0.2698218972004555,1.0701781027995445,1.0701781027995445
Pt,1.3425,2.0778853218740106e-05,2.4330444466746623e-05,2.4330444466746623e-05,1.3110940366934822,0.271108659849038,1.071391340150962,1.071391340150962
Pt,1.345,2.0888796314230468e-05,2.4480052144807406e-05,2.4480052144807406e-05,1.3134730866651803,0.27239825389033556,1.0726017461096644,1.0726017461096644
Pt,1.3475,2.0999177351142452e-05,2.463041180119366e-05,2.463041180119366e-05,1.3158613690645633,0.27369067103157685,1.0738093289684232,1.0738093289684232
Pt,1.35,2.1109997624332306e-05,2.4781526352137113e-05,2.4781526352137113e-05,1.3182588812315568,0.2749859029328308,1.075014097067169,1.075014097067169
Pt,1.3525,2.122125843049938e-05,2.4933398713006042e-05,2.4933398713006042e-05,1.3206656204370066,0.2762839412077163,1.0762160587922835,1.0762160587922835
Pt,1.355,2.133296106816655e-05,2.5086031798048346e-05,2.5086031798048346e-05,1.3230815838824626,0.2775847774241101,1.0774152225758897,1.0774152225758897
Pt,1.3575,2.1445106837660296e-05,2.52394329444824e-05,2.52394329444824e-05,1.3255068219104673,0.2788884191577385,1.0786115808422614,1.0786115808422614
Pt,1.36,2.1557697041090494e-05,2.5393600500173196e-05,2.5393600500173196e-05,1.3279412762803864,0.280194841118292,1.0798051588817081,1.0798051588817081
Pt,1.3625,2.1670732982329916e-05,2.554853714188558e-05,2.554853714188558e-05,1.3303849412328776,0.28150403391956513,1.080995966080435,1.080995966080435
Pt,1.365,2.1784215966993482e-05,2.5704245768277918e-05,2.5704245768277918e-05,1.3328378136452632,0.28281598895165516,1.082184011048345,1.082184011048345
Pt,1.3675,2.189814730241716e-05,2.5860729275378774e-05,2.5860729275378774e-05,1.3352998903234163,0.2841306975626165,1.0833693024373834,1.0833693024373834
Pt,1.37,2.2012528297636678e-05,2.6017990556292815e-05,2.6017990556292815e-05,1.3377711680012974,0.2854481510591783,1.084551848940822,1.084551848940822
Pt,1.3725,2.2127360263365733e-05,2.6176032500900234e-05,2.6176032500900234e-05,1.3402516433404512,0.28676834070746104,1.085731659292539,1.085731659292539
Pt,1.375,2.2242644511974174e-05,2.6334857995550054e-05,2.6334857995550054e-05,1.3427413129294654,0.28809125773369576,1.0869087422663042,1.0869087422663042
Pt,1.3775,2.2358382357465678e-05,2.6494469922746824e-05,2.6494469922746824e-05,1.3452401732833816,0.28941689332494236,1.0880831066750578,1.0880831066750578
Pt,1.3800000000000001,2.2474575115455176e-05,2.6654871160830725e-05,2.6654871160830725e-05,1.3477482208430693,0.29074523862980833,1.0892547613701917,1.0892547613701917
Pt,1.3825,2.259122410314606e-05,2.6816064583651136e-05,2.6816064583651136e-05,1.3502654519745563,0.2920762847591694,1.0904237152408307,1.0904237152408307
Pt,1.385,2.2708330639306966e-05,2.6978053060233312e-05,2.6978053060233312e-05,1.3527918629683182,0.29341002278688855,1.0915899772131115,1.0915899772131115
Pt,1.3875,2.2825896044248293e-05,2.7140839454438173e-05,2.7140839454438173e-05,1.3553274500385217,0.29474644375053594,1.092753556249464,1.092753556249464
Pt,1.3900000000000001,2.2943921639798503e-05,2.73044266246151e-05,2.73044266246151e-05,1.357872209322227,0.2960855386521093,1.0939144613478906,1.0939144613478906
Pt,1.3925,2.3062408749279893e-05,2.7468817423247527e-05,2.7468817423247527e-05,1.360426136878547,0.2974272984587526,1.0950727015412474,1.0950727015412474
Pt,1.395,2.318135869748427e-05,2.7634014696591427e-05,2.7634014696591427e-05,1.3629892286877612,0.2987717141034765,1.0962282858965235,1.0962282858965235
Pt,1.3975,2.330077281064827e-05,2.7800021284306303e-05,2.7800021284306303e-05,1.3655614806503837,0.3001187764858768,1.0973812235141231,1.0973812235141231
Pt,1.4000000000000001,2.3420652416428207e-05,2.7966840019078696e-05,2.7966840019078696e-05,1.3681428885861922,0.30146847647285324,1.0985315235271467,1.0985315235271467
Pt,1.4025,2.3540998843874773e-05,2.81344737262382e-05,2.81344737262382e-05,1.3707334482332052,0.3028208048993279,1.0996791951006724,1.0996791951006724
Pt,1.405,2.366181342340734e-05,2.830292522336553e-05,2.830292522336553e-05,1.373333155246618,0.3041757525689611,1.1008242474310388,1.1008242474310388
Pt,1.4075,2.378309748678795e-05,2.8472197319892967e-05,2.8472197319892967e-05,1.3759420051976918,0.3055333102548699,1.1019666897451301,1.1019666897451301
Pt,1.41,2.3904852367094973e-05,2.8642292816696605e-05,2.8642292816696605e-05,1.3785599935725952,0.3068934687003422,1.1031065312996577,1.1031065312996577
Pt,1.4125,2.4027079398696445e-05,2.8813215672565876e-05,2.8813215672565876e-05,1.3811871286209496,0.30825622225393257,1.1042437777460674,1.1042437777460674
Pt,1.415,2.4149779917223077e-05,2.898497240061207e-05,2.898497240061207e-05,1.383823446420117,0.3096215730596603,1.1053784269403397,1.1053784269403397
Pt,1.4175,2.4272955259540876e-05,2.9157561468468624e-05,2.9157561468468624e-05,1.3864688945231205,0.310989498232949,1.106510501767051,1.106510501767051
Pt,1.42,2.4396606763723546e-05,2.9330985650566894e-05,2.9330985650566894e-05,1.389123468120759,0.312359988404048,1.107640011595952,1.107640011595952
Pt,1.4225,2.4520735769024455e-05,2.95052477108129e-05,2.95052477108129e-05,1.3917871623129963,0.3137330341768177,1.1087669658231825,1.1087669658231825
Pt,1.425,2.464534548241725e-05,2.9680350402131634e-05,2.9680350402131634e-05,1.3944599721075306,0.31510862612943685,1.1098913738705631,1.1098913738705631
Pt,1.4275,2.4770435624122243e-05,2.985629646600278e-05,2.985629646600278e-05,1.397141892418317,0.3164867548151105,1.1110132451848895,1.1110132451848895
Pt,1.43,2.4896007424790116e-05,3.0033088631987263e-05,3.0033088631987263e-05,1.3998329180640412,0.31786741076277464,1.1121325892372251,1.1121325892372251
Pt,1.4325,2.5022062229720704e-05,3.021073807662913e-05,3.021073807662913e-05,1.4025331340982383,0.31925060938629735,1.1132493906137026,1.1132493906137026
Pt,1.435,2.5148601385262553e-05,3.038924122653441e-05,3.038924122653441e-05,1.4052424673042327,0.32063632227259514,1.114363677727405,1.114363677727405
Pt,1.4375,2.5275626238783057e-05,3.0568599279162775e-05,3.0568599279162775e-05,1.4079608961143133,0.3220245354110799,1.1154754645889202,1.1154754645889202
Pt,1.44,2.5403138138637936e-05,3.074881492505821e-05,3.074881492505821e-05,1.4106884150133578,0.32341523923883503,1.116584760761165,1.116584760761165
Pt,1.4425000000000001,2.5531138434140802e-05,3.0929890840555086e-05,3.0929890840555086e-05,1.41342501838344,0.32480842417205535,1.1176915758279447,1.1176915758279447
Pt,1.445,2.5659630178279415e-05,3.1111837484321124e-05,3.1111837484321124e-05,1.4161707822137106,0.32620410277469897,1.1187958972253012,1.1187958972253012
Pt,1.4475,2.5788614428642426e-05,3.1294655590760975e-05,3.1294655590760975e-05,1.41892567975358,0.3276022595351808,1.1198977404648192,1.1198977404648192
Pt,1.45,2.591809127392186e-05,3.147834265738565e-05,3.147834265738565e-05,1.4216896509757082,0.3290028700654763,1.1209971299345236,1.1209971299345236
Pt,1.4525000000000001,2.6048062068675417e-05,3.166290131293162e-05,3.166290131293162e-05,1.424462689899867,0.3304059247027934,1.1220940752972068,1.1220940752972068
Pt,1.455,2.6178528168274767e-05,3.18483384176524e-05,3.18483384176524e-05,1.427244834302934,0.33181142551171894,1.123188574488281,1.123188574488281
Pt,1.4575,2.6309490928872775e-05,3.203466428772951e-05,3.203466428772951e-05,1.430036156885915,0.3332193837189356,1.1242806162810643,1.1242806162810643
Pt,1.46,2.64409527788332e-05,3.222187033582047e-05,3.222187033582047e-05,1.4328365355011143,0.33462975846864046,1.1253702415313596,1.1253702415313596
Pt,1.4625000000000001,2.657291682995459e-05,3.2409959135781866e-05,3.2409959135781866e-05,1.4356459637807546,0.33604254002911865,1.1264574599708816,1.1264574599708816
Pt,1.465,2.6705381770624085e-05,3.259894236084192e-05,3.259894236084192e-05,1.4384645280216788,0.3374577431599435,1.1275422568400566,1.1275422568400566
Pt,1.4675,2.6838348961598956e-05,3.2788823258057034e-05,3.2788823258057034e-05,1.4412922277412585,0.3388753594424144,1.1286246405575855,1.1286246405575855
Pt,1.47,2.697181976426395e-05,3.297959537526351e-05,3.297959537526351e-05,1.4441289645068422,0.3402953547705661,1.129704645229434,1.129704645229434
Pt,1.4725,2.7105795598783786e-05,3.317126335798085e-05,3.317126335798085e-05,1.446974753021586,0.34171772497135117,1.130782275028649,1.130782275028649
Pt,1.475,2.7240282285437792e-05,3.3363846406840516e-05,3.3363846406840516e-05,1.4498297536939708,0.3431425037610917,1.1318574962389085,1.1318574962389085
Pt,1.4775,2.7375276835546174e-05,3.355732905010844e-05,3.355732905010844e-05,1.4526937780824916,0.3445696336974815,1.1329303663025185,1.1329303663025185
Pt,1.48,2.7510780614540008e-05,3.3751713750702214e-05,3.3751713750702214e-05,1.4555668190912752,0.34599910495109637,1.1340008950489036,1.1340008950489036
Pt,1.4825,2.764679498831559e-05,3.394702586276982e-05,3.394702586276982e-05,1.4584490968232653,0.3474309662827305,1.1350690337172693,1.1350690337172693
Pt,1.485,2.7783323273313302e-05,3.414324604685057e-05,3.414324604685057e-05,1.4613403862636372,0.34886515128018225,1.136134848719818,1.136134848719818
Pt,1.4875,2.7920368226525308e-05,3.434037888457825e-05,3.434037888457825e-05,1.4642407013632888,0.35030165554834847,1.1371983444516516,1.1371983444516516
Pt,1.49,2.8057928047641356e-05,3.4538447383883846e-05,3.4538447383883846e-05,1.4671502367123932,0.35174052070742357,1.1382594792925764,1.1382594792925764
Pt,1.4925,2.81960041060139e-05,3.473743189869085e-05,3.473743189869085e-05,1.4700687668125452,0.35318168087339474,1.1393183191266052,1.1393183191266052
Pt,1.495,2.8334598833735698e-05,3.493734498436168e-05,3.493734498436168e-05,1.4729963833661381,0.3546251513541776,1.1403748486458227,1.1403748486458227
Pt,1.4975,2.847371734361401e-05,3.513819632520251e-05,3.513819632520251e-05,1.475933148769016,0.35607093969684683,1.1414290603031532,1.1414290603031532
Pt,1.5,2.8613356380581985e-05,3.533997170330081e-05,3.533997170330081e-05,1.4788788931942296,0.35751899483526456,1.1424810051647354,1.1424810051647354
Pt,1.5025,2.875351731696483e-05,3.554269698669467e-05,3.554269698669467e-05,1.481833835959026,0.3589693638495736,1.1435306361504263,1.1435306361504263
Pt,1.5050000000000001,2.8894203585215426e-05,3.574635755356255e-05,3.574635755356255e-05,1.484797803906248,0.3604219949923051,1.144578005007695,1.144578005007695
Pt,1.5075,2.9035418909015883e-05,3.5950961086178835e-05,3.5950961086178835e-05,1.4877708401349923,0.3618768909908434,1.1456231090091566,1.1456231090091566
Pt,1.51,2.917716043752564e-05,3.615651949384774e-05,3.615651949384774e-05,1.490753027374918,0.3633340642077772,1.1466659357922229,1.1466659357922229
Pt,1.5125,2.9319429545538168e-05,3.6363015819116745e-05,3.6363015819116745e-05,1.4937441725925102,0.3647934586165595,1.1477065413834404,1.1477065413834404
Pt,1.5150000000000001,2.946223264438777e-05,3.6570484672983934e-05,3.6570484672983934e-05,1.4967445744714534,0.36625513990689307,1.148744860093107,1.148744860093107
Pt,1.5175,2.9605568136873666e-05,3.677889647204891e-05,3.677889647204891e-05,1.4997539207856494,0.36771902287257957,1.1497809771274206,1.1497809771274206
Pt,1.52,2.9749435528310634e-05,3.698828021840277e-05,0.0006509677419354838,1.502772455556032,0.3691851593714496,1.1508148406285503,1.1508148406285503
Pt,1.5225,2.989383872661975e-05,3.719862045111828e-05,0.0006525806451612902,1.5058000019083366,0.37065349789096885,1.1518465021090312,1.1518465021090312
Pt,1.5250000000000001,3.0038781604045408e-05,3.7409933227267884e-05,0.000654193548387097,1.5088366804425526,0.3721240597525785,1.1528759402474216,1.1528759402474216
Pt,1.5275,3.0184260711007596e-05,3.762221433037397e-05,0.0006558064516129033,1.511882420897883,0.3735968196844647,1.1539031803155355,1.1539031803155355
Pt,1.53,3.0330278478209923e-05,3.783547075726097e-05,0.0006574193548387098,1.5149372583616774,0.37507177808336756,1.1549282219166324,1.1549282219166324
Pt,1.5325,3.0476842208875537e-05,3.804970509993568e-05,0.0006590322580645162,1.5180011864776415,0.37654892523998,1.15595107476002,1.15595107476002
Pt,1.5350000000000001,3.062394651007415e-05,3.82649198170161e-05,0.0006606451612903226,1.5210741979221603,0.37802825129135365,1.1569717487086464,1.1569717487086464
Pt,1.5375,3.077159339978941e-05,3.848111969462776e-05,0.000662258064516129,1.5241563067239308,0.3795097514456249,1.1579902485543754,1.1579902485543754
Pt,1.54,3.0919791497490155e-05,3.869830735619164e-05,0.0006638709677419354,1.5272475070704288,0.38099341621087873,1.1590065837891215,1.1590065837891215
Pt,1.5425,3.1068534516381055e-05,3.891648498382954e-05,0.0006654838709677419,1.5303477890246018,0.38247923510298376,1.1600207648970164,1.1600207648970164
Pt,1.545,3.121782516550662e-05,3.9135660255169735e-05,0.0006670967741935483,1.5334571930484087,0.38396720959531044,1.1610327904046895,1.1610327904046895
Pt,1.5475,3.1367671187625816e-05,3.935582776094709e-05,0.000668709677419355,1.5365756400358457,0.385457312939257,1.162042687060743,1.162042687060743
Pt,1.55,3.151806649047839e-05,3.957700531437212e-05,0.0006703225806451614,1.5397032623495757,0.3869495681291214,1.1630504318708788,1.1630504318708788
Pt,1.5525,3.166901561823543e-05,3.979917473249457e-05,0.0006719354838709678,1.5428398656372055,0.388443921619257,1.164056078380743,1.164056078380743
Pt,1.555,3.182052316377132e-05,4.002236924318112e-05,0.0006735483870967742,1.545985720673191,0.3899404284398206,1.1650595715601795,1.1650595715601795
Pt,1.5575,3.1972584357670154e-05,4.024655911733985e-05,0.0006751612903225806,1.5491405301593513,0.3914390114470832,1.166060988552917,1.166060988552917
Pt,1.56,3.212520676460332e-05,4.0471778648454795e-05,0.0006767741935483871,1.552304572876741,0.39293972710974195,1.1670602728902582,1.1670602728902582
Pt,1.5625,3.227838947212808e-05,4.0698007870132594e-05,0.0006783870967741935,1.5554776406905313,0.3944425193421485,1.1680574806578514,1.1680574806578514
Pt,1.565,3.243213024606247e-05,4.092526002262411e-05,0.0006799999999999999,1.5586598229265187,0.3959474006876776,1.1690525993123224,1.1690525993123224
Pt,1.5675000000000001,3.258644076983601e-05,4.11535432751183e-05,0.0006816129032258066,1.5618511630587262,0.39745437300428627,1.1700456269957138,1.1700456269957138
Pt,1.57,3.2741312315385254e-05,4.138284128459008e-05,0.000683225806451613,1.5650514875543224,0.3989633888060412,1.171036611193959,1.171036611193959
Pt,1.5725,3.289675126658686e-05,4.161319168563007e-05,0.0006848387096774194,1.5682611000423505,0.4004745089411743,1.1720254910588257,1.1720254910588257
Pt,1.575,3.3052759952414435e-05,4.184456615651962e-05,0.0006864516129032258,1.571479721931069,0.40198766232441346,1.1730123376755863,1.1730123376755863
Pt,1.5775000000000001,3.320933404730628e-05,4.207697931055452e-05,0.0006880645161290323,1.5747074534031624,0.40350286365488697,1.1739971363451134,1.1739971363451134
Pt,1.58,3.336648619129376e-05,4.2310444907806146e-05,0.0006896774193548387,1.577944386119621,0.40502012543591015,1.17497987456409,1.17497987456409
Pt,1.5825,3.352420677854035e-05,4.254494477382625e-05,0.0006912903225806451,1.5811903330562982,0.4065393979175888,1.1759606020824114,1.1759606020824114
Pt,1.585,3.3682504153111965e-05,4.2780503565187616e-05,0.0006929032258064515,1.584445480512271,0.4080607146415212,1.1769392853584788,1.1769392853584788
Pt,1.5875000000000001,3.3841377596750854e-05,4.301711699065532e-05,0.0006945161290322582,1.5877097626546464,0.4095840529659973,1.1779159470340028,1.1779159470340028
Pt,1.59,3.400082700229792e-05,4.325477647970516e-05,0.0006961290322580647,1.5909830775250402,0.41110938252979873,1.1788906174702014,1.1788906174702014
Pt,1.5925,3.416085968252188e-05,4.349350958072551e-05,0.000697741935483871,1.5942656344483428,0.41263674143477913,1.1798632585652207,1.1798632585652207
Pt,1.595,3.432146819796121e-05,4.3733305056939544e-05,0.0006993548387096775,1.5975573084548695,0.4141660942730855,1.1808339057269144,1.1808339057269144
Pt,1.5975000000000001,3.44826662589926e-05,4.3974158429025395e-05,0.0007009677419354839,1.600858033653348,0.4156974188767048,1.1818025811232953,1.1818025811232953
Pt,1.6,3.464444343053836e-05,4.4216094211736026e-05,0.0007025806451612903,1.6041679915721279,0.41723074680502664,1.1827692531949736,1.1827692531949736
Pt,1.6025,3.4806810591376016e-05,4.445910597867632e-05,0.0007041935483870967,1.6074870993246868,0.41876605211650175,1.183733947883498,1.183733947883498
Pt,1.605,3.496976283462725e-05,4.4703187505740876e-05,0.0007058064516129031,1.6108152766636212,0.42030330971333507,1.184696690286665,1.184696690286665
Pt,1.6075,3.5133305986465173e-05,4.494835400709976e-05,0.0007074193548387096,1.6141526250046654,0.4218425335875909,1.185657466412409,1.185657466412409
Pt,1.61,3.5297439731953396e-05,4.519461630120243e-05,0.0007090322580645162,1.6174992077346804,0.42338372934190954,1.1866162706580905,1.1866162706580905
Pt,1.6125,3.546216579212632e-05,4.544196024579304e-05,0.0007106451612903227,1.6208548783488572,0.4249268579022898,1.1875731420977103,1.1875731420977103
Pt,1.615,3.56274874849635e-05,4.569038990541218e-05,0.0007122580645161291,1.6242196441576549,0.426471913162201,1.188528086837799,1.188528086837799
Pt,1.6175,3.579340339677864e-05,4.5939932163139756e-05,0.0007138709677419355,1.6275937024739977,0.42801892894846216,1.1894810710515378,1.1894810710515378
Pt,1.62,3.595991949629772e-05,4.6190572755865607e-05,0.0007154838709677419,1.6309769067199615,0.4295678664804318,1.1904321335195682,1.1904321335195682
Pt,1.6225,3.612703222886097e-05,4.644231098837698e-05,0.0007170967741935483,1.634369224325969,0.43111871124130224,1.1913812887586979,1.1913812887586979
Pt,1.625,3.629474920824792e-05,4.6695150946670906e-05,0.0007187096774193548,1.6377706626026134,0.4326714571264048,1.192328542873595,1.192328542873595
Pt,1.6275,3.6463065756284627e-05,4.6949120627818336e-05,0.0007203225806451612,1.641181425635855,0.43422613872404126,1.1932738612759588,1.1932738612759588
Pt,1.6300000000000001,3.663199010220269e-05,4.720420161959129e-05,0.0007219354838709679,1.6446013343473898,0.43578271106730704,1.194217288932693,1.194217288932693
Pt,1.6325,3.680151748587272e-05,4.74603962855587e-05,0.0007235483870967743,1.6480303817124788,0.437341165083654,1.195158834916346,1.195158834916346
Pt,1.635,3.697165569807812e-05,4.771770873019558e-05,0.0007251612903225807,1.6514685750273694,0.4389014946736094,1.1960985053263906,1.1960985053263906
Pt,1.6375,3.7142400962785304e-05,4.797615669808779e-05,0.0007267741935483871,1.6549160325141774,0.44046371630347375,1.197036283696526,1.197036283696526
Pt,1.6400000000000001,3.731375955373483e-05,4.8235740172618985e-05,0.0007283870967741935,1.6583727270430202,0.4420278166398625,1.1979721833601376,1.1979721833601376
Pt,1.6425,3.748572976993063e-05,4.8496453386313184e-05,0.00073,1.6618385852684983,0.4435937731286745,1.1989062268713255,1.1989062268713255
Pt,1.645,3.7658315264380504e-05,4.875830045889853e-05,0.0007316129032258064,1.6653136144570047,0.44516157967886605,1.1998384203211339,1.1998384203211339
Pt,1.6475,3.783151752736178e-05,4.9021285515576815e-05,0.0007332258064516128,1.668797821874638,0.4467312302014322,1.2007687697985678,1.2007687697985678
Pt,1.6500000000000001,3.8005336461958155e-05,4.928542461184733e-05,0.0007348387096774195,1.672291310426378,0.44830273766833156,1.2016972623316684,1.2016972623316684
Pt,1.6525,3.8179777891659e-05,4.955071838479841e-05,0.000736451612903226,1.675794058624973,0.4498760900653678,1.2026239099346325,1.2026239099346325
Pt,1.655,3.835483681451951e-05,4.9817162108256676e-05,0.0007380645161290324,1.679306002460242,0.45145126706323907,1.203548732936761,1.203548732936761
Pt,1.6575,3.853052455529709e-05,5.0084759918419495e-05,0.0007396774193548387,1.6828271491480882,0.4530282625852337,1.2044717374147664,1.2044717374147664
Pt,1.6600000000000001,3.8706831106014466e-05,5.035351595601495e-05,0.0007412903225806452,1.6863575058994769,0.45460707055758137,1.2053929294424188,1.2053929294424188
Pt,1.6625,3.8883771245998015e-05,5.0623434366128135e-05,0.0007429032258064516,1.6898970799195638,0.4561876849096229,1.2063123150903772,1.2063123150903772
Pt,1.665,3.906133494705789e-05,5.0894528073492375e-05,0.000744516129032258,1.693445947609481,0.4577701130245038,1.2072298869754963,1.2072298869754963
Pt,1.6675,3.923953172606802e-05,5.11668004539007e-05,0.0007461290322580644,1.6970041094953214,0.4593543473874492,1.2081456526125507,1.2081456526125507
Pt,1.67,3.9418359784486316e-05,5.144024716109702e-05,0.0007477419354838708,1.7005715055602222,0.46094036883603945,1.2090596311639605,1.2090596311639605
Pt,1.6725,3.959781979171994e-05,5.171487234562172e-05,0.0007493548387096776,1.7041481429330334,0.4625281713163125,1.2099718286836876,1.2099718286836876
Pt,1.675,3.977791943818196e-05,5.1990680161314784e-05,0.0007509677419354839,1.7077340287317055,0.46411774877827644,1.2108822512217237,1.2108822512217237
Pt,1.6775,3.9958650815668595e-05,5.226767476512025e-05,0.0007525806451612904,1.7113291700623332,0.46570909517607134,1.2117909048239286,1.2117909048239286
Pt,1.68,4.014002776099795e-05,5.254586031688712e-05,0.0007541935483870968,1.714933574018179,0.46730220446812837,1.2126977955318714,1.2126977955318714
Pt,1.6825,4.032204170267625e-05,5.282524097916685e-05,0.0007558064516129032,1.7185472476786912,0.4688970706173287,1.2136029293826713,1.2136029293826713
Pt,1.685,4.050469863804249e-05,5.3105823638128234e-05,0.0007574193548387096,1.7221702191000974,0.4704936915362607,1.2145063084637393,1.2145063084637393
Pt,1.6875,4.068800243543314e-05,5.3387618601031634e-05,0.000759032258064516,1.725802542407333,0.47209206996000824,1.2154079300399916,1.2154079300399916
Pt,1.69,4.087194730834288e-05,5.367062057780275e-05,0.0007606451612903225,1.7294441515058883,0.47369218607821334,1.2163078139217867,1.2163078139217867
Pt,1.6925000000000001,4.105654695341157e-05,5.3954833728293386e-05,0.0007622580645161291,1.7330950533612,0.47529403387593827,1.2172059661240617,1.2172059661240617
Pt,1.695,4.124179275487025e-05,5.4240262213835486e-05,0.0007638709677419356,1.7367552549191856,0.476897607343496,1.218102392656504,1.218102392656504
Pt,1.6975,4.142768922659367e-05,5.4526910197014174e-05,0.000765483870967742,1.7404247631051701,0.4785029004766005,1.2189970995233996,1.2189970995233996
Pt,1.7,4.161424330757575e-05,5.481478184143684e-05,0.0007670967741935485,1.7441035848227935,0.4801099072765148,1.2198900927234853,1.2198900927234853
Pt,1.7025000000000001,4.18014479017444e-05,5.5103881311498644e-05,0.0007687096774193549,1.7477917269529093,0.48171862175019925,1.220781378249801,1.220781378249801
Pt,1.705,4.1989312988395564e-05,5.5394212772143395e-05,0.0007703225806451612,1.7514891963524633,0.48332903791045667,1.2216709620895434,1.2216709620895434
Pt,1.7075,4.2177837029744405e-05,5.568578038862096e-05,0.0007719354838709677,1.7551959998533637,0.48494114977607816,1.222558850223922,1.222558850223922
Pt,1.71,4.236701729781547e-05,5.597858832624005e-05,0.0007735483870967741,1.758912144261333,0.4865549513719851,1.2234450486280148,1.2234450486280148
Pt,1.7125000000000001,4.25568667454142e-05,5.6272640750117304e-05,0.0007751612903225808,1.7626376363547467,0.4881704367293731,1.224329563270627,1.224329563270627
Pt,1.715,4.274737768588736e-05,5.6567941824921514e-05,0.0007767741935483872,1.766372482883454,0.4897875998858502,1.22521240011415,1.22521240011415
Pt,1.7175,4.2938551148762786e-05,5.6864495714614176e-05,0.0007783870967741937,1.770116690567591,0.4914064348855779,1.226093565114422,1.226093565114422
Pt,1.72,4.3130400205840515e-05,5.716230658218543e-05,0.0007800000000000001,1.773870266096373,0.49302693577940904,1.226973064220591,1.226973064220591
Pt,1.7225000000000001,4.332291507524199e-05,5.746137858938548e-05,0.0007816129032258064,1.7776332161268722,0.4946490966250241,1.227850903374976,1.227850903374976
Pt,1.725,4.351609900556062e-05,5.7761715896451744e-05,0.0007832258064516129,1.781405547282785,0.49627291148706565,1.2287270885129344,1.2287270885129344
Pt,1.7275,4.3709963308403665e-05,5.806332266183139e-05,0.0007848387096774193,1.7851872661531765,0.4978983744372738,1.2296016255627262,1.2296016255627262
Pt,1.73,4.390449922668272e-05,5.8366203041899506e-05,0.0007864516129032258,1.7889783792912213,0.4995254795546178,1.2304745204453822,1.2304745204453822
Pt,1.7325,4.409970949443964e-05,5.867036119067222e-05,0.0007880645161290321,1.792778893212914,0.5011542209254273,1.2313457790745725,1.2313457790745725
Pt,1.735,4.429560621864184e-05,5.897580125951563e-05,0.0007896774193548389,1.7965888143957796,0.5027845926435229,1.2322154073564773,1.2322154073564773
Pt,1.7375,4.449218039495132e-05,5.928252739684942e-05,0.0007912903225806453,1.8004081492775583,0.5044165888103432,1.2330834111896567,1.2330834111896567
Pt,1.74,4.4689433991565956e-05,5.959054374784645e-05,0.0007929032258064516,1.8042369042548776,0.5060502035350743,1.2339497964649258,1.2339497964649258
Pt,1.7425,4.4887379325030966e-05,5.9899854454126564e-05,0.0007945161290322581,1.8080750856819094,0.5076854309347733,1.2348145690652266,1.2348145690652266
Pt,1.745,4.5086009056744167e-05,6.0210463653446265e-05,0.0007961290322580645,1.8119226998690148,0.5093222651344945,1.2356777348655057,1.2356777348655057
Pt,1.7475,4.5285324090920094e-05,6.052237547938279e-05,0.000797741935483871,1.8157797530813633,0.5109607002674111,1.236539299732589,1.236539299732589
Pt,1.75,4.548533323496876e-05,6.0835594061013634e-05,0.0007993548387096773,1.8196462515375487,0.5126007304749391,1.2373992695250609,1.2373992695250609
Pt,1.7525,4.568603590665378e-05,6.115012352259058e-05,0.0008009677419354837,1.8235222014081782,0.5142423499068558,1.2382576500931441,1.2382576500931441
Pt,1.7550000000000001,4.588742979598252e-05,6.146596798320867e-05,0.0008025806451612905,1.8274076088144515,0.5158855527214202,1.2391144472785798,1.2391144472785798
Pt,1.7575,4.6089518770610656e-05,6.178313155646996e-05,0.0008041935483870968,1.8313024798267228,0.5175303330854899,1.2399696669145102,1.2399696669145102
Pt,1.76,4.6292311852961596e-05,6.210161835014201e-05,0.0008058064516129033,1.835206820463044,0.519176685174639,1.240823314825361,1.240823314825361
Pt,1.7625,4.649580210089801e-05,6.242143246581087e-05,0.0008074193548387097,1.8391206366876978,0.5208246031732721,1.241675396826728,1.241675396826728
Pt,1.7650000000000001,4.6699991523247284e-05,6.274257799852863e-05,0.0008090322580645162,1.8430439344097078,0.5224740812747385,1.2425259187252617,1.2425259187252617
Pt,1.7675,4.6904888013278305e-05,6.306505909830113e-05,0.0008106451612903226,1.8469767199195921,0.524125113752931,1.243374886247069,1.243374886247069
Pt,1.77,4.711049220801458e-05,6.338889483468213e-05,0.0008122580645161289,1.8509191049567417,0.5257777120217872,1.2442222879782125,1.2442222879782125
Pt,1.7725,4.731680156956227e-05,6.371407529780085e-05,0.0008138709677419354,1.854870995860445,0.5274318540019448,1.245068145998055,1.245068145998055
Pt,1.7750000000000001,4.752381812302092e-05,6.404060457053533e-05,0.0008154838709677421,1.8588323983735675,0.5290875339200877,1.2459124660799126,1.2459124660799126
Pt,1.7775,4.773155152332312e-05,6.436848672761095e-05,0.0008170967741935485,1.8628033181767782,0.5307447460123773,1.2467552539876228,1.2467552539876228
Pt,1.78,4.793999852795613e-05,6.469772583521677e-05,0.0008187096774193549,1.866783760886972,0.5324034845245603,1.2475965154754398,1.2475965154754398
Pt,1.7825,4.814915876091733e-05,6.502832595061555e-05,0.0008203225806451614,1.8707737320556703,0.5340637437120729,1.248436256287927,1.248436256287927
Pt,1.7850000000000001,4.8359034263479866e-05,6.536029112174799e-05,0.0008219354838709678,1.8747732371674033,0.5357255178401449,1.2492744821598554,1.2492744821598554
Pt,1.7875,4.856963408538395e-05,6.56936253868309e-05,0.0008235483870967741,1.8787822816380761,0.537388801183902,1.2501111988160984,1.2501111988160984
Pt,1.79,4.8780955815526116e-05,6.602833967320105e-05,0.0008251612903225806,1.8828009186533532,0.5390535955304679,1.250946404469532,1.250946404469532
Pt,1.7925,4.8992998895238275e-05,6.636444831377674e-05,0.000826774193548387,1.886829224479246,0.5407199061533472,1.2517800938466528,1.2517800938466528
Pt,1.795,4.92057653818606e-05,6.670193932286442e-05,0.0008283870967741935,1.8908670930881282,0.5423877098200298,1.2526122901799701,1.2526122901799701
Pt,1.7975,4.941926124700027e-05,6.704081671526803e-05,0.0008300000000000001,1.8949145296814909,0.5440570008425302,1.25344299915747,1.25344299915747
Pt,1.8,4.963348983332623e-05,6.738108449421609e-05,0.0008316129032258066,1.8989715393845765,0.5457277735432373,1.2542722264567627,1.2542722264567627
Pt,1.8025,4.984844794958527e-05,6.772274665092484e-05,0.000833225806451613,1.9030381272446528,0.5474000222550116,1.2550999777449885,1.2550999777449885
Pt,1.805,5.0064137669068894e-05,6.806580716415498e-05,0.0008348387096774193,1.9071142982292584,0.5490737413212786,1.2559262586787214,1.2559262586787214
Pt,1.8075,5.0280561069310864e-05,6.841029464193278e-05,0.0008364516129032258,1.9112002252882963,0.5507489506498042,1.2567510493501959,1.2567510493501959
Pt,1.81,5.049772708800221e-05,6.875619550744039e-05,0.0008380645161290322,1.9152957927212981,0.5524256260111984,1.2575743739888015,1.2575743739888015
Pt,1.8125,5.0715632641810254e-05,6.910350793903384e-05,0.0008396774193548387,1.9194009657996458,0.5541037557391902,1.2583962442608096,1.2583962442608096
Pt,1.815,5.093427805351069e-05,6.945223588240305e-05,0.0008412903225806451,1.9235157492363157,0.5557833342165922,1.2592166657834076,1.2592166657834076
Pt,1.8175000000000001,5.1153665416441325e-05,6.980238326873467e-05,0.0008429032258064518,1.9276401476563816,0.5574643558372212,1.260035644162779,1.260035644162779
Pt,1.82,5.137379682815546e-05,7.015396770998454e-05,0.0008445161290322582,1.9317742579327237,0.5591468287414797,1.2608531712585205,1.2608531712585205
Pt,1.8225,5.159468041376872e-05,7.050700305475292e-05,0.0008461290322580645,1.9359181507325776,0.5608307569557148,1.261669243044285,1.261669243044285
Pt,1.825,5.181631418412207e-05,7.086147099291201e-05,0.000847741935483871,1.9400716803324918,0.562516112461287,1.262483887538713,1.262483887538713
Pt,1.8275000000000001,5.20386982337016e-05,7.121737541532622e-05,0.0008493548387096774,1.9442348510734138,0.5642028896930413,1.263297110306959,1.263297110306959
Pt,1.83,5.226183467570352e-05,7.157472019616277e-05,0.0008509677419354839,1.9484076671998127,0.5658910830972388,1.2641089169027613,1.2641089169027613
Pt,1.8325,5.248572562750987e-05,7.193353452946452e-05,0.0008525806451612903,1.9525903017356026,0.5675807117025419,1.264919288297458,1.264919288297458
Pt,1.835,5.271037441257598e-05,7.229381493697387e-05,0.0008541935483870966,1.956782708834369,0.5692717624025884,1.2657282375974115,1.2657282375974115
Pt,1.8375000000000001,5.2935788075440335e-05,7.265554877077581e-05,0.0008558064516129034,1.9609847823327944,0.5709642135649068,1.2665357864350935,1.2665357864350935
Pt,1.84,5.3161962530997256e-05,7.301873985692972e-05,0.0008574193548387098,1.9651965261601836,0.5726580596783244,1.2673419403216757,1.2673419403216757
Pt,1.8425,5.3388899912096154e-05,7.338340531296525e-05,0.0008590322580645162,1.9694180320667312,0.5743533078135711,1.2681466921864288,1.2681466921864288
Pt,1.845,5.3616602355739055e-05,7.374957050522523e-05,0.0008606451612903226,1.9736494453251288,0.5760499724418998,1.2689500275581003,1.2689500275581003
Pt,1.8475000000000001,5.38450720030755e-05,7.411720594541297e-05,0.0008622580645161291,1.9778905492558256,0.577748016426314,1.2697519835736863,1.2697519835736863
Pt,1.85,5.40743109993973e-05,7.448631540506196e-05,0.0008638709677419355,1.9821413474477143,0.5794474342993579,1.2705525657006422,1.2705525657006422
Pt,1.8525,5.4304326873879655e-05,7.485691853562515e-05,0.0008654838709677418,1.986401947481448,0.5811482352273705,1.2713517647726296,1.2713517647726296
Pt,1.855,5.453511747042316e-05,7.522904059553477e-05,0.0008670967741935483,1.9906724925741053,0.5828504331026297,1.2721495668973704,1.2721495668973704
Pt,1.8575,5.476668377259268e-05,7.560264958221548e-05,0.0008687096774193547,1.9949527515352519,0.5845539893898661,1.2729460106101338,1.2729460106101338
Pt,1.86,5.499902794089376e-05,7.59777492058969e-05,0.0008703225806451614,1.9992427275871683,0.5862588986664284,1.2737411013335715,1.2737411013335715
Pt,1.8625,5.523215213993641e-05,7.635437725517337e-05,0.0008719354838709678,2.003542645120403,0.5879651860525634,1.2745348139474366,1.2745348139474366
Pt,1.865,5.546605853842925e-05,7.673252795531222e-05,0.0008735483870967743,2.007852444412123,0.5896728370946985,1.2753271629053013,1.2753271629053013
Pt,1.8675,5.5700749309173464e-05,7.711218209458395e-05,0.0008751612903225807,2.012171979598159,0.5913818257709017,1.2761181742290981,1.2761181742290981
Pt,1.87,5.5936228458351034e-05,7.749334963468317e-05,0.000876774193548387,2.016501294254456,0.5930921522531515,1.2769078477468485,1.2769078477468485
Pt,1.8725,5.6172500009132436e-05,7.78760841873629e-05,0.0008783870967741935,2.020840712352082,0.5948038546299289,1.277696145370071,1.277696145370071
Pt,1.875,5.6409562360772175e-05,7.826033490748294e-05,0.0008799999999999999,2.0251898845615033,0.5965168793757705,1.2784831206242295,1.2784831206242295
Pt,1.8775,5.66474177010019e-05,7.864610538756348e-05,0.0008816129032258064,2.0295488134232174,0.598231221147861,1.2792687788521389,1.2792687788521389
Pt,1.8800000000000001,5.688606822160333e-05,7.90334521320137e-05,0.000883225806451613,2.033917839662707,0.5999469198607973,1.280053080139203,1.280053080139203
Pt,1.8825,5.7125516118401e-05,7.942234141973336e-05,0.0008848387096774195,2.0382967255693263,0.6016639375912671,1.2808360624087332,1.2808360624087332
Pt,1.885,5.736576359125551e-05,7.981276305933574e-05,0.0008864516129032259,2.0426853854195817,0.6033822572092633,1.2816177427907367,1.2816177427907367
Pt,1.8875,5.760681284405633e-05,8.020476578012073e-05,0.0008880645161290322,2.047084108447788,0.605101911314012,1.282398088685988,1.282398088685988
Pt,1.8900000000000001,5.7848666084714395e-05,8.059833552050487e-05,0.0008896774193548387,2.0514927834140253,0.6068228791932939,1.2831771208067062,1.2831771208067062
Pt,1.8925,5.809132552515476e-05,8.09934501076553e-05,0.0008912903225806451,2.0559112489385027,0.6085451339150783,1.2839548660849218,1.2839548660849218
Pt,1.895,5.833479637213433e-05,8.139015920378525e-05,0.0008929032258064516,2.060339798362788,0.6102687081895681,1.2847312918104317,1.2847312918104317
Pt,1.8975,5.857907895553296e-05,8.17884511560084e-05,0.000894516129032258,2.0647783363410266,0.6119935836350656,1.2855064163649343,1.2855064163649343
Pt,1.9000000000000001,5.8824174268988954e-05,8.218830034252833e-05,0.0008961290322580647,2.0692266807757416,0.6137197309731005,1.2862802690268995,1.2862802690268995
Pt,1.9025,5.907008453892038e-05,8.258976649775892e-05,0.0008977419354838711,2.0736851863632357,0.6154471903720848,1.2870528096279152,1.2870528096279152
Pt,1.905,5.931681199570958e-05,8.299282226984188e-05,0.0008993548387096776,2.0781536597944474,0.6171759310582731,1.2878240689417269,1.2878240689417269
Pt,1.9075,5.956435887369487e-05,8.339744754565948e-05,0.0009009677419354839,2.0826319548233045,0.6189059287833919,1.2885940712166082,1.2885940712166082
Pt,1.9100000000000001,5.9812727411162184e-05,8.38037217181259e-05,0.0009025806451612903,2.0871205464459215,0.6206372384416662,1.289362761558334,1.289362761558334
Pt,1.9125,6.006191985033636e-05,8.421158274057655e-05,0.0009041935483870968,2.0916190261554766,0.6223698023037758,1.2901301976962243,1.2901301976962243
Pt,1.915,6.0311938437372786e-05,8.462104175481376e-05,0.0009058064516129032,2.0961274432473136,0.6241036212013122,1.2908963787986876,1.2908963787986876
Pt,1.9175,6.056278542234836e-05,8.503215881816663e-05,0.0009074193548387095,2.1006461493827584,0.6258387336842995,1.2916612663157006,1.2916612663157006
Pt,1.92,6.0814463059252656e-05,8.544486631648588e-05,0.000909032258064516,2.1051747044733986,0.6275750789218294,1.2924249210781709,1.2924249210781709
Pt,1.9225,6.106697360597889e-05,8.585921897695834e-05,0.0009106451612903228,2.1097134266762123,0.6293126911818152,1.2931873088181849,1.2931873088181849
Pt,1.925,6.132031932431444e-05,8.627521158130262e-05,0.0009122580645161291,2.1142622624471468,0.6310515581017911,1.2939484418982088,1.2939484418982088
Pt,1.9275,6.157450247993184e-05,8.669280654731718e-05,0.0009138709677419355,2.1188209601890398,0.6327916431818564,1.2947083568181437,1.2947083568181437
Pt,1.93,6.182952534237908e-05,8.711210451698632e-05,0.000915483870967742,2.1233901174885284,0.6345330144269565,1.2954669855730434,1.2954669855730434
Pt,1.9325,6.208539018506991e-05,8.753301355101978e-05,0.0009170967741935484,2.1279691491327286,0.6362755944212465,1.2962244055787537,1.2962244055787537
Pt,1.935,6.234209933975831e-05,8.795558854300759e-05,0.0009187096774193547,2.1325583711831038,0.6380194164511367,1.2969805835488635,1.2969805835488635
Pt,1.9375,6.259965659332268e-05,8.837983188704065e-05,0.0009203225806451612,2.13715777712462,0.6397644741253721,1.297735525874628,1.297735525874628
Pt,1.94,6.285806251473591e-05,8.880570717764786e-05,0.0009219354838709676,2.1417671249157344,0.6415107328447038,1.2984892671552963,1.2984892671552963
Pt,1.9425000000000001,6.311731939109923e-05,8.92333050683467e-05,0.0009235483870967743,2.1463869452370323,0.6432582510334973,1.299241748966503,1.299241748966503
Pt,1.945,6.337742951331703e-05,8.966253424160733e-05,0.0009251612903225807,2.151016662776876,0.6450069542057039,1.2999930457942963,1.2999930457942963
Pt,1.9475,6.363839517608645e-05,9.00934766975755e-05,0.0009267741935483872,2.1556567543009493,0.646756894002956,1.300743105997044,1.300743105997044
Pt,1.95,6.390021867788653e-05,9.052608915538476e-05,0.0009283870967741936,2.1603069370797137,0.6485080313135725,1.3014919686864275,1.3014919686864275
Pt,1.9525000000000001,6.416290232096716e-05,9.09603904615393e-05,0.00093,2.1649673048808693,0.6502603720100963,1.3022396279899038,1.3022396279899038
Pt,1.955,6.442644841133821e-05,9.139640636961915e-05,0.0009316129032258064,2.169637991981185,0.652013926474236,1.3029860735257641,1.3029860735257641
Pt,1.9575,6.469085925875823e-05,9.183409012555345e-05,0.0009332258064516128,2.174318697249224,0.6537686541511952,1.303731345848805,1.303731345848805
Pt,1.96,6.495613717672303e-05,9.227352962920887e-05,0.0009348387096774193,2.1790099273805947,0.6555246088546257,1.3044753911453741,1.3044753911453741
Pt,1.9625000000000001,6.522228448245422e-05,9.27146285816823e-05,0.0009364516129032259,2.183711085421505,0.6572817158907426,1.3052182841092577,1.3052182841092577
Pt,1.965,6.548930349688745e-05,9.315750274736047e-05,0.0009380645161290324,2.188422842841855,0.6590400477429531,1.305959952257047,1.305959952257047
Pt,1.9675,6.575719654466057e-05,9.360205371403729e-05,0.0009396774193548388,2.19314459204562,0.6607995290437841,1.306700470956216,1.306700470956216
Pt,1.97,6.602596595410161e-05,9.404836959943311e-05,0.0009412903225806453,2.1978768375666755,0.6625602125495527,1.3074397874504473,1.3074397874504473
Pt,1.9725000000000001,6.62956140572167e-05,9.44963926117974e-05,0.0009429032258064516,2.2026192154775295,0.6643220513855623,1.3081779486144378,1.3081779486144378
Pt,1.975,6.656614318967752e-05,9.494617411659402e-05,0.000944516129032258,2.2073720103672714,0.666085072807701,1.308914927192299,1.308914927192299
Pt,1.9775,6.683755569080898e-05,9.539768916903508e-05,0.0009461290322580645,2.2121350540919322,0.6678492525215675,1.3096507474784325,1.3096507474784325
Pt,1.98,6.710985390357643e-05,9.585096027927843e-05,0.0009477419354838709,2.2169084596385917,0.6696145981744044,1.3103854018255956,1.3103854018255956
Pt,1.9825000000000002,6.738304017457306e-05,9.63059873242925e-05,0.0009493548387096776,2.221692205827914,0.6713811021814295,1.3111188978185704,1.3111188978185704
Pt,1.985,6.765711685400643e-05,9.676277211045189e-05,0.000950967741935484,2.226486283330056,0.6731487584311644,1.311851241568836,1.311851241568836
Pt,1.9875,6.793208733951305e-05,9.722133105371195e-05,0.0009525806451612905,2.2312907681603793,0.6749175702196651,1.3125824297803348,1.3125824297803348
Pt,1.99,6.820795392512636e-05,9.768165366866827e-05,0.0009541935483870968,2.2361055789168005,0.6766875234847128,1.313312476515287,1.313312476515287
Pt,1.9925,6.848471818493995e-05,9.814376436396047e-05,0.0009558064516129032,2.2409308380709883,0.6784586266164002,1.3140413733835998,1.3140413733835998
Pt,1.995,6.876238248543376e-05,9.86076490409209e-05,0.0009574193548387097,2.245766443370425,0.6802308633677254,1.3147691366322747,1.3147691366322747
Pt,1.9975,6.904094919664842e-05,9.907333128494408e-05,0.0009590322580645161,2.250612512018575,0.6820042414780659,1.315495758521934,1.315495758521934
Pt,2.0,6.932042069217156e-05,9.954080233528054e-05,0.0009606451612903224,2.255468973129219,0.6837787482395047,1.3162212517604954,1.3162212517604954
Pt,2.0025,6.960079934912339e-05,0.00010001007586230583,0.0009622580645161289,2.260335885909066,0.6855543850380701,1.31694561496193,1.31694561496193
Pt,2.005,6.988208754814272e-05,0.00010048115767331625,0.0009638709677419353,2.265213264067886,0.6873311483866409,1.317668851613359,1.317668851613359
Pt,2.0075,7.016428767337212e-05,0.00010095404214970446,0.0009654838709677418,2.2701010550648792,0.6891090276574422,1.3183909723425575,1.3183909723425575
Pt,2.0100000000000002,7.044740211244359e-05,0.00010142875918229492,0.0009670967741935484,2.27499941146675,0.6908880342236479,1.3191119657763526,1.3191119657763526
Pt,2.0125,7.073143325646346e-05,0.00010190527420086757,0.0009687096774193549,2.279908114193792,0.6926681398254555,1.319831860174545,1.319831860174545
Pt,2.015,7.101638349999748e-05,0.00010238365098715199,0.0009703225806451613,2.2848275099804067,0.69444937629357,1.3205506237064302,1.3205506237064302
Pt,2.0175,7.130225524105564e-05,0.00010286381606141347,0.0009719354838709678,2.2897571573572644,0.6962316921602197,1.3212683078397807,1.3212683078397807
Pt,2.02,7.158905088107676e-05,0.0001033458772022326,0.0009735483870967741,2.2946976536058727,0.6980151452685709,1.3219848547314292,1.3219848547314292
Pt,2.0225,7.187677282491288e-05,0.00010382972020167451,0.0009751612903225805,2.299648326054244,0.6997996604084091,1.3227003395915906,1.3227003395915906
Pt,2.025,7.216542348081333e-05,0.00010431548192279314,0.0009767741935483869,2.304609935650174,0.7015853119504929,1.3234146880495068,1.3234146880495068
Pt,2.0275,7.245500526040927e-05,0.0001048030466745131,0.0009783870967741933,2.309581803534322,0.7033720246391417,1.3241279753608584,1.3241279753608584
Pt,2.0300000000000002,7.274552255098533e-05,0.00010529250921626167,0.0009800000000000002,2.314564448697374,0.7051598472713958,1.3248401527286044,1.3248401527286044
Pt,2.0325,7.303697915109106e-05,0.00010578382050606984,0.0009816129032258064,2.319557572975533,0.7069487443789787,1.3255512556210218,1.3255512556210218
Pt,2.035,7.332937435722372e-05,0.00010627700311324943,0.0009832258064516129,2.324561284575066,0.7087387222940671,1.326261277705933,1.326261277705933
Pt,2.0375,7.362271059656245e-05,0.00010677208578695163,0.0009848387096774193,2.3295757261017562,0.7105297907456506,1.3269702092543492,1.3269702092543492
Pt,2.04,7.391699029960057e-05,0.00010726900759831058,0.0009864516129032257,2.3346005343202862,0.7123219082125167,1.3276780917874835,1.3276780917874835
Pt,2.0425,7.421221590012834e-05,0.00010776788655884095,0.0009880645161290322,2.3396363538341207,0.7141151349883462,1.328384865011654,1.328384865011654
Pt,2.045,7.450838983521581e-05,0.00010826860498682222,0.0009896774193548386,2.3446825032968324,0.7159093978325999,1.3290906021674003,1.3290906021674003
Pt,2.0475,7.480551454519547e-05,0.00010877126680490074,0.000991290322580645,2.3497395462561204,0.7177047484881627,1.3297952515118372,1.3297952515118372
Pt,2.05,7.510359247364452e-05,0.00010927581945778964,0.0009929032258064515,2.3548071684870404,0.7195011509102238,1.3304988490897758,1.3304988490897758
Pt,2.0525,7.540262606736717e-05,0.00010978227043991405,0.0009945161290322582,2.359885392578158,0.721298602758548,1.3312013972414523,1.3312013972414523
Pt,2.055,7.5702619737739e-05,0.00011029068237776238,0.0009961290322580646,2.364974548072393,0.7230971318730531,1.3319028681269467,1.3319028681269467
Pt,2.0575,7.60035794357939e-05,0.00011080096623979024,0.000997741935483871,2.3700741196122705,0.7248966829742389,1.3326033170257612,1.3326033170257612
Pt,2.06,7.630550240721367e-05,0.00011131323763005018,0.0009993548387096773,2.375184730195777,0.7266973124232106,1.3333026875767895,1.3333026875767895
Pt,2.0625,7.660839111386246e-05,0.0001118274190011521,0.001,2.3803059295954347,0.7284989716620073,1.3340010283379928,1.3340010283379928
Pt,2.065,7.691224802075524e-05,0.00011234352900574353,0.001,2.3854378020411007,0.7303016643961621,1.334698335603838,1.334698335603838
Pt,2.0675,7.721707559603901e-05,0.00011286163308650401,0.001,2.3905806894807236,0.7321054190228374,1.3353945809771626,1.3353945809771626
Pt,2.07,7.752287631097336e-05,0.00011338164190299494,0.001,2.395734079341904,0.7339101816919718,1.336089818308028,1.336089818308028
Pt,2.0725000000000002,7.782965263991148e-05,0.0001139036522232688,0.001,2.4008984852658695,0.7357159970822753,1.336784002917725,1.336784002917725
Pt,2.075,7.813740959112164e-05,0.00011442762223761357,0.001,2.406073657480572,0.7375228367777955,1.3374771632222047,1.3374771632222047
Pt,2.0775,7.844615377014241e-05,0.0001149535200212127,0.001,2.411259401900281,0.7393306780000756,1.3381693219999247,1.3381693219999247
Pt,2.08,7.875588127080176e-05,0.00011548147655659921,0.001,2.4164564162592557,0.7411395821089853,1.3388604178910148,1.3388604178910148
Pt,2.0825,7.906659458208645e-05,0.00011601137098310834,0.001,2.421664019634138,0.7429494804549766,1.3395505195450235,1.3395505195450235
Pt,2.085,7.937829619599316e-05,0.00011654324837162813,0.001,2.4268824393176804,0.7447603900365992,1.3402396099634006,1.3402396099634006
Pt,2.0875,7.969098860750801e-05,0.00011707716804763188,0.001,2.432111978764848,0.7465723346293738,1.3409276653706264,1.3409276653706264
Pt,2.09,8.000467431458594e-05,0.00011761304565093313,0.001,2.437352159593859,0.7483852653701869,1.341614734629813,1.341614734629813
Pt,2.0925000000000002,8.031936053303175e-05,0.00011815095140154019,0.001,2.442603343997384,0.7501992114109217,1.3423007885890783,1.3423007885890783
Pt,2.095,8.063505114176109e-05,0.00011869089313167935,0.001,2.447865554605572,0.7520141703469294,1.3429858296530708,1.3429858296530708
Pt,2.0975,8.095174283983197e-05,0.00011923281295212559,0.001,2.4531384590438052,0.7538301073903577,1.3436698926096424,1.3436698926096424
Pt,2.1,8.126943813943173e-05,0.00011977679562586002,0.001,2.4584224958314564,0.7556470582151344,1.3443529417848654,1.3443529417848654
Pt,2.1025,8.158813955562655e-05,0.00012032281859086911,0.001,2.4637175234984303,0.7574650055176386,1.3450349944823614,1.3450349944823614
Pt,2.105,8.190784960633923e-05,0.00012087083993368363,0.001,2.469023297513188,0.7592839229355842,1.3457160770644156,1.3457160770644156
Pt,2.1075,8.222857516956498e-05,0.00012142094786891826,0.001,2.474340272466121,0.7611038470951172,1.346396152904883,1.346396152904883
Pt,2.11,8.255032228622065e-05,0.00012197311150548823,0.001,2.479668262864739,0.7629247569519072,1.3470752430480926,1.3470752430480926
Pt,2.1125,8.287308590457338e-05,0.00012252729392936055,0.001,2.4850070521853462,0.7647466289809982,1.3477533710190015,1.3477533710190015
Pt,2.115,8.319686855641641e-05,0.0001230835752142486,0.001,2.4903570491086047,0.7665694952523412,1.348430504747659,1.348430504747659
Pt,2.1175,8.352167277630376e-05,0.00012364193920320424,0.001,2.4957181476357078,0.7683933420163153,1.349106657983685,1.349106657983685
Pt,2.12,8.384750110152708e-05,0.00012420234250831702,0.001,2.5010900977020434,0.7702181430584712,1.349781856941529,1.349781856941529
Pt,2.1225,8.417436712769593e-05,0.00012476484495220022,0.001,2.506473198329312,0.7720439204455103,1.35045607955449,1.35045607955449
Pt,2.125,8.450226502309318e-05,0.00012532946920609466,0.001,2.5118675500533003,0.773870678635206,1.3511293213647941,1.3511293213647941
Pt,2.1275,8.483119496312326e-05,0.00012589615342156356,0.001,2.5172728059630254,0.7756983832581561,1.3518016167418438,1.3518016167418438
Pt,2.13,8.516115949856039e-05,0.00012646492452530732,0.001,2.5226890898591905,0.7775270409920402,1.3524729590079598,1.3524729590079598
Pt,2.1325,8.549216118281452e-05,0.00012703586917541565,0.001,2.528116839466293,0.7793566852921205,1.353143314707879,1.353143314707879
Pt,2.1350000000000002,8.582421281083144e-05,0.0001276088945461231,0.001,2.5335555459207484,0.7811872682298752,1.353812731770125,1.353812731770125
Pt,2.1375,8.615731146262899e-05,0.0001281840076105169,0.001,2.539005227551673,0.783018787417926,1.354481212582074,1.354481212582074
Pt,2.14,8.649145526273143e-05,0.0001287613068540371,0.001,2.544466382121384,0.784851281031073,1.3551487189689269,1.3551487189689269
Pt,2.1425,8.682664677769873e-05,0.00012934073382683735,0.001,2.549938683370123,0.7866847171843456,1.3558152828156544,1.3558152828156544
Pt,2.145,8.716288857661977e-05,0.00012992226940953535,0.001,2.555422012494072,0.7885190818565119,1.356480918143488,1.356480918143488
Pt,2.1475,8.750019761045792e-05,0.0001305059500064676,0.001,2.5609165409493064,0.7903543854576703,1.3571456145423295,1.3571456145423295
Pt,2.15,8.783856401204823e-05,0.0001310918392157468,0.001,2.566422580733239,0.7921906498942582,1.3578093501057416,1.3578093501057416
Pt,2.1525,8.817798875632074e-05,0.0001316798580576153,0.001,2.571939701072914,0.7940278351679939,1.358472164832006,1.358472164832006
Pt,2.1550000000000002,8.851847442516371e-05,0.00013227001361547174,0.001,2.577467920386579,0.7958659389252897,1.3591340610747105,1.3591340610747105
Pt,2.1575,8.88600299818634e-05,0.00013286237860896149,0.001,2.5830075968389217,0.7977049866952052,1.359795013304795,1.359795013304795
Pt,2.16,8.920266260173684e-05,0.00013345694161977028,0.001,2.5885586515347137,0.7995449678554917,1.3604550321445084,1.3604550321445084
Pt,2.1625,8.95463642530354e-05,0.000134053662517303,0.001,2.5941208578790076,0.8013858598821387,1.3611141401178615,1.3611141401178615
Pt,2.165,8.989113753016606e-05,0.00013465254844748862,0.001,2.5996942343362934,0.8032276604407208,1.3617723395592791,1.3617723395592791
Pt,2.1675,9.023698638504096e-05,0.00013525368802338382,0.001,2.605279218246896,0.8050704009860858,1.3624295990139141,1.3624295990139141
Pt,2.17,9.058392911742159e-05,0.00013585703542171883,0.001,2.610875554066225,0.8069140567847669,1.363085943215233,1.363085943215233
Pt,2.1725,9.093195163001031e-05,0.00013646256916597797,0.001,2.616483112641871,0.8087586135629024,1.3637413864370977,1.3637413864370977
Pt,2.1750000000000003,9.128105652944079e-05,0.00013707029646344254,0.001,2.622101912477989,0.8106040690052851,1.364395930994715,1.364395930994715
Pt,2.1775,9.163124642458006e-05,0.00013768030018163765,0.001,2.6277323584836463,0.8124504514329384,1.3650495485670617,1.3650495485670617
Pt,2.18,9.198254286778918e-05,0.00013829254312697076,0.001,2.6333742408275373,0.8142977401514351,1.3657022598485653,1.3657022598485653
Pt,2.1825,9.233493046974054e-05,0.0001389070010754171,0.001,2.6390274170180192,0.81614592004656,1.3663540799534404,1.3663540799534404
Pt,2.185,9.268841127835036e-05,0.00013952368129432956,0.001,2.6446919055920963,0.817994988822372,1.3670050111776277,1.3670050111776277
Pt,2.1875,9.30429886405514e-05,0.00014014263799754696,0.001,2.650367963214672,0.8198449627396529,1.367655037260347,1.367655037260347
Pt,2.19,9.33986843767207e-05,0.00014076388818285232,0.001,2.6560556565131916,0.8216958430267883,1.368304156973212,1.368304156973212
Pt,2.1925,9.375548156702684e-05,0.0001413873822188645,0.001,2.6617547146973304,0.8235476047719702,1.3689523952280298,1.3689523952280298
Pt,2.195,9.411338284162992e-05,0.0001420131274316188,0.001,2.667465156329896,0.8254002456985634,1.3695997543014364,1.3695997543014364
Pt,2.1975000000000002,9.447239620664547e-05,0.00014264113116392043,0.001,2.673186999987833,0.8272537635343536,1.3702462364656467,1.3702462364656467
Pt,2.2,9.4832535374878e-05,0.0001432714947590396,0.001,2.6789207372238204,0.8291081920859967,1.3708918079140036,1.3708918079140036
Pt,2.2025,9.519378692040313e-05,0.0001439041372489147,0.001,2.684665940609113,0.8309634947823634,1.3715365052176367,1.3715365052176367
Pt,2.205,9.555615348465564e-05,0.00014453906000259337,0.001,2.690422598414284,0.8328196670452715,1.3721803329547284,1.3721803329547284
Pt,2.2075,9.591965121496174e-05,0.0001451762704197961,0.001,2.6961907292332508,0.8346767066218509,1.3728232933781492,1.3728232933781492
Pt,2.21,9.628427879072705e-05,0.00014581578751568283,0.001,2.701970409652704,0.8365346156094091,1.3734653843905906,1.3734653843905906
Pt,2.2125,9.665002972299882e-05,0.0001464576912630109,0.001,2.707762020103256,0.8383934187264979,1.374106581273502,1.374106581273502
Pt,2.215,9.701690802812648e-05,0.0001471019045331996,0.001,2.7135651558154947,0.8402530818797539,1.3747469181202456,1.3747469181202456
Pt,2.2175000000000002,9.738493751981878e-05,0.00014774843478124067,0.001,2.7193798353927128,0.8421136028356745,1.3753863971643256,1.3753863971643256
Pt,2.22,9.77540987409851e-05,0.00014839728947829174,0.001,2.725206077448902,0.8439749793651902,1.37602502063481,1.37602502063481
Pt,2.2225,9.812439435281795e-05,0.00014904847611162857,0.001,2.731043900608445,0.8458372092436708,1.3766627907563296,1.3766627907563296
Pt,2.225,9.84958426009054e-05,0.00014970208669788591,0.001,2.736893741901094,0.8477003208255259,1.3772996791744743,1.3772996791744743
Pt,2.2275,9.88684401571377e-05,0.0001503580502927574,0.001,2.742755230237578,0.8495642831680665,1.3779357168319335,1.3779357168319335
Pt,2.23,9.924218052047287e-05,0.00015101636786499833,0.001,2.748628351729083,0.8514290916771505,1.3785709083228497,1.3785709083228497
Pt,2.2325,9.961707395203156e-05,0.00015167704695473667,0.001,2.7545131249981787,0.8532947441475351,1.3792052558524648,1.3792052558524648
Pt,2.235,9.999313401404867e-05,0.00015234009511783488,0.001,2.760409568675815,0.8551612383784201,1.3798387616215797,1.3798387616215797
Pt,2.2375000000000003,0.00010037034533385872,0.0001530055428311902,0.001,2.7663178138742244,0.8570285802173658,1.3804714197826344,1.3804714197826344
Pt,2.24,0.00010074871191478353,0.00015367343726103373,0.001,2.772238072797899,0.8588967811666347,1.3811032188333656,1.3811032188333656
Pt,2.2425,0.00010112826077706945,0.0001543437229364408,0.001,2.7781700539429806,0.8607658167741414,1.3817341832258585,1.3817341832258585
Pt,2.245,0.00010150896938168945,0.00015501640746381023,0.001,2.7841137759286183,0.8626356848584812,1.382364315141519,1.382364315141519
Pt,2.2475,0.00010189084041673667,0.00015569149846485027,0.001,2.790069257380243,0.8645063832426911,1.382993616757309,1.382993616757309
Pt,2.25,0.00010227390133291427,0.00015636900357651466,0.001,2.79603651692921,0.866377909754253,1.383622090245747,1.383622090245747
Pt,2.2525,0.00010265813367321158,0.0001570489304509364,0.001,2.802015573212434,0.8682502622250919,1.3842497377749081,1.3842497377749081
Pt,2.255,0.00010304353696991486,0.00015773136537132934,0.001,2.8080068266303306,0.8701234650004224,1.3848765349995775,1.3848765349995775
Pt,2.2575,0.00010343013698817677,0.0001584162372001302,0.001,2.8140099119513695,0.8719974890567647,1.3855025109432353,1.3855025109432353
Pt,2.2600000000000002,0.00010381791963668431,0.0001591035531474861,0.001,2.820024845475678,0.8738723320801486,1.3861276679198518,1.3861276679198518
Pt,2.2625,0.0001042068818003814,0.0001597933209127341,0.001,2.8260516458143052,0.8757479919218888,1.3867520080781113,1.3867520080781113
Pt,2.265,0.00010459704946775616,0.00016048554820990784,0.001,2.8320903315816475,0.8776244664377438,1.3873755335622564,1.3873755335622564
Pt,2.2675,0.00010498840911776947,0.000161180242767662,0.001,2.8381409213950484,0.8795017534879135,1.3879982465120866,1.3879982465120866
Pt,2.27,0.00010538095687411094,0.00016187741232919596,0.001,2.8442034338744215,0.8813798509370404,1.3886201490629595,1.3886201490629595
Pt,2.2725,0.0001057747209131915,0.00016257712688314406,0.001,2.8502781864937985,0.8832587767996215,1.3892412232003786,1.3892412232003786
Pt,2.275,0.00010616968437782949,0.00016327934030861883,0.001,2.856364938122818,0.8851385112693991,1.3898614887306007,1.3898614887306007
Pt,2.2775,0.00010656584457182419,0.00016398405125298113,0.001,2.8624636634529534,0.8870190492557938,1.3904809507442062,1.3904809507442062
Pt,2.2800000000000002,0.0001069632338809032,0.00016469126750290745,0.001,2.8685743810633935,0.8889003886428137,1.3910996113571863,1.3910996113571863
Pt,2.2825,0.00010736182809213065,0.00016540099685907324,0.001,2.874697109533557,0.8907825273189062,1.3917174726810941,1.3917174726810941
Pt,2.285,0.00010776163066889517,0.00016611324713606578,0.001,2.8808318674426734,0.8926654631769543,1.392334536823046,1.392334536823046
Pt,2.2875,0.00010816267134033806,0.00016682802616229786,0.001,2.886978673369376,0.8945491941142779,1.392950805885722,1.392950805885722
Pt,2.29,0.00010856492334794963,0.00016754534177991693,0.001,2.8931375458912783,0.896433718032633,1.3935662819673669,1.3935662819673669
Pt,2.2925,0.00010896839974666753,0.00016826523011102674,0.001,2.899308637630384,0.8983190415738671,1.3941809584261329,1.3941809584261329
Pt,2.295,0.00010937311667201745,0.0001689877033672469,0.001,2.905491987128161,0.9002051638403495,1.3947948361596503,1.3947948361596503
Pt,2.2975,0.00010977905364258279,0.00016971273588804254,0.001,2.9116874536720303,0.9020920723300792,1.3954079276699205,1.3954079276699205
Pt,2.3000000000000003,0.00011018623323409257,0.0001704403355543616,0.001,2.9178950557811256,0.9039797649641316,1.3960202350358688,1.3960202350358688
Pt,2.3025,0.00011059465366548553,0.00017117051026026387,0.001,2.9241148119710663,0.905868239668009,1.396631760331991,1.396631760331991
Pt,2.305,0.00011100430288125421,0.00017190326791282186,0.001,2.930346740753523,0.907757494371642,1.3972425056283582,1.3972425056283582
Pt,2.3075,0.000111415215212503,0.00017263861643201892,0.001,2.936590860635777,0.9096475270093856,1.397852472990615,1.397852472990615
Pt,2.31,0.0001118273665171558,0.00017337656375064568,0.001,2.9428471901202755,0.9115383355200176,1.3984616644799823,1.3984616644799823
Pt,2.3125,0.00011224076410298765,0.0001741171178141963,0.001,2.949115747704188,0.9134299178467399,1.39907008215326,1.39907008215326
Pt,2.315,0.00011265543016900506,0.0001748602865807612,0.001,2.955396551878955,0.9153222719371731,1.3996777280628265,1.3996777280628265
Pt,2.3175,0.00011307133982805448,0.00017560607802091896,0.001,2.9616896211298287,0.9172153957433578,1.4002846042566421,1.4002846042566421
Pt,2.32,0.00011348851980026908,0.00017635453309983255,0.001,2.9679951277080088,0.9191092967922593,1.4008907032077405,1.4008907032077405
Pt,2.3225000000000002,0.00011390696299415765,0.00017710564046368303,0.001,2.9743129993262194,0.9210039673036311,1.401496032696369,1.401496032696369
Pt,2.325,0.00011432666147465465,0.00017785939335581352,0.001,2.9806431855372866,0.9228994009415745,1.4021005990584257,1.4021005990584257
Pt,2.3275,0.0001147476509805876,0.00017861579977850742,0.001,2.986985704742396,0.9247955956773556,1.4027044043226446,1.4027044043226446
Pt,2.33,0.00011516989897954468,0.00017937486774579904,0.001,2.99334057533383,0.9266925494866476,1.4033074505133527,1.4033074505133527
Pt,2.3325,0.00011559342999487113,0.0001801366052833536,0.001,2.9997078156944896,0.9285902603495289,1.4039097396504712,1.4039097396504712
Pt,2.335,0.00011601824322323586,0.00018090102042834594,0.001,3.0060874441974197,0.930488726250482,1.4045112737495182,1.4045112737495182
Pt,2.3375,0.00011644432634470931,0.00018166812122933544,0.001,3.0124794792053176,0.9323879451783887,1.405112054821611,1.405112054821611
Pt,2.34,0.00011687171768361329,0.00018243791574614209,0.001,3.018883939070056,0.9342879151265314,1.4057120848734683,1.4057120848734683
Pt,2.3425000000000002,0.00011730038250466234,0.00018321041204971762,0.001,3.025300842132182,0.936188634092588,1.406311365907412,1.406311365907412
Pt,2.345,0.00011773034881184104,0.00018398561822201688,0.001,3.0317302067204266,0.9380901000786296,1.4069098999213705,1.4069098999213705
Pt,2.3475,0.00011816161080304182,0.0001847635423558667,0.001,3.0381720511512142,0.93999231109112,1.4075076889088802,1.4075076889088802
Pt,2.35,0.00011859416315915398,0.00018554419255483167,0.001,3.044626393728141,0.9418952651409113,1.408104734859089,1.408104734859089
Pt,2.3525,0.00011902803530469797,0.00018632757693308043,0.001,3.051093252741493,0.9437989602432422,1.4087010397567576,1.4087010397567576
Pt,2.355,0.00011946319600831229,0.00018711370361524778,0.001,3.057572646467721,0.9457033944177355,1.4092966055822644,1.4092966055822644
Pt,2.3575,0.0001198996827039065,0.00018790258073629536,0.001,3.064064593168934,0.9476085656883946,1.4098914343116054,1.4098914343116054
Pt,2.36,0.00012033747276197221,0.000188694216441371,0.001,3.0705691110923774,0.9495144720836013,1.4104855279163984,1.4104855279163984
Pt,2.3625000000000003,0.00012077657979487172,0.00018948861888566567,0.001,3.077086218469921,0.951421111636114,1.4110788883638863,1.4110788883638863
Pt,2.365,0.0001212170122937032,0.00019028580745553532,0.001,3.083615984424593,0.9533284853233203,1.4116715146766798,1.4116715146766798
Pt,2.3675,0.00012165875347169521,0.00019108578786369875,0.001,3.090158415777414,0.9552365904964351,1.412263409503565,1.412263409503565
Pt,2.37,0.00012210184154026038,0.00019188855804603153,0.001,3.096713484178544,0.957145422507944,1.4128545774920562,1.4128545774920562
Pt,2.3725,0.00012254623953694528,0.00019269412617582143,0.001,3.1032812077303973,0.9590549794096087,1.413445020590391,1.413445020590391
Pt,2.375,0.000122991987538144,0.00019350250043545254,0.001,3.109861604516896,0.9609652592575506,1.4140347407424492,1.4140347407424492
Pt,2.3775,0.00012343906050175512,0.00019431368901624707,0.001,3.116454692602926,0.9628762601122455,1.4146237398877546,1.4146237398877546
Pt,2.38,0.0001238874774235523,0.00019512770011830607,0.001,3.1230604900337866,0.9647879800385212,1.4152120199614788,1.4152120199614788
Pt,2.3825,0.0001243372385838116,0.0001959445419503487,0.001,3.1296790148346387,0.9667004171055554,1.4157995828944445,1.4157995828944445
Pt,2.3850000000000002,0.00012478833843232866,0.00019676422272954638,0.001,3.1363102850099303,0.9686135693868714,1.4163864306131289,1.4163864306131289
Pt,2.3875,0.00012524080106112551,0.00019758675068135811,0.001,3.1429543185428597,0.970527434960334,1.4169725650396663,1.4169725650396663
Pt,2.39,0.00012569459789990264,0.00019841213403936112,0.001,3.149611133394785,0.9724420119081474,1.4175579880918527,1.4175579880918527
Pt,2.3925,0.00012614977531116253,0.0001992403810450805,0.001,3.1562807475046677,0.9743572983168516,1.4181427016831483,1.4181427016831483
Pt,2.395,0.00012660629046635052,0.00020007149994781605,0.001,3.162963178788491,0.976273292277319,1.4187267077226813,1.4187267077226813
Pt,2.3975,0.00012706418881077496,0.0002009054990044663,0.001,3.1696584451386767,0.9781899918847488,1.4193100081152512,1.4193100081152512
Pt,2.4,0.00012752343839620296,0.0002017423864793519,0.001,3.1763665644235135,0.9801073952386667,1.4198926047613334,1.4198926047613334
Pt,2.4025,0.00012798406913612438,0.00020258217064403423,0.001,3.1830875544865593,0.9820255004429191,1.4204744995570808,1.4204744995570808
Pt,2.4050000000000002,0.00012844606656454852,0.00020342485977713396,0.001,3.1898214331460526,0.9839443056056701,1.42105569439433,1.42105569439433
Pt,2.4075,0.00012890944396260108,0.00020427046216414484,0.001,3.1965682181943107,0.9858638088393971,1.4216361911606032,1.4216361911606032
Pt,2.41,0.00012937420268825545,0.00020511898609724757,0.001,3.203327927397143,0.9877840082608876,1.4222159917391126,1.4222159917391126
Pt,2.4125,0.00012984034106473347,0.00020597043987511898,0.001,3.2101005784932277,0.9897049019912357,1.4227950980087645,1.4227950980087645
Pt,2.415,0.00013030787458318067,0.0002068248318027406,0.001,3.2168861891935188,0.9916264881558381,1.423373511844162,1.423373511844162
Pt,2.4175,0.0001307767883160941,0.00020768217019120287,0.001,3.223684777180617,0.9935487648843887,1.423951235115611,1.423951235115611
Pt,2.42,0.00013124711016406884,0.00020854246335750824,0.001,3.2304963601081664,0.9954717303108778,1.4245282696891224,1.4245282696891224
Pt,2.4225,0.00013171881368919658,0.00020940571962437094,0.001,3.2373209556002194,0.9973953825735835,1.4251046174264166,1.4251046174264166
Pt,2.4250000000000003,0.00013219193744444584,0.00021027194732001474,0.001,3.244158581250616,0.9993197198150726,1.4256802801849278,1.4256802801849278
Pt,2.4275,0.0001326664452553867,0.00021114115477796746,0.001,3.251009254622349,1.001244740182193,1.4262552598178073,1.4262552598178073
Pt,2.43,0.00013314238453650506,0.0002120133603619274,0.001,3.257873037016358,1.0031704440990235,1.4268295559009765,1.4268295559009765
Pt,2.4325,0.00013361971118472618,0.00021288857835277222,0.001,3.264749971622899,1.0050968310215718,1.4274031689784286,1.4274031689784286
Pt,2.435,0.00013409847965098698,0.00021376680323108616,0.001,3.2716400152336957,1.0070238959402802,1.42797610405972,1.42797610405972
Pt,2.4375,0.00013457863974587,0.00021464804337591333,0.001,3.278543185357153,1.0089516370176141,1.428548362982386,1.428548362982386
Pt,2.44,0.00013506025109705108,0.00021553230717078633,0.001,3.285459499468119,1.0108800524203019,1.4291199475796978,1.4291199475796978
Pt,2.4425,0.00013554326020149388,0.00021641960300350705,0.001,3.292388975007247,1.0128091403193322,1.4296908596806677,1.4296908596806677
Pt,2.445,0.00013602772728214116,0.00021730993926592304,0.001,3.2993316293803057,1.0147388988899475,1.4302611011100523,1.4302611011100523
Pt,2.4475000000000002,0.00013651359943748657,0.0002182033243537049,0.001,3.3062874799575446,1.0166693263116415,1.4308306736883587,1.4308306736883587
Pt,2.45,0.00013700093671184258,0.0002190997666661167,0.001,3.313256544072994,1.0186004207681532,1.4313995792318468,1.4313995792318468
Pt,2.4525,0.00013748968571201362,0.00021999927460578765,0.001,3.3202388390238187,1.0205321804474643,1.4319678195525358,1.4319678195525358
Pt,2.455,0.00013797990798973325,0.00022090185657847635,0.001,3.3272343820696086,1.0224646035417921,1.4325353964582077,1.4325353964582077
Pt,2.4575,0.00013847154912485318,0.00022180752099283698,0.001,3.3342431904317142,1.024397688247588,1.4331023117524115,1.4331023117524115
Pt,2.46,0.00013896466981722582,0.0002227162762601783,0.001,3.3412652812925536,1.0263314327655306,1.4336685672344693,1.4336685672344693
Pt,2.4625,0.0001394592183160804,0.00022362813079422226,0.001,3.348300671794906,1.0282658353005207,1.4342341646994792,1.4342341646994792
Pt,2.465,0.00013995525099340354,0.0002245430930108591,0.001,3.3553493790412263,1.030200894061679,1.434799105938321,1.434799105938321
Pt,2.4675000000000002,0.00014045272181369402,0.00022546117132789896,0.001,3.3624114200929283,1.0321366072623395,1.435363392737661,1.435363392737661
Pt,2.47,0.00014095168041484773,0.00022638237416482005,0.001,3.369486811969677,1.0340729731200438,1.4359270268799562,1.4359270268799562
Pt,2.4725,0.00014145208857244286,0.00022730670994251676,0.001,3.376575571648693,1.0360099898565402,1.43649001014346,1.43649001014346
Pt,2.475,0.0001419539870754568,0.00022823418708303896,0.001,3.383677716063993,1.0379476556977747,1.4370523443022252,1.4370523443022252
Pt,2.4775,0.00014245734764441957,0.00022916484614909474,0.001,3.39079339865159,1.0398859754420555,1.4376140245579445,1.4376140245579445
Pt,2.48,0.00014296220006625887,0.0002300986971235712,0.001,3.3979226422681967,1.0418249475298815,1.4381750524701185,1.4381750524701185
Pt,2.4825,0.00014346852817886892,0.00023103571734137005,0.001,3.40506533138981,1.0437645638026454,1.4387354361973546,1.4387354361973546
Pt,2.485,0.0001439763485752156,0.00023197591525783655,0.001,3.4122214828557094,1.0457048225016188,1.439295177498381,1.439295177498381
Pt,2.4875000000000003,0.00014448565942198942,0.00023291929932843077,0.001,3.4193911134589023,1.0476457218722528,1.4398542781277475,1.4398542781277475
Pt,2.49,0.00014499646188701726,0.00023386587800845255,0.001,3.4265742399453694,1.0495872601641685,1.440412739835832,1.440412739835832
Pt,2.4925,0.00014550877071672569,0.000234815659752765,0.001,3.4337708790133115,1.051529435631155,1.440970564368845,1.440970564368845
Pt,2.495,0.0001460225693828704,0.00023576865301551384,0.001,3.4409810473123987,1.053472246531165,1.4415277534688353,1.4415277534688353
Pt,2.4975,0.00014653789150255355,0.00023672486624984256,0.001,3.448204761442997,1.0554156911263057,1.4420843088736943,1.4420843088736943
Pt,2.5,0.00014705470054027762,0.0002376843079076063,0.001,3.4554420379554016,1.0573597676828381,1.4426402323171617,1.4426402323171617
Pt,2.5025,0.00014757305131525556,0.00023864698643908029,0.001,3.462692893349069,1.0593044744711697,1.4431955255288302,1.4431955255288302
Pt,2.505,0.00014809289336587548,0.0002396129102926653,0.001,3.4699573440718225,1.0612498097658476,1.4437501902341523,1.4437501902341523
Pt,2.5075,0.00014861427978668957,0.0002405821785968259,0.001,3.477235785302002,1.0631957892127777,1.444304210787222,1.444304210787222
Pt,2.5100000000000002,0.00014913717371512738,0.00024155471263971685,0.001,3.4845278681909617,1.0651423942031852,1.4448576057968154,1.4448576057968154
Pt,2.5125,0.00014966160664454698,0.00024253052030717093,0.001,3.491833606652183,1.0670896229090665,1.445410377090934,1.445410377090934
Pt,2.515,0.0001501875679651403,0.00024350961007180025,0.001,3.499153017011174,1.0690374736200932,1.4459625263799072,1.4459625263799072
Pt,2.5175,0.0001507150617121036,0.0002444919904031385,0.001,3.5064861155384492,1.0709859446300527,1.4465140553699474,1.4465140553699474
Pt,2.52,0.00015124410599753543,0.00024547766976732913,0.001,3.513832918448728,1.072935034236845,1.447064965763155,1.447064965763155
Pt,2.5225,0.00015177467490796066,0.0002464666566268082,0.001,3.5211934419001185,1.0748847407424773,1.4476152592575224,1.4476152592575224
Pt,2.525,0.00015230681778925827,0.000247458959439985,0.001,3.5285677019932917,1.0768350624530572,1.4481649375469428,1.4481649375469428
Pt,2.5275,0.00015284048724455726,0.0002484545866609176,0.001,3.5359557147706626,1.0787859976787884,1.4487140023212115,1.4487140023212115
Pt,2.5300000000000002,0.00015337573341230815,0.0002494536419904869,0.001,3.5433578891239517,1.080737562118588,1.4492624378814125,1.4492624378814125
Pt,2.5325,0.000153912525099012,0.0002504560602305946,0.001,3.5507739359135964,1.0826897404310505,1.4498102595689497,1.4498102595689497
Pt,2.535,0.00015445088303345792,0.00025146183147095087,0.001,3.5582037951437147,1.0846425275624163,1.4503574724375838,1.4503574724375838
Pt,2.5375,0.0001549908127319235,0.0002524709641823347,0.001,3.5656474827126723,1.0865959218378496,1.4509040781621505,1.4509040781621505
Pt,2.54,0.00015553229691396577,0.0002534834668298403,0.001,3.573105014456997,1.0885499215865855,1.4514500784134141,1.4514500784134141
Pt,2.5425,0.00015607538046291422,0.0002544993478725349,0.001,3.5805764061505365,1.090504525141925,1.4519954748580752,1.4519954748580752
Pt,2.545,0.0001566200184910276,0.00025551861576310846,0.001,3.5880616735035744,1.092459730841227,1.452540269158773,1.452540269158773
Pt,2.5475,0.00015716625870577708,0.0002565412789475238,0.001,3.5955608321619734,1.0944155370259054,1.4530844629740944,1.4530844629740944
Pt,2.5500000000000003,0.00015771407454310844,0.0002575674769289538,0.001,3.603074432385817,1.0963719649643888,1.4536280350356112,1.4536280350356112
Pt,2.5525,0.00015826347796816536,0.00025859709438022635,0.001,3.610601983191037,1.098328991093577,1.4541710089064233,1.4541710089064233
Pt,2.555,0.0001588144876029386,0.00025963013595036984,0.001,3.6181434845432876,1.1002866130947522,1.454713386905248,1.454713386905248
Pt,2.5575,0.00015936707188540062,0.00026066661009482796,0.001,3.625698951924177,1.1022448293241403,1.4552551706758599,1.4552551706758599
Pt,2.56,0.00015992128833005752,0.0002617065252608606,0.001,3.6332684007471086,1.1042036381419946,1.4557963618580054,1.4557963618580054
Pt,2.5625,0.00016047709060137752,0.00026274988988717057,0.001,3.6408518463563975,1.1061630379125902,1.4563369620874098,1.4563369620874098
Pt,2.565,0.00016103450747718642,0.00026379671240352615,0.001,3.648449304026353,1.1081230270042182,1.456876972995782,1.456876972995782
Pt,2.5675,0.00016159354387519713,0.00026484714865678303,0.001,3.6560613846404837,1.1100836286366782,1.457416371363322,1.457416371363322
Pt,2.57,0.00016215417588988376,0.00026590107026716494,0.001,3.6636875488015455,1.1120448178385491,1.4579551821614507,1.4579551821614507
Pt,2.5725000000000002,0.00016271646261074561,0.00026695847877858923,0.001,3.6713277837587497,1.1140065918194426,1.4584934081805574,1.4584934081805574
Pt,2.575,0.00016328035258666244,0.00026801938262354774,0.001,3.678982104603835,1.1159689489623277,1.4590310510376723,1.4590310510376723
Pt,2.5775,0.00016384587780435617,0.00026908379022402916,0.001,3.686650526354587,1.117931887654163,1.4595681123458368,1.4595681123458368
Pt,2.58,0.00016441304261898156,0.00027015170999111895,0.001,3.694333063953912,1.119895406285891,1.460104593714109,1.460104593714109
Pt,2.5825,0.00016498182305072935,0.0002712232450883105,0.001,3.7020301120631207,1.121859518730461,1.4606404812695388,1.4606404812695388
Pt,2.585,0.0001655522765435676,0.00027229838966578827,0.001,3.709741626810365,1.1238242208099227,1.4611757791900772,1.4611757791900772
Pt,2.5875,0.00016612435647199518,0.00027337707557135397,0.001,3.7174673156778875,1.12578949834743,1.4617105016525702,1.4617105016525702
Pt,2.59,0.0001666980855987801,0.0002744593112127662,0.001,3.7252071934099678,1.1277553497484867,1.4622446502515134,1.4622446502515134
Pt,2.5925000000000002,0.00016727348146107596,0.0002755451049852122,0.001,3.7329612746719087,1.1297217734225535,1.4627782265774467,1.4627782265774467
Pt,2.595,0.0001678505137432141,0.00027663446527088225,0.001,3.7407295740490474,1.1316887677830398,1.4633112322169604,1.4633112322169604
Pt,2.5975,0.0001684292294058237,0.00027772751730750783,0.001,3.74851257063807,1.1336563497448051,1.463843650255195,1.463843650255195
Pt,2.6,0.0001690096025135537,0.0002788242293510824,0.001,3.7563101176298637,1.1356245111019048,1.4643754888980953,1.4643754888980953
Pt,2.6025,0.00016959163178489948,0.00027992453719946023,0.001,3.7641219404858957,1.1375932387232763,1.4649067612767237,1.4649067612767237
Pt,2.605,0.00017017536230506288,0.00028102844922504226,0.001,3.771948053576196,1.139562531036774,1.4654374689632261,1.4654374689632261
Pt,2.6075,0.0001707607502609386,0.00028213597378545996,0.001,3.779788471186581,1.1415323864741729,1.4659676135258273,1.4659676135258273
Pt,2.61,0.00017134782474494028,0.0002832471299376066,0.001,3.7876432498284474,1.143502805123848,1.466497194876152,1.466497194876152
Pt,2.6125000000000003,0.00017193659523895668,0.00028436211332865936,0.001,3.7955131420505426,1.1454738141256116,1.4670261858743887,1.4670261858743887
Pt,2.615,0.00017252703586652035,0.0002854807386543555,0.001,3.8033973961018224,1.1474453818779247,1.4675546181220758,1.4675546181220758
Pt,2.6175,0.0001731191913188536,0.0002866030142570513,0.001,3.811296026038802,1.149417506826907,1.4680824931730931,1.4680824931730931
Pt,2.62,0.00017371303975297043,0.0002877289484624707,0.001,3.819209045829398,1.151390187422572,1.4686098125774278,1.4686098125774278
Pt,2.6225,0.00017430857109696076,0.0002888585495792344,0.001,3.8271364693518906,1.15336342211882,1.4691365778811798,1.4691365778811798
Pt,2.625,0.00017490584343375195,0.00028999200521049153,0.001,3.8350790127418644,1.1553372361726615,1.4696627638273387,1.4696627638273387
Pt,2.6275,0.00017550480799554823,0.0002911291942765781,0.001,3.843036180664169,1.1573116083634771,1.4701883916365228,1.4701883916365228
Pt,2.63,0.00017610547892038541,0.00029227007974334503,0.001,3.85100780899201,1.1592865303403537,1.4707134696596462,1.4707134696596462
Pt,2.6325,0.00017670789361929294,0.0002934146698968713,0.001,3.858993911356452,1.1612620005714123,1.4712379994285876,1.4712379994285876
Pt,2.6350000000000002,0.00017731201271801382,0.0002945629730041546,0.001,3.86699450129436,1.1632380175286332,1.4717619824713668,1.4717619824713668
Pt,2.6375,0.00017791786012603532,0.0002957151906097932,0.001,3.875010344341432,1.165214607839592,1.4722853921604084,1.4722853921604084
Pt,2.64,0.00017852545500753007,0.0002968711905534821,0.001,3.8830409050797727,1.1671917491707642,1.472808250829236,1.472808250829236
Pt,2.6425,0.0001791347672744051,0.00029803093301398933,0.001,3.8910860095306794,1.1691694329616464,1.4733305670383539,1.4733305670383539
Pt,2.645,0.00017974582749432302,0.0002991944262296034,0.001,3.8991456709687844,1.1711476576983366,1.4738523423016636,1.4738523423016636
Pt,2.6475,0.00018035864133269253,0.00030036168426361384,0.001,3.9072199251987305,1.1731264227052154,1.4743735772947846,1.4743735772947846
Pt,2.65,0.00018097318562123658,0.0003015329625828857,0.001,3.915309740898386,1.1751057615533231,1.4748942384466766,1.4748942384466766
Pt,2.6525,0.00018158949513899427,0.00030270802128965705,0.001,3.923414169320334,1.1770856371183123,1.4754143628816874,1.4754143628816874
Pt,2.6550000000000002,0.00018220756693089504,0.00030388686858865137,0.001,3.9315332234651783,1.1790660479003199,1.4759339520996804,1.4759339520996804
Pt,2.6575,0.0001828273823171897,0.0003050695126617983,0.001,3.9396669162309204,1.1810469924032874,1.4764530075967128,1.4764530075967128
Pt,2.66,0.00018344897777504621,0.0003062560816142408,0.001,3.9478157216037193,1.18302848581728,1.4769715141827202,1.4769715141827202
Pt,2.6625,0.00018407234673977152,0.00030744662113410363,0.001,3.955979794399183,1.1850105315589217,1.4774894684410784,1.4774894684410784
Pt,2.665,0.0001846974725227282,0.0003086409871042208,0.001,3.964158560936436,1.186993106840067,1.478006893159933,1.478006893159933
Pt,2.6675,0.0001853243907183077,0.00030983918766620426,0.001,3.9723520338235643,1.188976210178591,1.478523789821409,1.478523789821409
Pt,2.67,0.00018595309629803664,0.0003110412374067571,0.001,3.9805602503097672,1.1909598409780289,1.4790401590219708,1.4790401590219708
Pt,2.6725,0.0001865835719996412,0.0003122474228904742,0.001,3.988784286273639,1.1929440354861092,1.4795559645138907,1.4795559645138907
Pt,2.6750000000000003,0.00018721584988494274,0.00031345747268788634,0.001,3.9970230832416616,1.1949287539071645,1.480071246092836,1.480071246092836
Pt,2.6775,0.00018784993174496904,0.00031467139489496426,0.001,4.005276653519497,1.1969139947729193,1.480586005227081,1.480586005227081
Pt,2.68,0.00018848579711050568,0.00031588919758084835,0.001,4.013545009301372,1.1988997566188526,1.4811002433811473,1.4811002433811473
Pt,2.6825,0.000189123471790875,0.0003171111207097159,0.001,4.021829043876349,1.2008860687840037,1.4816139312159962,1.4816139312159962
Pt,2.685,0.0001897629698198169,0.00031833702001257447,0.001,4.030128187536327,1.2028729091716548,1.4821270908283453,1.4821270908283453
Pt,2.6875,0.00019040426481807264,0.00031956682952658536,0.001,4.038442170655938,1.204860266441936,1.4826397335580643,1.4826397335580643
Pt,2.69,0.0001910473735511357,0.00032080055726786536,0.001,4.046771005110191,1.2068481391440686,1.4831518608559315,1.4831518608559315
Pt,2.6925,0.00019169232786112438,0.00032203841241833426,0.001,4.055115463148253,1.208836552014548,1.4836634479854518,1.4836634479854518
Pt,2.695,0.00019233909268457318,0.0003232803273780679,0.001,4.06347526785091,1.2108254933803524,1.4841745066196474,1.4841745066196474
Pt,2.6975000000000002,0.00019298767287912887,0.00032452619031701627,0.001,4.07184997731076,1.2128149461170283,1.4846850538829717,1.4846850538829717
Pt,2.7,0.00019363812380597696,0.0003257760091924504,0.001,4.080239603070391,1.2148049087874564,1.4851950912125438,1.4851950912125438
Pt,2.7025,0.0001942903988709423,0.0003270299993787781,0.001,4.088644936609091,1.216795406413789,1.4857045935862112,1.4857045935862112
Pt,2.705,0.00019494450262385498,0.0003282880965690522,0.001,4.097065714657805,1.2187864279531193,1.4862135720468808,1.4862135720468808
Pt,2.7075,0.00019560047618916217,0.0003295501794553358,0.001,4.105501461865804,1.2207779554015747,1.4867220445984253,1.4867220445984253
Pt,2.71,0.0001962583021359593,0.00033081625593000283,0.001,4.1139521894297095,1.2227699873356104,1.4872300126643898,1.4872300126643898
Pt,2.7125,0.00019691797050434224,0.00033208658634217603,0.001,4.1224188529158265,1.224762553888125,1.487737446111875,1.487737446111875
Pt,2.715,0.0001975795041422488,0.00033336103270543895,0.001,4.130900914426135,1.2267556349791047,1.4882443650208952,1.4882443650208952
Pt,2.7175000000000002,0.00019824292183530357,0.000334639502411639,0.001,4.139398008558053,1.2287492165671747,1.4887507834328257,1.4887507834328257
Pt,2.72,0.00019890819576449828,0.00033592200328196243,0.001,4.1479101461483445,1.2307432972422778,1.4892567027577222,1.4892567027577222
Pt,2.7225,0.00019957533054613616,0.00033720888129316765,0.001,4.156438596408907,1.232737917010524,1.4897620829894762,1.4897620829894762
Pt,2.725,0.0002002443779205236,0.0003384998440847004,0.001,4.164982249164307,1.2347330372129557,1.4902669627870442,1.4902669627870442
Pt,2.7275,0.00020091529858023055,0.0003397948677768445,0.001,4.173540997018409,1.2367286525498493,1.4907713474501507,1.4907713474501507
Pt,2.73,0.00020158809401650993,0.0003410940392080455,0.001,4.182115143675054,1.2387247711703009,1.491275228829699,1.491275228829699
Pt,2.7325,0.00020226279093791717,0.0003423975952865384,0.001,4.190705546645948,1.2407214190167062,1.4917785809832937,1.4917785809832937
Pt,2.735,0.0002029393997222647,0.0003437052420159199,0.001,4.199311095949851,1.2427185580709905,1.4922814419290091,1.4922814419290091
Pt,2.7375000000000003,0.00020361789728860598,0.0003450169870941428,0.001,4.207931801797741,1.2447161869462096,1.4927838130537907,1.4927838130537907
Pt,2.74,0.00020429828832020305,0.00034633307196337313,0.001,4.2165685364964,1.2467143319051437,1.4932856680948565,1.4932856680948565
Pt,2.7425,0.0002049806205549118,0.000347653442275376,0.001,4.22522107792257,1.2487129838012987,1.4937870161987015,1.4937870161987015
Pt,2.745,0.00020566486195134495,0.0003489779406452793,0.001,4.233888826446388,1.2507121216273447,1.4942878783726552,1.4942878783726552
Pt,2.7475,0.0002063510109285888,0.00035030659165022533,0.001,4.242571854229641,1.2527117459872095,1.4947882540127904,1.4947882540127904
Pt,2.75,0.00020703908303474177,0.00035163978640799775,0.001,4.251271577901754,1.254711899918302,1.4952881000816982,1.4952881000816982
Pt,2.7525,0.00020772911018592338,0.00035297713893044666,0.001,4.25998655878009,1.2567125359139586,1.4957874640860416,1.4957874640860416
Pt,2.755,0.00020842105911510816,0.00035431865677267444,0.001,4.268716806407329,1.2587136526100895,1.4962863473899104,1.4962863473899104
Pt,2.7575,0.00020911493457298857,0.0003556645938216615,0.001,4.277463230760201,1.2607152767807133,1.4967847232192866,1.4967847232192866
Pt,2.7600000000000002,0.00020981076476436747,0.00035701490165584125,0.001,4.286225633070432,1.2627174002329409,1.4972825997670594,1.4972825997670594
Pt,2.7625,0.00021050855587652755,0.00035836940445049093,0.001,4.29500335149977,1.2647200005554724,1.4977799994445278,1.4977799994445278
Pt,2.765,0.00021120828782522947,0.0003597281854568032,0.001,4.303796671199003,1.266723084927679,1.4982769150723212,1.4982769150723212
Pt,2.7675,0.00021190996540005038,0.0003610915500468862,0.001,4.312606683380306,1.2687266851913195,1.4987733148086806,1.4987733148086806
Pt,2.77,0.00021261362479886104,0.0003624591392185487,0.001,4.321432060565034,1.2707307585205343,1.4992692414794657,1.4992692414794657
Pt,2.7725,0.00021331925577607096,0.0003638309603631149,0.001,4.330272811583246,1.2727353035738296,1.4997646964261704,1.4997646964261704
Pt,2.775,0.00021402684679819865,0.0003652074068241682,0.001,4.339130343482265,1.2747403615755017,1.5002596384244982,1.5002596384244982
Pt,2.7775,0.00021473640269386053,0.00036658818406129756,0.001,4.34800356668258,1.2767458973591514,1.5007541026408482,1.5007541026408482
Pt,2.7800000000000002,0.00021544796282385156,0.0003679732227996746,0.001,4.356892211802063,1.278751901096922,1.501248098903078,1.501248098903078
Pt,2.7825,0.0002161615101378477,0.00036936279617828246,0.001,4.365797246775084,1.2807584003505148,1.5017415996494854,1.5017415996494854
Pt,2.785,0.00021687703685541616,0.00037075686341866667,0.001,4.374718502519372,1.2827653881035215,1.5022346118964789,1.5022346118964789
Pt,2.7875,0.0002175945478443656,0.0003721552216504633,0.001,4.383655227739966,1.2847728400658494,1.5027271599341507,1.5027271599341507
Pt,2.79,0.0002183140806277939,0.0003735580437435596,0.001,4.392608026198644,1.2867807726592382,1.5032192273407616,1.5032192273407616
Pt,2.7925,0.00021903562131887698,0.0003749655031592754,0.001,4.401577500243992,1.2887892019633946,1.5037107980366053,1.5037107980366053
Pt,2.795,0.00021975916092289158,0.00037637728301052827,0.001,4.410562490776252,1.2907980917571173,1.5042019082428826,1.5042019082428826
Pt,2.7975,0.00022048470434698778,0.0003777934765706437,0.001,4.419563314147025,1.292807449821641,1.5046925501783586,1.5046925501783586
Pt,2.8000000000000003,0.00022121228210142635,0.0003792144305524935,0.001,4.428581191438996,1.2948173103253107,1.5051826896746896,1.5051826896746896
Pt,2.8025,0.0002219418937792782,0.0003806397343598634,0.001,4.437614631663628,1.2968276276237167,1.5056723723762833,1.5056723723762833
Pt,2.805,0.00022267352403053446,0.00038206942309789354,0.001,4.446663742379834,1.2988384033340081,1.506161596665992,1.506161596665992
Pt,2.8075,0.0002234071778018331,0.0003835039742392989,0.001,4.455730207011432,1.3008496847518214,1.5066503152481787,1.5066503152481787
Pt,2.81,0.00022414287323680986,0.00038494290453372634,0.001,4.464812280437942,1.3028614192943502,1.50713858070565,1.50713858070565
Pt,2.8125,0.00022488063408122514,0.0003863862209483211,0.001,4.47390996976078,1.3048736056703094,1.5076263943296904,1.5076263943296904
Pt,2.815,0.00022562043331102367,0.00038783446420192374,0.001,4.483025177101557,1.30688629698072,1.5081137030192802,1.5081137030192802
Pt,2.8175,0.00022636227591247356,0.0003892871236917264,0.001,4.4921560663260935,1.3088994385726573,1.5086005614273426,1.5086005614273426
Pt,2.82,0.00022710616688208116,0.0003907441984704673,0.001,4.501302616366592,1.3109130283618922,1.5090869716381077,1.5090869716381077
Pt,2.8225000000000002,0.00022785215088747476,0.0003922062317322375,0.001,4.51046673098965,1.3129271189242615,1.5095728810757387,1.5095728810757387
Pt,2.825,0.0002286001979982466,0.0003936727232856419,0.001,4.519646617652076,1.3149416574364365,1.5100583425635634,1.5100583425635634
Pt,2.8275,0.00022935030848429832,0.0003951436592125079,0.001,4.528842209419582,1.3169566405343007,1.5105433594656992,1.5105433594656992
Pt,2.83,0.00023010248738195,0.00039661960939885047,0.001,4.538055497000936,1.3189721226683842,1.511027877331616,1.511027877331616
Pt,2.8325,0.00023085675495945242,0.0003981000360259368,0.001,4.547284561741037,1.320988048036864,1.5115119519631357,1.5115119519631357
Pt,2.835,0.0002316131294252952,0.00039958496184143595,0.001,4.556529466019475,1.3230044169364776,1.5119955830635226,1.5119955830635226
Pt,2.8375,0.0002323715874224177,0.000401074931012897,0.001,4.565792102408584,1.3250212804719261,1.512478719528074,1.512478719528074
Pt,2.84,0.000233132134027089,0.0004025693958469468,0.001,4.575070524821477,1.3270385826977102,1.5129614173022896,1.5129614173022896
Pt,2.8425000000000002,0.00023389477432591793,0.0004040684498579224,0.001,4.5843650434207,1.3290563307596996,1.5134436692403008,1.5134436692403008
Pt,2.845,0.00023465954102200762,0.00040557253159246453,0.001,4.59367717333473,1.3310745647658413,1.5139254352341591,1.5139254352341591
Pt,2.8475,0.0002354264267291115,0.00040708113787069706,0.001,4.603005131925405,1.3330932339145554,1.5144067660854448,1.5144067660854448
Pt,2.85,0.000236195421392549,0.0004085944495888144,0.001,4.612349533139252,1.3351123535697265,1.5148876464302736,1.5148876464302736
Pt,2.8525,0.00023696653013905166,0.0004101127473256361,0.001,4.621711334649487,1.3371319481524122,1.515368051847588,1.515368051847588
Pt,2.855,0.0002377397581057466,0.00041163559836931605,0.001,4.631089006786483,1.3391519743539997,1.5158480256460003,1.5158480256460003
Pt,2.8575,0.00023851514250080525,0.0004131632982801005,0.001,4.640483559852716,1.3411724580752504,1.5163275419247495,1.5163275419247495
Pt,2.86,0.0002392926661478334,0.00041469591553211125,0.001,4.649895209867934,1.343193403404461,1.5168065965955388,1.5168065965955388
Pt,2.8625000000000003,0.00024007232442010694,0.00041623311472601543,0.001,4.659322771736144,1.345214776852878,1.5172852231471223,1.5172852231471223
Pt,2.865,0.00024085412249504406,0.0004177753342904484,0.001,4.66876774682624,1.3472366171550212,1.517763382844979,1.517763382844979
Pt,2.8675,0.00024163806556051277,0.0004193223746233686,0.001,4.678229421045031,1.3492589034645612,1.5182410965354391,1.5182410965354391
Pt,2.87,0.00024242418705329512,0.00042087402539459225,0.001,4.687707047597629,1.351281614417464,1.5187183855825364,1.5187183855825364
Pt,2.8725,0.00024321247650300586,0.00042243089705053943,0.001,4.697202715806278,1.3533048038570528,1.5191951961429475,1.5191951961429475
Pt,2.875,0.00024400292649153085,0.0004239924640613284,0.001,4.706714588668405,1.3553284214442398,1.51967157855576,1.51967157855576
Pt,2.8775,0.0002447955422471927,0.00042555879073839813,0.001,4.7162428697433185,1.3573524711398746,1.5201475288601256,1.5201475288601256
Pt,2.88,0.00024559032900881673,0.00042713032702088207,0.001,4.725789086912123,1.3593769913978324,1.5206230086021673,1.5206230086021673
Pt,2.8825,0.0002463873078085007,0.0004287065243154906,0.001,4.735351331549029,1.3614019306231901,1.5210980693768097,1.5210980693768097
Pt,2.8850000000000002,0.00024718649208987285,0.00043028772363833877,0.001,4.744930756350046,1.3634273174282243,1.521572682571776,1.521572682571776
Pt,2.8875,0.00024798786306904236,0.0004318739656480781,0.001,4.754527478525362,1.3654531531615262,1.5220468468384745,1.5220468468384745
Pt,2.89,0.0002487914260254457,0.00043346489681849257,0.001,4.764140266709684,1.3674794044484715,1.5225205955515284,1.5225205955515284
Pt,2.8925,0.0002495971862490755,0.00043506110385004763,0.001,4.7737711088075265,1.3695061210279478,1.522993878972052,1.522993878972052
Pt,2.895,0.00025040514904049234,0.0004366621553194823,0.001,4.783418507177039,1.371533262699177,1.523466737300823,1.523466737300823
Pt,2.8975,0.00025121535267689474,0.0004382680493789209,0.001,4.793082436993165,1.3735608274376505,1.5239391725623495,1.5239391725623495
Pt,2.9,0.00025202777508989514,0.00043987927470479744,0.001,4.8027645431204755,1.3755888555937796,1.52441114440622,1.52441114440622
Pt,2.9025,0.00025284241593655595,0.000441495239316243,0.001,4.81246278743267,1.377617293727916,1.524882706272084,1.524882706272084
Pt,2.9050000000000002,0.0002536592805582378,0.00044311636605517556,0.001,4.822178589387982,1.3796461763874588,1.5253538236125415,1.5253538236125415
Pt,2.9075,0.0002544783743069205,0.00044474258040383077,0.001,4.831911673263668,1.3816754949460484,1.5258245050539516,1.5258245050539516
Pt,2.91,0.00025529970350366245,0.00044637356176465326,0.001,4.841660931774884,1.383705220130156,1.526294779869844,1.526294779869844
Pt,2.9125,0.0002561233089640162,0.0004480100588816103,0.001,4.851428881843072,1.3857354134830941,1.526764586516906,1.526764586516906
Pt,2.915,0.00025694915956144313,0.0004496513659687609,0.001,4.8612131110633054,1.387766013069879,1.527233986930121,1.527233986930121
Pt,2.9175,0.0002577772606888661,0.00045129778690656023,0.001,4.871014628520209,1.389797042658676,1.5277029573413237,1.5277029573413237
Pt,2.92,0.0002586076177498763,0.0004529494737630001,0.001,4.880833925491639,1.3918285128120946,1.5281714871879053,1.5281714871879053
Pt,2.9225,0.00025944023615874604,0.00045460597719023635,0.001,4.89066946607604,1.3938603841143924,1.5286396158856073,1.5286396158856073
Pt,2.9250000000000003,0.00026027512134044076,0.0004562679979146578,0.001,4.900523590609207,1.395892712715935,1.5291072872840652,1.5291072872840652
Pt,2.9275,0.0002611123099508792,0.00045793495734684065,0.001,4.910394329129469,1.397925448625504,1.5295745513744963,1.5295745513744963
Pt,2.93,0.0002619517808645347,0.0004596070516461978,0.001,4.92028232221899,1.3999586061649918,1.5300413938350081,1.5300413938350081
Pt,2.9325,0.00026279353476633006,0.0004612845214272504,0.001,4.930188355372761,1.401992202884587,1.530507797115413,1.530507797115413
Pt,2.935,0.0002636375771223809,0.00046296685696920733,0.001,4.940110699090194,1.4040261953370696,1.5309738046629306,1.5309738046629306
Pt,2.9375,0.00026448391340954465,0.0004646547832557395,0.001,4.950051760776889,1.406060640314448,1.5314393596855522,1.5314393596855522
Pt,2.94,0.00026533254911543033,0.0004663477055963172,0.001,4.96000952827577,1.4080954876795122,1.5319045123204877,1.5319045123204877
Pt,2.9425,0.00026618350077348536,0.00046804585710831883,0.001,4.969984761549031,1.410130754362172,1.532369245637828,1.532369245637828
Pt,2.945,0.0002670367862187274,0.00046974942087577053,0.001,4.979978049139911,1.4121664528810702,1.5328335471189298,1.5328335471189298
Pt,2.9475000000000002,0.00026789238747330305,0.00047145789917745027,0.001,4.989987712122333,1.414202541777003,1.5332974582229975,1.5332974582229975
Pt,2.95,0.0002687503100661338,0.0004731721176761008,0.001,5.0000164780246195,1.4162390844277462,1.533760915572254,1.533760915572254
Pt,2.9525,0.0002696105595369392,0.00047489131403427,0.001,5.010061789131995,1.4182760186414909,1.5342239813585095,1.5342239813585095
Pt,2.955,0.00027047314143625005,0.00047661591131369253,0.001,5.020125031489925,1.4203133758296413,1.5346866241703587,1.5346866241703587
Pt,2.9575,0.0002713380613254175,0.0004783458806232846,0.001,5.030206086601785,1.4223511516406424,1.5351488483593578,1.5351488483593578
Pt,2.96,0.0002722053347061612,0.00048008091755167095,0.001,5.040303926307425,1.4243893206208877,1.5356106793791124,1.5356106793791124
Pt,2.9625,0.0002730749799805101,0.0004818217148432886,0.001,5.050420821192196,1.4264279343231807,1.5360720656768192,1.5360720656768192
Pt,2.965,0.00027394697984157464,0.00048356749671798853,0.001,5.060554185143552,1.428466931037158,1.5365330689628418,1.5365330689628418
Pt,2.9675000000000002,0.00027482133989220283,0.00048531893303657963,0.001,5.070706209762921,1.4305063602617465,1.536993639738254,1.536993639738254
Pt,2.97,0.00027569806574610713,0.00048707561977900536,0.001,5.08087553995917,1.4325461891152185,1.5374538108847815,1.5374538108847815
Pt,2.9725,0.00027657716302787724,0.0004888376519876763,0.001,5.091062469366079,1.4345864230528271,1.537913576947173,1.537913576947173
Pt,2.975,0.0002774586373729903,0.0004906052988699445,0.001,5.101267861082778,1.4366270803776038,1.5383729196223965,1.5383729196223965
Pt,2.9775,0.00027834249442782095,0.0004923779889219775,0.001,5.111489817239409,1.4386681163166914,1.5388318836833086,1.5388318836833086
Pt,2.98,0.0002792287615760986,0.0004941566513432067,0.001,5.121731365618549,1.4407095984590137,1.5392904015409863,1.5392904015409863
Pt,2.9825,0.0002801174316964426,0.0004959403675767937,0.001,5.1319894725818465,1.4427514563607864,1.5397485436392135,1.5397485436392135
Pt,2.985,0.00028100850136082006,0.0004977297949884041,0.001,5.142266270843259,1.4447937370178154,1.5402062629821842,1.5402062629821842
Pt,2.9875000000000003,0.00028190197625730404,0.0004995246038333653,0.001,5.152560659225068,1.4468364140686163,1.540663585931384,1.540663585931384
Pt,2.99,0.0002827978620849075,0.0005013248480308375,0.001,5.162872794199189,1.448879489735974,1.5411205102640262,1.5411205102640262
Pt,2.9925,0.00028369616455359433,0.0005031308051005722,0.001,5.173203558584016,1.450922982319398,1.541577017680602,1.541577017680602
Pt,2.995,0.00028459688938428955,0.0005049419291299006,0.001,5.183551153286898,1.4529668503189817,1.5420331496810187,1.5420331496810187
Pt,2.9975,0.0002855000423088899,0.0005067590901553874,0.001,5.193918388102192,1.455011154832898,1.542488845167102,1.542488845167102
Pt,3.0,0.00028640563945923594,0.0005085813732646265,0.001,5.204302266594566,1.4570558279658166,1.5429441720341834,1.5429441720341834
